Build started 22/2/2026 10:44:57.
Logging verbosity is set to: Detailed.     0>Process = "C:\Program Files\dotnet\dotnet.exe"
       MSBuild executable path = "C:\Program Files\dotnet\sdk\10.0.103\MSBuild.dll"
       Command line arguments = "C:\Program Files\dotnet\sdk\10.0.103\MSBuild.dll -maxcpucount --verbosity:m -tlp:default=auto --property:NuGetInteractive=true --restoreProperty:NuGetInteractive=true --restoreProperty:EnableDefaultCompileItems=false --restoreProperty:EnableDefaultEmbeddedResourceItems=false --restoreProperty:EnableDefaultNoneItems=false /flp:logfile=errors.log -consoleloggerparameters:Summary -restore -distributedlogger:Microsoft.DotNet.Cli.Commands.MSBuild.MSBuildLogger,C:\Program Files\dotnet\sdk\10.0.103\dotnet.dll*Microsoft.DotNet.Cli.Commands.MSBuild.MSBuildForwardingLogger,C:\Program Files\dotnet\sdk\10.0.103\dotnet.dll -nologo"
       Current directory = "C:\Users\Damien Mazeas\Desktop\portfolio\Orange\RobotControllerApp"
       MSBuild version = "18.0.11+c2435c3e0"
       Based on the Windows registry key LongPathsEnabled, the LongPaths feature is enabled.
       Based on the Windows registry key VerifiedAndReputablePolicyState, SAC state = 0: turned off.
       C:\Users\Damien Mazeas\Desktop\portfolio\Orange\RobotControllerApp\RobotControllerApp.slnx.metaproj : message : Property 'MSBuildExtensionsPath' with value 'C:\Program Files\dotnet\sdk\10.0.103\' expanded from the environment.
       Assembly loaded during Evaluation: System.Threading.Tasks.Parallel, Version=10.0.0.0, Culture=neutral, PublicKeyToken=b03f5f7f11d50a3a (location: C:\Program Files\dotnet\shared\Microsoft.NETCore.App\10.0.3\System.Threading.Tasks.Parallel.dll, MVID: 484bafc2-9f0e-4e62-8af6-e65d5cd71f84, AssemblyLoadContext: Default)
       The "NuGetInteractive" property is a global property, and cannot be modified.
       C:\Program Files\dotnet\sdk\10.0.103\NuGet.targets(123,5): message : Property reassignment: $(_GenerateRestoreGraphProjectEntryInputProperties)="
       C:\Program Files\dotnet\sdk\10.0.103\NuGet.targets(123,5): message :       ExcludeRestorePackageImports=true;
       C:\Program Files\dotnet\sdk\10.0.103\NuGet.targets(123,5): message :       _RestoreSolutionFileUsed=true;
       C:\Program Files\dotnet\sdk\10.0.103\NuGet.targets(123,5): message :       SolutionDir=C:\Users\Damien Mazeas\Desktop\portfolio\Orange\RobotControllerApp\;
       C:\Program Files\dotnet\sdk\10.0.103\NuGet.targets(123,5): message :       SolutionName=RobotControllerApp;
       C:\Program Files\dotnet\sdk\10.0.103\NuGet.targets(123,5): message :       SolutionFileName=RobotControllerApp.slnx;
       C:\Program Files\dotnet\sdk\10.0.103\NuGet.targets(123,5): message :       SolutionPath=C:\Users\Damien Mazeas\Desktop\portfolio\Orange\RobotControllerApp\RobotControllerApp.slnx;
       C:\Program Files\dotnet\sdk\10.0.103\NuGet.targets(123,5): message :       SolutionExt=.slnx;
       C:\Program Files\dotnet\sdk\10.0.103\NuGet.targets(123,5): message :     " (previous value: "ExcludeRestorePackageImports=true") at C:\Program Files\dotnet\sdk\10.0.103\NuGet.targets (123,5)
       Assembly loaded during Evaluation: System.Numerics.Vectors, Version=10.0.0.0, Culture=neutral, PublicKeyToken=b03f5f7f11d50a3a (location: C:\Program Files\dotnet\shared\Microsoft.NETCore.App\10.0.3\System.Numerics.Vectors.dll, MVID: 3d158169-bc2f-4392-9d0b-516beb58158f, AssemblyLoadContext: Default)
       Overriding target "Restore" in project "C:\Users\Damien Mazeas\Desktop\portfolio\Orange\RobotControllerApp\RobotControllerApp.slnx.metaproj" with target "Restore" from project "C:\Program Files\dotnet\sdk\10.0.103\NuGet.targets".
       The target "_MTPBuild" listed in a BeforeTargets attribute at "C:\Program Files\dotnet\sdk\10.0.103\Current\SolutionFile\ImportAfter\Microsoft.NET.Sdk.Solution.targets (24,11)" does not exist in the project, and will be ignored.
       The target "Store" listed in a BeforeTargets attribute at "C:\Program Files\dotnet\sdk\10.0.103\Current\SolutionFile\ImportAfter\Microsoft.NET.Sdk.Solution.targets (33,11)" does not exist in the project, and will be ignored.
       The target "VSTest" listed in a BeforeTargets attribute at "C:\Program Files\dotnet\sdk\10.0.103\Current\SolutionFile\ImportAfter\Microsoft.NET.Sdk.Solution.targets (33,11)" does not exist in the project, and will be ignored.
       The target "_MTPBuild" listed in a BeforeTargets attribute at "C:\Program Files\dotnet\sdk\10.0.103\Current\SolutionFile\ImportAfter\Microsoft.NET.Sdk.Solution.targets (33,11)" does not exist in the project, and will be ignored.
       The target "_CheckForInvalidConfigurationAndPlatform" listed in a BeforeTargets attribute at "C:\Program Files\dotnet\sdk\10.0.103\NuGet.targets (703,11)" does not exist in the project, and will be ignored.
     1>Project "C:\Users\Damien Mazeas\Desktop\portfolio\Orange\RobotControllerApp\RobotControllerApp.slnx" on node 1 (Restore target(s)).
     1>Target "ValidateSolutionConfiguration" in file "C:\Users\Damien Mazeas\Desktop\portfolio\Orange\RobotControllerApp\RobotControllerApp.slnx.metaproj" from project "C:\Users\Damien Mazeas\Desktop\portfolio\Orange\RobotControllerApp\RobotControllerApp.slnx" (entry point):
     1>Using "Message" task from assembly "Microsoft.Build.Tasks.Core, Version=15.1.0.0, Culture=neutral, PublicKeyToken=b03f5f7f11d50a3a".
       Task "Message"
         Building solution configuration "Debug|ARM64".
       Done executing task "Message".
     1>Done building target "ValidateSolutionConfiguration" in project "RobotControllerApp.slnx".
     1>Target "ValidateToolsVersions" in file "C:\Users\Damien Mazeas\Desktop\portfolio\Orange\RobotControllerApp\RobotControllerApp.slnx.metaproj" from project "C:\Users\Damien Mazeas\Desktop\portfolio\Orange\RobotControllerApp\RobotControllerApp.slnx" (entry point):
     1>Done building target "ValidateToolsVersions" in project "RobotControllerApp.slnx".
     1>Target "ValidateProjects" in file "C:\Users\Damien Mazeas\Desktop\portfolio\Orange\RobotControllerApp\RobotControllerApp.slnx.metaproj" from project "C:\Users\Damien Mazeas\Desktop\portfolio\Orange\RobotControllerApp\RobotControllerApp.slnx" (entry point):
     1>Done building target "ValidateProjects" in project "RobotControllerApp.slnx".
     1>Target "_LoadRestoreGraphEntryPoints" in file "C:\Program Files\dotnet\sdk\10.0.103\NuGet.targets" from project "C:\Users\Damien Mazeas\Desktop\portfolio\Orange\RobotControllerApp\RobotControllerApp.slnx" (target "_FilterRestoreGraphProjectInputItems" depends on it):
       Assembly loaded during TaskRun: NuGet.Build.Tasks, Version=7.0.2.0, Culture=neutral, PublicKeyToken=31bf3856ad364e35 (location: C:\Program Files\dotnet\sdk\10.0.103\NuGet.Build.Tasks.dll, MVID: c55bf910-9abe-4187-805d-dad3881bc30c, AssemblyLoadContext: MSBuild plugin C:\Program Files\dotnet\sdk\10.0.103\NuGet.Build.Tasks.dll)
       Assembly loaded during TaskRun: NuGet.Common, Version=7.0.2.0, Culture=neutral, PublicKeyToken=31bf3856ad364e35 (location: C:\Program Files\dotnet\sdk\10.0.103\NuGet.Common.dll, MVID: 9a75e9a2-ebcf-4c20-863c-86b8d21a910c, AssemblyLoadContext: MSBuild plugin C:\Program Files\dotnet\sdk\10.0.103\NuGet.Build.Tasks.dll)
       Assembly loaded during TaskRun: NuGet.Commands, Version=7.0.2.0, Culture=neutral, PublicKeyToken=31bf3856ad364e35 (location: C:\Program Files\dotnet\sdk\10.0.103\NuGet.Commands.dll, MVID: 678affb3-c99b-4423-9cb9-5b8405af771f, AssemblyLoadContext: MSBuild plugin C:\Program Files\dotnet\sdk\10.0.103\NuGet.Build.Tasks.dll)
       Assembly loaded during TaskRun: NuGet.ProjectModel, Version=7.0.2.0, Culture=neutral, PublicKeyToken=31bf3856ad364e35 (location: C:\Program Files\dotnet\sdk\10.0.103\NuGet.ProjectModel.dll, MVID: 186e02d1-69bd-4fe8-b063-002229001751, AssemblyLoadContext: MSBuild plugin C:\Program Files\dotnet\sdk\10.0.103\NuGet.Build.Tasks.dll)
       Using "GetRestoreSolutionProjectsTask" task from assembly "C:\Program Files\dotnet\sdk\10.0.103\NuGet.Build.Tasks.dll".
       Task "GetRestoreSolutionProjectsTask"
       Done executing task "GetRestoreSolutionProjectsTask".
     1>Done building target "_LoadRestoreGraphEntryPoints" in project "RobotControllerApp.slnx".
     1>Target "_FilterRestoreGraphProjectInputItems" in file "C:\Program Files\dotnet\sdk\10.0.103\NuGet.targets" from project "C:\Users\Damien Mazeas\Desktop\portfolio\Orange\RobotControllerApp\RobotControllerApp.slnx" (target "_GenerateRestoreGraph" depends on it):
       Using "RemoveDuplicates" task from assembly "Microsoft.Build.Tasks.Core, Version=15.1.0.0, Culture=neutral, PublicKeyToken=b03f5f7f11d50a3a".
       Task "RemoveDuplicates"
       Done executing task "RemoveDuplicates".
       Using "MSBuild" task from assembly "Microsoft.Build.Tasks.Core, Version=15.1.0.0, Culture=neutral, PublicKeyToken=b03f5f7f11d50a3a".
       Task "MSBuild"
         Global Properties:
           ExcludeRestorePackageImports=true
           _RestoreSolutionFileUsed=true
           SolutionDir=C:\Users\Damien Mazeas\Desktop\portfolio\Orange\RobotControllerApp\
           SolutionName=RobotControllerApp
           SolutionFileName=RobotControllerApp.slnx
           SolutionPath=C:\Users\Damien Mazeas\Desktop\portfolio\Orange\RobotControllerApp\RobotControllerApp.slnx
           SolutionExt=.slnx
         Additional Properties for project "C:\Users\Damien Mazeas\Desktop\portfolio\Orange\RobotControllerApp\RobotControllerApp.csproj":
           Configuration=Debug
           Platform=ARM64
     0>The SDK "Microsoft.NET.Sdk" was successfully resolved by the "DefaultSdkResolver" resolver to location "C:\Program Files\dotnet\sdk\10.0.103\Sdks\Microsoft.NET.Sdk\Sdk" and version "".
       C:\Program Files\dotnet\sdk\10.0.103\Sdks\Microsoft.NET.Sdk\Sdk\Sdk.props(49,11): message : Property 'MSBuildExtensionsPath' with value 'C:\Program Files\dotnet\sdk\10.0.103\' expanded from the environment.
       C:\Program Files\dotnet\sdk\10.0.103\Current\Microsoft.Common.props(60,5): message : Property reassignment: $(MSBuildProjectExtensionsPath)="C:\Users\Damien Mazeas\Desktop\portfolio\Orange\RobotControllerApp\obj\" (previous value: "obj\") at C:\Program Files\dotnet\sdk\10.0.103\Current\Microsoft.Common.props (60,5)
       C:\Program Files\dotnet\sdk\10.0.103\Current\Microsoft.Common.props(84,119): message : Property 'MSBuildUserExtensionsPath' with value 'C:\Users\Damien Mazeas\AppData\Local\Microsoft\MSBuild' expanded from the environment.
       The "Configuration" property is a global property, and cannot be modified.
       The "Platform" property is a global property, and cannot be modified.
       The "Configuration" property is a global property, and cannot be modified.
       The "Platform" property is a global property, and cannot be modified.
       C:\Program Files\dotnet\sdk\10.0.103\Sdks\Microsoft.NET.Sdk\targets\Microsoft.NET.Sdk.props(90,5): message : Property reassignment: $(AssemblySearchPaths)="{CandidateAssemblyFiles};{HintPathFromItem}" (previous value: "{CandidateAssemblyFiles}") at C:\Program Files\dotnet\sdk\10.0.103\Sdks\Microsoft.NET.Sdk\targets\Microsoft.NET.Sdk.props (90,5)
       C:\Program Files\dotnet\sdk\10.0.103\Sdks\Microsoft.NET.Sdk\targets\Microsoft.NET.Sdk.props(91,5): message : Property reassignment: $(AssemblySearchPaths)="{CandidateAssemblyFiles};{HintPathFromItem};{TargetFrameworkDirectory}" (previous value: "{CandidateAssemblyFiles};{HintPathFromItem}") at C:\Program Files\dotnet\sdk\10.0.103\Sdks\Microsoft.NET.Sdk\targets\Microsoft.NET.Sdk.props (91,5)
       C:\Program Files\dotnet\sdk\10.0.103\Sdks\Microsoft.NET.Sdk\targets\Microsoft.NET.Sdk.props(92,5): message : Property reassignment: $(AssemblySearchPaths)="{CandidateAssemblyFiles};{HintPathFromItem};{TargetFrameworkDirectory};{RawFileName}" (previous value: "{CandidateAssemblyFiles};{HintPathFromItem};{TargetFrameworkDirectory}") at C:\Program Files\dotnet\sdk\10.0.103\Sdks\Microsoft.NET.Sdk\targets\Microsoft.NET.Sdk.props (92,5)
       The "DefaultSdkResolver" resolver attempted to resolve the SDK "Microsoft.NET.SDK.WorkloadAutoImportPropsLocator".
       Warnings: null
       Errors: MSB4276: The default SDK resolver failed to resolve SDK "Microsoft.NET.SDK.WorkloadAutoImportPropsLocator" because directory "C:\Program Files\dotnet\sdk\10.0.103\Sdks\Microsoft.NET.SDK.WorkloadAutoImportPropsLocator\Sdk" did not exist.
       Assembly loaded during Evaluation: Microsoft.Build.NuGetSdkResolver, Version=7.0.2.0, Culture=neutral, PublicKeyToken=31bf3856ad364e35 (location: C:\Program Files\dotnet\sdk\10.0.103\Microsoft.Build.NuGetSdkResolver.dll, MVID: db6aefef-493b-4de6-a593-ae519e8edd6f, AssemblyLoadContext: MSBuild plugin C:\Program Files\dotnet\sdk\10.0.103\Microsoft.Build.NuGetSdkResolver.dll)
       Assembly loaded during Evaluation: NuGet.Common, Version=7.0.2.0, Culture=neutral, PublicKeyToken=31bf3856ad364e35 (location: C:\Program Files\dotnet\sdk\10.0.103\NuGet.Common.dll, MVID: 9a75e9a2-ebcf-4c20-863c-86b8d21a910c, AssemblyLoadContext: MSBuild plugin C:\Program Files\dotnet\sdk\10.0.103\Microsoft.Build.NuGetSdkResolver.dll)
       Assembly loaded during Evaluation: Microsoft.NET.Sdk.WorkloadMSBuildSdkResolver, Version=10.0.103.0, Culture=neutral, PublicKeyToken=31bf3856ad364e35 (location: C:\Program Files\dotnet\sdk\10.0.103\Microsoft.NET.Sdk.WorkloadMSBuildSdkResolver.dll, MVID: 32d497b5-3f90-4858-91ed-bef3ae025be9, AssemblyLoadContext: MSBuild plugin C:\Program Files\dotnet\sdk\10.0.103\Microsoft.NET.Sdk.WorkloadMSBuildSdkResolver.dll)
       Assembly loaded during Evaluation: Microsoft.DotNet.Cli.Utils, Version=10.0.103.0, Culture=neutral, PublicKeyToken=adb9793829ddae60 (location: C:\Program Files\dotnet\sdk\10.0.103\Microsoft.DotNet.Cli.Utils.dll, MVID: 0c51fd09-7ce3-414f-b142-ef79f42ae85b, AssemblyLoadContext: MSBuild plugin C:\Program Files\dotnet\sdk\10.0.103\Microsoft.NET.Sdk.WorkloadMSBuildSdkResolver.dll)
       Assembly loaded during Evaluation: Microsoft.NET.Sdk.WorkloadManifestReader, Version=10.0.103.0, Culture=neutral, PublicKeyToken=adb9793829ddae60 (location: C:\Program Files\dotnet\sdk\10.0.103\Microsoft.NET.Sdk.WorkloadManifestReader.dll, MVID: 4fc5b50b-0d78-444c-9b7f-2f8a62d0eac5, AssemblyLoadContext: MSBuild plugin C:\Program Files\dotnet\sdk\10.0.103\Microsoft.NET.Sdk.WorkloadMSBuildSdkResolver.dll)
       Assembly loaded during Evaluation: Microsoft.Deployment.DotNet.Releases, Version=2.0.0.0, Culture=neutral, PublicKeyToken=31bf3856ad364e35 (location: C:\Program Files\dotnet\sdk\10.0.103\Microsoft.Deployment.DotNet.Releases.dll, MVID: ea43f8b8-b27f-4976-9d85-2b4f42217a94, AssemblyLoadContext: MSBuild plugin C:\Program Files\dotnet\sdk\10.0.103\Microsoft.NET.Sdk.WorkloadMSBuildSdkResolver.dll)
       The SDK "Microsoft.NET.SDK.WorkloadAutoImportPropsLocator" was successfully resolved by the "Microsoft.DotNet.MSBuildWorkloadSdkResolver" resolver to location "C:\Program Files\dotnet\packs\Microsoft.Android.Sdk.Windows\36.1.2\Sdk" and version "null".
       C:\Users\Damien Mazeas\Desktop\portfolio\Orange\RobotControllerApp\RobotControllerApp.csproj(3,5): message : Property reassignment: $(OutputType)="WinExe" (previous value: "Library") at C:\Users\Damien Mazeas\Desktop\portfolio\Orange\RobotControllerApp\RobotControllerApp.csproj (3,5)
       C:\Users\Damien Mazeas\Desktop\portfolio\Orange\RobotControllerApp\RobotControllerApp.csproj(8,5): message : Property reassignment: $(Platforms)="x86;x64;ARM64" (previous value: "AnyCPU") at C:\Users\Damien Mazeas\Desktop\portfolio\Orange\RobotControllerApp\RobotControllerApp.csproj (8,5)
       The "Configuration" property is a global property, and cannot be modified.
       The "Platform" property is a global property, and cannot be modified.
       The "Platform" property is a global property, and cannot be modified.
       Assembly loaded during Evaluation: NuGet.Frameworks, Version=7.0.2.0, Culture=neutral, PublicKeyToken=31bf3856ad364e35 (location: C:\Program Files\dotnet\sdk\10.0.103\NuGet.Frameworks.dll, MVID: 1b7b49ca-9945-4cfa-824f-5d73c248e8d6, AssemblyLoadContext: Assembly.LoadFile(C:\Program Files\dotnet\sdk\10.0.103\NuGet.Frameworks.dll))
       C:\Program Files\dotnet\sdk\10.0.103\Sdks\Microsoft.NET.Sdk\targets\Microsoft.NET.TargetFrameworkInference.targets(84,5): message : Property reassignment: $(TargetPlatformIdentifier)="Windows" (previous value: "windows") at C:\Program Files\dotnet\sdk\10.0.103\Sdks\Microsoft.NET.Sdk\targets\Microsoft.NET.TargetFrameworkInference.targets (84,5)
       C:\Program Files\dotnet\sdk\10.0.103\Sdks\Microsoft.NET.Sdk\targets\Microsoft.NET.DefaultOutputPaths.targets(127,5): message : Property reassignment: $(DefaultItemExcludes)=";bin\ARM64\Debug\/**;obj\ARM64\Debug\/**" (previous value: ";bin\ARM64\Debug\/**") at C:\Program Files\dotnet\sdk\10.0.103\Sdks\Microsoft.NET.Sdk\targets\Microsoft.NET.DefaultOutputPaths.targets (127,5)
       C:\Program Files\dotnet\sdk\10.0.103\Sdks\Microsoft.NET.Sdk\targets\Microsoft.NET.DefaultOutputPaths.targets(142,5): message : Property reassignment: $(OutputPath)="bin\ARM64\Debug\net8.0-windows10.0.19041.0\" (previous value: "bin\ARM64\Debug\") at C:\Program Files\dotnet\sdk\10.0.103\Sdks\Microsoft.NET.Sdk\targets\Microsoft.NET.DefaultOutputPaths.targets (142,5)
       C:\Program Files\dotnet\sdk\10.0.103\Sdks\Microsoft.NET.Sdk\targets\Microsoft.NET.DefaultOutputPaths.targets(147,5): message : Property reassignment: $(IntermediateOutputPath)="obj\ARM64\Debug\net8.0-windows10.0.19041.0\" (previous value: "obj\ARM64\Debug\") at C:\Program Files\dotnet\sdk\10.0.103\Sdks\Microsoft.NET.Sdk\targets\Microsoft.NET.DefaultOutputPaths.targets (147,5)
       The "DefaultSdkResolver" resolver attempted to resolve the SDK "Microsoft.NET.SDK.WorkloadManifestTargetsLocator".
       Warnings: null
       Errors: MSB4276: The default SDK resolver failed to resolve SDK "Microsoft.NET.SDK.WorkloadManifestTargetsLocator" because directory "C:\Program Files\dotnet\sdk\10.0.103\Sdks\Microsoft.NET.SDK.WorkloadManifestTargetsLocator\Sdk" did not exist.
       The SDK "Microsoft.NET.SDK.WorkloadManifestTargetsLocator" was successfully resolved by the "Microsoft.DotNet.MSBuildWorkloadSdkResolver" resolver to location "C:\Program Files\dotnet\sdk-manifests\10.0.100\microsoft.net.sdk.android\36.1.2" and version "null".
       C:\Program Files\dotnet\sdk\10.0.103\Sdks\Microsoft.NET.Sdk\targets\Microsoft.NET.RuntimeIdentifierInference.targets(369,5): message : Property reassignment: $(IntermediateOutputPath)="obj\ARM64\Debug\net8.0-windows10.0.19041.0\win-arm64\" (previous value: "obj\ARM64\Debug\net8.0-windows10.0.19041.0\") at C:\Program Files\dotnet\sdk\10.0.103\Sdks\Microsoft.NET.Sdk\targets\Microsoft.NET.RuntimeIdentifierInference.targets (369,5)
       C:\Program Files\dotnet\sdk\10.0.103\Sdks\Microsoft.NET.Sdk\targets\Microsoft.NET.RuntimeIdentifierInference.targets(370,5): message : Property reassignment: $(OutputPath)="bin\ARM64\Debug\net8.0-windows10.0.19041.0\win-arm64\" (previous value: "bin\ARM64\Debug\net8.0-windows10.0.19041.0\") at C:\Program Files\dotnet\sdk\10.0.103\Sdks\Microsoft.NET.Sdk\targets\Microsoft.NET.RuntimeIdentifierInference.targets (370,5)
       C:\Program Files\dotnet\sdk\10.0.103\Sdks\Microsoft.NET.Sdk\targets\Microsoft.NET.Sdk.BeforeCommon.targets(371,5): message : Property reassignment: $(RoslynTargetsPath)="C:\Program Files\dotnet\sdk\10.0.103\Sdks\Microsoft.NET.Sdk\targets\..\..\..\Roslyn" (previous value: "C:\Program Files\dotnet\sdk\10.0.103\Roslyn") at C:\Program Files\dotnet\sdk\10.0.103\Sdks\Microsoft.NET.Sdk\targets\Microsoft.NET.Sdk.BeforeCommon.targets (371,5)
       C:\Program Files\dotnet\sdk\10.0.103\Roslyn\Microsoft.Managed.Core.targets(6,5): message : Property reassignment: $(_BuildTasksDirectory)="C:\Program Files\dotnet\sdk\10.0.103\Sdks\Microsoft.NET.Sdk\targets\..\..\..\Roslyn\" (previous value: "C:\Program Files\dotnet\sdk\10.0.103\Roslyn\") at C:\Program Files\dotnet\sdk\10.0.103\Roslyn\Microsoft.Managed.Core.targets (6,5)
       C:\Program Files\dotnet\sdk\10.0.103\Roslyn\Microsoft.CSharp.Core.targets(200,5): message : Property reassignment: $(CommandLineArgsForDesignTimeEvaluation)="-langversion:12.0 -define:TRACE" (previous value: "-langversion:12.0") at C:\Program Files\dotnet\sdk\10.0.103\Roslyn\Microsoft.CSharp.Core.targets (200,5)
       The "Platform" property is a global property, and cannot be modified.
       The "Configuration" property is a global property, and cannot be modified.
       C:\Program Files\dotnet\sdk\10.0.103\Microsoft.Common.CurrentVersion.targets(175,5): message : Property reassignment: $(_DebugSymbolsProduced)="true" (previous value: "false") at C:\Program Files\dotnet\sdk\10.0.103\Microsoft.Common.CurrentVersion.targets (175,5)
       C:\Program Files\dotnet\sdk\10.0.103\Microsoft.Common.CurrentVersion.targets(185,5): message : Property reassignment: $(_DocumentationFileProduced)="false" (previous value: "true") at C:\Program Files\dotnet\sdk\10.0.103\Microsoft.Common.CurrentVersion.targets (185,5)
       The "SolutionName" property is a global property, and cannot be modified.
       The "SolutionFileName" property is a global property, and cannot be modified.
       The "SolutionPath" property is a global property, and cannot be modified.
       The "SolutionDir" property is a global property, and cannot be modified.
       The "SolutionExt" property is a global property, and cannot be modified.
       C:\Program Files\dotnet\sdk\10.0.103\Microsoft.Common.CurrentVersion.targets(392,5): message : Property reassignment: $(MSBuildCopyMarkerName)="RobotCon.2DBD3C39" (previous value: "RobotControllerApp.csproj") at C:\Program Files\dotnet\sdk\10.0.103\Microsoft.Common.CurrentVersion.targets (392,5)
       C:\Program Files\dotnet\sdk\10.0.103\Microsoft.Common.CurrentVersion.targets(393,5): message : Property reassignment: $(MSBuildCopyMarkerName)="RobotCon.2DBD3C39.Up2Date" (previous value: "RobotCon.2DBD3C39") at C:\Program Files\dotnet\sdk\10.0.103\Microsoft.Common.CurrentVersion.targets (393,5)
       C:\Program Files\dotnet\sdk\10.0.103\Microsoft.Common.CurrentVersion.targets(580,5): message : Property reassignment: $(DelaySign)="" (previous value: "false") at C:\Program Files\dotnet\sdk\10.0.103\Microsoft.Common.CurrentVersion.targets (580,5)
       C:\Program Files\dotnet\sdk\10.0.103\Microsoft.Common.CurrentVersion.targets(2606,5): message : Property 'LOCALAPPDATA' with value 'C:\Users\Damien Mazeas\AppData\Local' expanded from the environment.
       C:\Program Files\dotnet\sdk\10.0.103\Microsoft.Common.CurrentVersion.targets(3934,5): message : Property reassignment: $(_SGenGenerateSerializationAssembliesConfig)="Auto" (previous value: "") at C:\Program Files\dotnet\sdk\10.0.103\Microsoft.Common.CurrentVersion.targets (3934,5)
       C:\Program Files\dotnet\sdk\10.0.103\Microsoft.Common.CurrentVersion.targets(3935,5): message : Property reassignment: $(_SGenGenerateSerializationAssembliesConfig)="Off" (previous value: "Auto") at C:\Program Files\dotnet\sdk\10.0.103\Microsoft.Common.CurrentVersion.targets (3935,5)
       C:\Program Files\dotnet\sdk\10.0.103\Microsoft.Common.CurrentVersion.targets(5146,5): message : Property reassignment: $(_TargetsThatPrepareProjectReferences)="
       C:\Program Files\dotnet\sdk\10.0.103\Microsoft.Common.CurrentVersion.targets(5146,5): message :       AssignProjectConfiguration;
       C:\Program Files\dotnet\sdk\10.0.103\Microsoft.Common.CurrentVersion.targets(5146,5): message :       _SplitProjectReferencesByFileExistence
       C:\Program Files\dotnet\sdk\10.0.103\Microsoft.Common.CurrentVersion.targets(5146,5): message :     " (previous value: "_SplitProjectReferencesByFileExistence") at C:\Program Files\dotnet\sdk\10.0.103\Microsoft.Common.CurrentVersion.targets (5146,5)
       C:\Program Files\dotnet\sdk\10.0.103\Microsoft.Common.CurrentVersion.targets(6959,5): message : Property 'MSBuildExtensionsPath32' with value 'C:\Program Files\dotnet\sdk\10.0.103' expanded from the environment.
       The "_RestoreSolutionFileUsed" property is a global property, and cannot be modified.
       The "NuGetInteractive" property is a global property, and cannot be modified.
       C:\Program Files\dotnet\sdk\10.0.103\NuGet.targets(123,5): message : Property reassignment: $(_GenerateRestoreGraphProjectEntryInputProperties)="
       C:\Program Files\dotnet\sdk\10.0.103\NuGet.targets(123,5): message :       ExcludeRestorePackageImports=true;
       C:\Program Files\dotnet\sdk\10.0.103\NuGet.targets(123,5): message :       _RestoreSolutionFileUsed=true;
       C:\Program Files\dotnet\sdk\10.0.103\NuGet.targets(123,5): message :       SolutionDir=C:\Users\Damien Mazeas\Desktop\portfolio\Orange\RobotControllerApp\;
       C:\Program Files\dotnet\sdk\10.0.103\NuGet.targets(123,5): message :       SolutionName=RobotControllerApp;
       C:\Program Files\dotnet\sdk\10.0.103\NuGet.targets(123,5): message :       SolutionFileName=RobotControllerApp.slnx;
       C:\Program Files\dotnet\sdk\10.0.103\NuGet.targets(123,5): message :       SolutionPath=C:\Users\Damien Mazeas\Desktop\portfolio\Orange\RobotControllerApp\RobotControllerApp.slnx;
       C:\Program Files\dotnet\sdk\10.0.103\NuGet.targets(123,5): message :       SolutionExt=.slnx;
       C:\Program Files\dotnet\sdk\10.0.103\NuGet.targets(123,5): message :     " (previous value: "ExcludeRestorePackageImports=true") at C:\Program Files\dotnet\sdk\10.0.103\NuGet.targets (123,5)
       C:\Program Files\dotnet\sdk\10.0.103\Sdks\Microsoft.NET.Sdk\targets\Microsoft.PackageDependencyResolution.targets(24,5): message : Property reassignment: $(ProjectAssetsFile)="C:\Users\Damien Mazeas\Desktop\portfolio\Orange\RobotControllerApp\obj\project.assets.json" (previous value: "C:\Users\Damien Mazeas\Desktop\portfolio\Orange\RobotControllerApp\obj\/project.assets.json") at C:\Program Files\dotnet\sdk\10.0.103\Sdks\Microsoft.NET.Sdk\targets\Microsoft.PackageDependencyResolution.targets (24,5)
       C:\Program Files\dotnet\sdk\10.0.103\Sdks\Microsoft.NET.Sdk\targets\Microsoft.PackageDependencyResolution.targets(29,5): message : Property reassignment: $(ProjectAssetsCacheFile)="C:\Users\Damien Mazeas\Desktop\portfolio\Orange\RobotControllerApp\obj\ARM64\Debug\net8.0-windows10.0.19041.0\win-arm64\RobotControllerApp.assets.cache" (previous value: "obj\ARM64\Debug\net8.0-windows10.0.19041.0\win-arm64\RobotControllerApp.assets.cache") at C:\Program Files\dotnet\sdk\10.0.103\Sdks\Microsoft.NET.Sdk\targets\Microsoft.PackageDependencyResolution.targets (29,5)
       C:\Program Files\dotnet\sdk\10.0.103\Sdks\Microsoft.NET.Sdk\targets\Microsoft.PackageDependencyResolution.targets(80,5): message : Property reassignment: $(ResolveAssemblyReferencesDependsOn)="
       C:\Program Files\dotnet\sdk\10.0.103\Sdks\Microsoft.NET.Sdk\targets\Microsoft.PackageDependencyResolution.targets(80,5): message :       
       C:\Program Files\dotnet\sdk\10.0.103\Sdks\Microsoft.NET.Sdk\targets\Microsoft.PackageDependencyResolution.targets(80,5): message :       ResolveProjectReferences;
       C:\Program Files\dotnet\sdk\10.0.103\Sdks\Microsoft.NET.Sdk\targets\Microsoft.PackageDependencyResolution.targets(80,5): message :       FindInvalidProjectReferences;
       C:\Program Files\dotnet\sdk\10.0.103\Sdks\Microsoft.NET.Sdk\targets\Microsoft.PackageDependencyResolution.targets(80,5): message :       GetFrameworkPaths;
       C:\Program Files\dotnet\sdk\10.0.103\Sdks\Microsoft.NET.Sdk\targets\Microsoft.PackageDependencyResolution.targets(80,5): message :       GetReferenceAssemblyPaths;
       C:\Program Files\dotnet\sdk\10.0.103\Sdks\Microsoft.NET.Sdk\targets\Microsoft.PackageDependencyResolution.targets(80,5): message :       PrepareForBuild;
       C:\Program Files\dotnet\sdk\10.0.103\Sdks\Microsoft.NET.Sdk\targets\Microsoft.PackageDependencyResolution.targets(80,5): message :       ResolveSDKReferences;
       C:\Program Files\dotnet\sdk\10.0.103\Sdks\Microsoft.NET.Sdk\targets\Microsoft.PackageDependencyResolution.targets(80,5): message :       ExpandSDKReferences;
       C:\Program Files\dotnet\sdk\10.0.103\Sdks\Microsoft.NET.Sdk\targets\Microsoft.PackageDependencyResolution.targets(80,5): message :     ;
       C:\Program Files\dotnet\sdk\10.0.103\Sdks\Microsoft.NET.Sdk\targets\Microsoft.PackageDependencyResolution.targets(80,5): message :       ResolvePackageDependenciesForBuild;
       C:\Program Files\dotnet\sdk\10.0.103\Sdks\Microsoft.NET.Sdk\targets\Microsoft.PackageDependencyResolution.targets(80,5): message :       _HandlePackageFileConflicts;
       C:\Program Files\dotnet\sdk\10.0.103\Sdks\Microsoft.NET.Sdk\targets\Microsoft.PackageDependencyResolution.targets(80,5): message :     " (previous value: "
       C:\Program Files\dotnet\sdk\10.0.103\Sdks\Microsoft.NET.Sdk\targets\Microsoft.PackageDependencyResolution.targets(80,5): message :       ResolveProjectReferences;
       C:\Program Files\dotnet\sdk\10.0.103\Sdks\Microsoft.NET.Sdk\targets\Microsoft.PackageDependencyResolution.targets(80,5): message :       FindInvalidProjectReferences;
       C:\Program Files\dotnet\sdk\10.0.103\Sdks\Microsoft.NET.Sdk\targets\Microsoft.PackageDependencyResolution.targets(80,5): message :       GetFrameworkPaths;
       C:\Program Files\dotnet\sdk\10.0.103\Sdks\Microsoft.NET.Sdk\targets\Microsoft.PackageDependencyResolution.targets(80,5): message :       GetReferenceAssemblyPaths;
       C:\Program Files\dotnet\sdk\10.0.103\Sdks\Microsoft.NET.Sdk\targets\Microsoft.PackageDependencyResolution.targets(80,5): message :       PrepareForBuild;
       C:\Program Files\dotnet\sdk\10.0.103\Sdks\Microsoft.NET.Sdk\targets\Microsoft.PackageDependencyResolution.targets(80,5): message :       ResolveSDKReferences;
       C:\Program Files\dotnet\sdk\10.0.103\Sdks\Microsoft.NET.Sdk\targets\Microsoft.PackageDependencyResolution.targets(80,5): message :       ExpandSDKReferences;
       C:\Program Files\dotnet\sdk\10.0.103\Sdks\Microsoft.NET.Sdk\targets\Microsoft.PackageDependencyResolution.targets(80,5): message :     ") at C:\Program Files\dotnet\sdk\10.0.103\Sdks\Microsoft.NET.Sdk\targets\Microsoft.PackageDependencyResolution.targets (80,5)
       C:\Program Files\dotnet\sdk\10.0.103\Sdks\Microsoft.NET.Sdk\targets\Microsoft.PackageDependencyResolution.targets(86,5): message : Property reassignment: $(PrepareResourcesDependsOn)="
       C:\Program Files\dotnet\sdk\10.0.103\Sdks\Microsoft.NET.Sdk\targets\Microsoft.PackageDependencyResolution.targets(86,5): message :       ResolvePackageDependenciesForBuild;
       C:\Program Files\dotnet\sdk\10.0.103\Sdks\Microsoft.NET.Sdk\targets\Microsoft.PackageDependencyResolution.targets(86,5): message :       _HandlePackageFileConflicts;
       C:\Program Files\dotnet\sdk\10.0.103\Sdks\Microsoft.NET.Sdk\targets\Microsoft.PackageDependencyResolution.targets(86,5): message :       
       C:\Program Files\dotnet\sdk\10.0.103\Sdks\Microsoft.NET.Sdk\targets\Microsoft.PackageDependencyResolution.targets(86,5): message :       ;
       C:\Program Files\dotnet\sdk\10.0.103\Sdks\Microsoft.NET.Sdk\targets\Microsoft.PackageDependencyResolution.targets(86,5): message :       PrepareResourceNames;
       C:\Program Files\dotnet\sdk\10.0.103\Sdks\Microsoft.NET.Sdk\targets\Microsoft.PackageDependencyResolution.targets(86,5): message :       ResGen;
       C:\Program Files\dotnet\sdk\10.0.103\Sdks\Microsoft.NET.Sdk\targets\Microsoft.PackageDependencyResolution.targets(86,5): message :       CompileLicxFiles
       C:\Program Files\dotnet\sdk\10.0.103\Sdks\Microsoft.NET.Sdk\targets\Microsoft.PackageDependencyResolution.targets(86,5): message :     
       C:\Program Files\dotnet\sdk\10.0.103\Sdks\Microsoft.NET.Sdk\targets\Microsoft.PackageDependencyResolution.targets(86,5): message :     " (previous value: "
       C:\Program Files\dotnet\sdk\10.0.103\Sdks\Microsoft.NET.Sdk\targets\Microsoft.PackageDependencyResolution.targets(86,5): message :       ;
       C:\Program Files\dotnet\sdk\10.0.103\Sdks\Microsoft.NET.Sdk\targets\Microsoft.PackageDependencyResolution.targets(86,5): message :       PrepareResourceNames;
       C:\Program Files\dotnet\sdk\10.0.103\Sdks\Microsoft.NET.Sdk\targets\Microsoft.PackageDependencyResolution.targets(86,5): message :       ResGen;
       C:\Program Files\dotnet\sdk\10.0.103\Sdks\Microsoft.NET.Sdk\targets\Microsoft.PackageDependencyResolution.targets(86,5): message :       CompileLicxFiles
       C:\Program Files\dotnet\sdk\10.0.103\Sdks\Microsoft.NET.Sdk\targets\Microsoft.PackageDependencyResolution.targets(86,5): message :     ") at C:\Program Files\dotnet\sdk\10.0.103\Sdks\Microsoft.NET.Sdk\targets\Microsoft.PackageDependencyResolution.targets (86,5)
       The "EnableDefaultCompileItems" property is a global property, and cannot be modified.
       The "EnableDefaultEmbeddedResourceItems" property is a global property, and cannot be modified.
       The "EnableDefaultNoneItems" property is a global property, and cannot be modified.
       C:\Program Files\dotnet\sdk\10.0.103\Sdks\Microsoft.NET.Sdk\targets\Microsoft.NET.Sdk.DefaultItems.targets(35,5): message : Property reassignment: $(DefaultItemExcludes)=";bin\ARM64\Debug\/**;obj\ARM64\Debug\/**;bin\/**" (previous value: ";bin\ARM64\Debug\/**;obj\ARM64\Debug\/**") at C:\Program Files\dotnet\sdk\10.0.103\Sdks\Microsoft.NET.Sdk\targets\Microsoft.NET.Sdk.DefaultItems.targets (35,5)
       C:\Program Files\dotnet\sdk\10.0.103\Sdks\Microsoft.NET.Sdk\targets\Microsoft.NET.Sdk.DefaultItems.targets(37,5): message : Property reassignment: $(DefaultItemExcludes)=";bin\ARM64\Debug\/**;obj\ARM64\Debug\/**;bin\/**;obj\/**" (previous value: ";bin\ARM64\Debug\/**;obj\ARM64\Debug\/**;bin\/**") at C:\Program Files\dotnet\sdk\10.0.103\Sdks\Microsoft.NET.Sdk\targets\Microsoft.NET.Sdk.DefaultItems.targets (37,5)
       C:\Program Files\dotnet\sdk\10.0.103\Sdks\Microsoft.NET.Sdk\targets\Microsoft.NET.Sdk.DefaultItems.targets(40,5): message : Property reassignment: $(DefaultItemExcludes)=";bin\ARM64\Debug\/**;obj\ARM64\Debug\/**;bin\/**;obj\/**;**/*.user" (previous value: ";bin\ARM64\Debug\/**;obj\ARM64\Debug\/**;bin\/**;obj\/**") at C:\Program Files\dotnet\sdk\10.0.103\Sdks\Microsoft.NET.Sdk\targets\Microsoft.NET.Sdk.DefaultItems.targets (40,5)
       C:\Program Files\dotnet\sdk\10.0.103\Sdks\Microsoft.NET.Sdk\targets\Microsoft.NET.Sdk.DefaultItems.targets(41,5): message : Property reassignment: $(DefaultItemExcludes)=";bin\ARM64\Debug\/**;obj\ARM64\Debug\/**;bin\/**;obj\/**;**/*.user;**/*.*proj" (previous value: ";bin\ARM64\Debug\/**;obj\ARM64\Debug\/**;bin\/**;obj\/**;**/*.user") at C:\Program Files\dotnet\sdk\10.0.103\Sdks\Microsoft.NET.Sdk\targets\Microsoft.NET.Sdk.DefaultItems.targets (41,5)
       C:\Program Files\dotnet\sdk\10.0.103\Sdks\Microsoft.NET.Sdk\targets\Microsoft.NET.Sdk.DefaultItems.targets(42,5): message : Property reassignment: $(DefaultItemExcludes)=";bin\ARM64\Debug\/**;obj\ARM64\Debug\/**;bin\/**;obj\/**;**/*.user;**/*.*proj;**/*.sln" (previous value: ";bin\ARM64\Debug\/**;obj\ARM64\Debug\/**;bin\/**;obj\/**;**/*.user;**/*.*proj") at C:\Program Files\dotnet\sdk\10.0.103\Sdks\Microsoft.NET.Sdk\targets\Microsoft.NET.Sdk.DefaultItems.targets (42,5)
       C:\Program Files\dotnet\sdk\10.0.103\Sdks\Microsoft.NET.Sdk\targets\Microsoft.NET.Sdk.DefaultItems.targets(43,5): message : Property reassignment: $(DefaultItemExcludes)=";bin\ARM64\Debug\/**;obj\ARM64\Debug\/**;bin\/**;obj\/**;**/*.user;**/*.*proj;**/*.sln;**/*.slnx" (previous value: ";bin\ARM64\Debug\/**;obj\ARM64\Debug\/**;bin\/**;obj\/**;**/*.user;**/*.*proj;**/*.sln") at C:\Program Files\dotnet\sdk\10.0.103\Sdks\Microsoft.NET.Sdk\targets\Microsoft.NET.Sdk.DefaultItems.targets (43,5)
       C:\Program Files\dotnet\sdk\10.0.103\Sdks\Microsoft.NET.Sdk\targets\Microsoft.NET.Sdk.DefaultItems.targets(44,5): message : Property reassignment: $(DefaultItemExcludes)=";bin\ARM64\Debug\/**;obj\ARM64\Debug\/**;bin\/**;obj\/**;**/*.user;**/*.*proj;**/*.sln;**/*.slnx;**/*.vssscc" (previous value: ";bin\ARM64\Debug\/**;obj\ARM64\Debug\/**;bin\/**;obj\/**;**/*.user;**/*.*proj;**/*.sln;**/*.slnx") at C:\Program Files\dotnet\sdk\10.0.103\Sdks\Microsoft.NET.Sdk\targets\Microsoft.NET.Sdk.DefaultItems.targets (44,5)
       C:\Program Files\dotnet\sdk\10.0.103\Sdks\Microsoft.NET.Sdk\targets\Microsoft.NET.Sdk.DefaultItems.targets(45,5): message : Property reassignment: $(DefaultItemExcludes)=";bin\ARM64\Debug\/**;obj\ARM64\Debug\/**;bin\/**;obj\/**;**/*.user;**/*.*proj;**/*.sln;**/*.slnx;**/*.vssscc;**/.DS_Store" (previous value: ";bin\ARM64\Debug\/**;obj\ARM64\Debug\/**;bin\/**;obj\/**;**/*.user;**/*.*proj;**/*.sln;**/*.slnx;**/*.vssscc") at C:\Program Files\dotnet\sdk\10.0.103\Sdks\Microsoft.NET.Sdk\targets\Microsoft.NET.Sdk.DefaultItems.targets (45,5)
       C:\Program Files\dotnet\sdk\10.0.103\Sdks\Microsoft.NET.Sdk\targets\Microsoft.NET.Sdk.FrameworkReferenceResolution.targets(14,5): message : Property reassignment: $(ResolveAssemblyReferencesDependsOn)="
       C:\Program Files\dotnet\sdk\10.0.103\Sdks\Microsoft.NET.Sdk\targets\Microsoft.NET.Sdk.FrameworkReferenceResolution.targets(14,5): message :       
       C:\Program Files\dotnet\sdk\10.0.103\Sdks\Microsoft.NET.Sdk\targets\Microsoft.NET.Sdk.FrameworkReferenceResolution.targets(14,5): message :       
       C:\Program Files\dotnet\sdk\10.0.103\Sdks\Microsoft.NET.Sdk\targets\Microsoft.NET.Sdk.FrameworkReferenceResolution.targets(14,5): message :       ResolveProjectReferences;
       C:\Program Files\dotnet\sdk\10.0.103\Sdks\Microsoft.NET.Sdk\targets\Microsoft.NET.Sdk.FrameworkReferenceResolution.targets(14,5): message :       FindInvalidProjectReferences;
       C:\Program Files\dotnet\sdk\10.0.103\Sdks\Microsoft.NET.Sdk\targets\Microsoft.NET.Sdk.FrameworkReferenceResolution.targets(14,5): message :       GetFrameworkPaths;
       C:\Program Files\dotnet\sdk\10.0.103\Sdks\Microsoft.NET.Sdk\targets\Microsoft.NET.Sdk.FrameworkReferenceResolution.targets(14,5): message :       GetReferenceAssemblyPaths;
       C:\Program Files\dotnet\sdk\10.0.103\Sdks\Microsoft.NET.Sdk\targets\Microsoft.NET.Sdk.FrameworkReferenceResolution.targets(14,5): message :       PrepareForBuild;
       C:\Program Files\dotnet\sdk\10.0.103\Sdks\Microsoft.NET.Sdk\targets\Microsoft.NET.Sdk.FrameworkReferenceResolution.targets(14,5): message :       ResolveSDKReferences;
       C:\Program Files\dotnet\sdk\10.0.103\Sdks\Microsoft.NET.Sdk\targets\Microsoft.NET.Sdk.FrameworkReferenceResolution.targets(14,5): message :       ExpandSDKReferences;
       C:\Program Files\dotnet\sdk\10.0.103\Sdks\Microsoft.NET.Sdk\targets\Microsoft.NET.Sdk.FrameworkReferenceResolution.targets(14,5): message :     ;
       C:\Program Files\dotnet\sdk\10.0.103\Sdks\Microsoft.NET.Sdk\targets\Microsoft.NET.Sdk.FrameworkReferenceResolution.targets(14,5): message :       ResolvePackageDependenciesForBuild;
       C:\Program Files\dotnet\sdk\10.0.103\Sdks\Microsoft.NET.Sdk\targets\Microsoft.NET.Sdk.FrameworkReferenceResolution.targets(14,5): message :       _HandlePackageFileConflicts;
       C:\Program Files\dotnet\sdk\10.0.103\Sdks\Microsoft.NET.Sdk\targets\Microsoft.NET.Sdk.FrameworkReferenceResolution.targets(14,5): message :     ;
       C:\Program Files\dotnet\sdk\10.0.103\Sdks\Microsoft.NET.Sdk\targets\Microsoft.NET.Sdk.FrameworkReferenceResolution.targets(14,5): message :       ResolveTargetingPackAssets;
       C:\Program Files\dotnet\sdk\10.0.103\Sdks\Microsoft.NET.Sdk\targets\Microsoft.NET.Sdk.FrameworkReferenceResolution.targets(14,5): message :     " (previous value: "
       C:\Program Files\dotnet\sdk\10.0.103\Sdks\Microsoft.NET.Sdk\targets\Microsoft.NET.Sdk.FrameworkReferenceResolution.targets(14,5): message :       
       C:\Program Files\dotnet\sdk\10.0.103\Sdks\Microsoft.NET.Sdk\targets\Microsoft.NET.Sdk.FrameworkReferenceResolution.targets(14,5): message :       ResolveProjectReferences;
       C:\Program Files\dotnet\sdk\10.0.103\Sdks\Microsoft.NET.Sdk\targets\Microsoft.NET.Sdk.FrameworkReferenceResolution.targets(14,5): message :       FindInvalidProjectReferences;
       C:\Program Files\dotnet\sdk\10.0.103\Sdks\Microsoft.NET.Sdk\targets\Microsoft.NET.Sdk.FrameworkReferenceResolution.targets(14,5): message :       GetFrameworkPaths;
       C:\Program Files\dotnet\sdk\10.0.103\Sdks\Microsoft.NET.Sdk\targets\Microsoft.NET.Sdk.FrameworkReferenceResolution.targets(14,5): message :       GetReferenceAssemblyPaths;
       C:\Program Files\dotnet\sdk\10.0.103\Sdks\Microsoft.NET.Sdk\targets\Microsoft.NET.Sdk.FrameworkReferenceResolution.targets(14,5): message :       PrepareForBuild;
       C:\Program Files\dotnet\sdk\10.0.103\Sdks\Microsoft.NET.Sdk\targets\Microsoft.NET.Sdk.FrameworkReferenceResolution.targets(14,5): message :       ResolveSDKReferences;
       C:\Program Files\dotnet\sdk\10.0.103\Sdks\Microsoft.NET.Sdk\targets\Microsoft.NET.Sdk.FrameworkReferenceResolution.targets(14,5): message :       ExpandSDKReferences;
       C:\Program Files\dotnet\sdk\10.0.103\Sdks\Microsoft.NET.Sdk\targets\Microsoft.NET.Sdk.FrameworkReferenceResolution.targets(14,5): message :     ;
       C:\Program Files\dotnet\sdk\10.0.103\Sdks\Microsoft.NET.Sdk\targets\Microsoft.NET.Sdk.FrameworkReferenceResolution.targets(14,5): message :       ResolvePackageDependenciesForBuild;
       C:\Program Files\dotnet\sdk\10.0.103\Sdks\Microsoft.NET.Sdk\targets\Microsoft.NET.Sdk.FrameworkReferenceResolution.targets(14,5): message :       _HandlePackageFileConflicts;
       C:\Program Files\dotnet\sdk\10.0.103\Sdks\Microsoft.NET.Sdk\targets\Microsoft.NET.Sdk.FrameworkReferenceResolution.targets(14,5): message :     ") at C:\Program Files\dotnet\sdk\10.0.103\Sdks\Microsoft.NET.Sdk\targets\Microsoft.NET.Sdk.FrameworkReferenceResolution.targets (14,5)
       C:\Program Files\dotnet\sdk\10.0.103\Sdks\Microsoft.NET.Sdk\targets\Microsoft.NET.Sdk.targets(44,5): message : Property reassignment: $(_GenerateRuntimeConfigurationPropertyInputsCache)="C:\Users\Damien Mazeas\Desktop\portfolio\Orange\RobotControllerApp\obj\ARM64\Debug\net8.0-windows10.0.19041.0\win-arm64\RobotControllerApp.genruntimeconfig.cache" (previous value: "obj\ARM64\Debug\net8.0-windows10.0.19041.0\win-arm64\RobotControllerApp.genruntimeconfig.cache") at C:\Program Files\dotnet\sdk\10.0.103\Sdks\Microsoft.NET.Sdk\targets\Microsoft.NET.Sdk.targets (44,5)
       C:\Program Files\dotnet\sdk\10.0.103\Sdks\Microsoft.NET.Sdk\targets\Microsoft.NET.Sdk.targets(46,5): message : Property reassignment: $(_GeneratePublishDependencyFilePropertyInputsCache)="C:\Users\Damien Mazeas\Desktop\portfolio\Orange\RobotControllerApp\obj\ARM64\Debug\net8.0-windows10.0.19041.0\win-arm64\RobotControllerApp.genpublishdeps.cache" (previous value: "obj\ARM64\Debug\net8.0-windows10.0.19041.0\win-arm64\RobotControllerApp.genpublishdeps.cache") at C:\Program Files\dotnet\sdk\10.0.103\Sdks\Microsoft.NET.Sdk\targets\Microsoft.NET.Sdk.targets (46,5)
       C:\Program Files\dotnet\sdk\10.0.103\Sdks\Microsoft.NET.Sdk\targets\Microsoft.NET.Sdk.targets(48,5): message : Property reassignment: $(_GenerateSingleFileBundlePropertyInputsCache)="C:\Users\Damien Mazeas\Desktop\portfolio\Orange\RobotControllerApp\obj\ARM64\Debug\net8.0-windows10.0.19041.0\win-arm64\RobotControllerApp.genbundle.cache" (previous value: "obj\ARM64\Debug\net8.0-windows10.0.19041.0\win-arm64\RobotControllerApp.genbundle.cache") at C:\Program Files\dotnet\sdk\10.0.103\Sdks\Microsoft.NET.Sdk\targets\Microsoft.NET.Sdk.targets (48,5)
       C:\Program Files\dotnet\sdk\10.0.103\Sdks\Microsoft.NET.Sdk\targets\Microsoft.NET.Sdk.targets(81,5): message : Property reassignment: $(GenerateRuntimeConfigDevFile)="false" (previous value: "true") at C:\Program Files\dotnet\sdk\10.0.103\Sdks\Microsoft.NET.Sdk\targets\Microsoft.NET.Sdk.targets (81,5)
       C:\Program Files\dotnet\sdk\10.0.103\Sdks\Microsoft.NET.Sdk\targets\Microsoft.NET.Sdk.targets(98,5): message : Property 'USERPROFILE' with value 'C:\Users\Damien Mazeas' expanded from the environment.
       C:\Program Files\dotnet\sdk\10.0.103\Sdks\Microsoft.NET.Sdk\targets\Microsoft.NET.Sdk.targets(98,5): message : Property reassignment: $(_DefaultUserProfileRuntimeStorePath)="C:\Users\Damien Mazeas" (previous value: "") at C:\Program Files\dotnet\sdk\10.0.103\Sdks\Microsoft.NET.Sdk\targets\Microsoft.NET.Sdk.targets (98,5)
       C:\Program Files\dotnet\sdk\10.0.103\Sdks\Microsoft.NET.Sdk\targets\Microsoft.NET.Sdk.targets(99,5): message : Property reassignment: $(_DefaultUserProfileRuntimeStorePath)="C:\Users\Damien Mazeas\.dotnet\store" (previous value: "C:\Users\Damien Mazeas") at C:\Program Files\dotnet\sdk\10.0.103\Sdks\Microsoft.NET.Sdk\targets\Microsoft.NET.Sdk.targets (99,5)
       C:\Program Files\dotnet\sdk\10.0.103\Sdks\Microsoft.NET.Sdk\targets\Microsoft.NET.Sdk.targets(144,5): message : Property reassignment: $(AvailablePlatforms)="Any CPU,x86,x64,ARM32" (previous value: "Any CPU,x86,x64") at C:\Program Files\dotnet\sdk\10.0.103\Sdks\Microsoft.NET.Sdk\targets\Microsoft.NET.Sdk.targets (144,5)
       C:\Program Files\dotnet\sdk\10.0.103\Sdks\Microsoft.NET.Sdk\targets\Microsoft.NET.Sdk.targets(148,5): message : Property reassignment: $(AvailablePlatforms)="Any CPU,x86,x64,ARM32,ARM64" (previous value: "Any CPU,x86,x64,ARM32") at C:\Program Files\dotnet\sdk\10.0.103\Sdks\Microsoft.NET.Sdk\targets\Microsoft.NET.Sdk.targets (148,5)
       C:\Program Files\dotnet\sdk\10.0.103\Sdks\Microsoft.NET.Sdk\targets\Microsoft.NET.Sdk.targets(204,5): message : Property reassignment: $(CoreBuildDependsOn)="
       C:\Program Files\dotnet\sdk\10.0.103\Sdks\Microsoft.NET.Sdk\targets\Microsoft.NET.Sdk.targets(204,5): message :       _CheckForBuildWithNoBuild;
       C:\Program Files\dotnet\sdk\10.0.103\Sdks\Microsoft.NET.Sdk\targets\Microsoft.NET.Sdk.targets(204,5): message :       
       C:\Program Files\dotnet\sdk\10.0.103\Sdks\Microsoft.NET.Sdk\targets\Microsoft.NET.Sdk.targets(204,5): message :       BuildOnlySettings;
       C:\Program Files\dotnet\sdk\10.0.103\Sdks\Microsoft.NET.Sdk\targets\Microsoft.NET.Sdk.targets(204,5): message :       PrepareForBuild;
       C:\Program Files\dotnet\sdk\10.0.103\Sdks\Microsoft.NET.Sdk\targets\Microsoft.NET.Sdk.targets(204,5): message :       PreBuildEvent;
       C:\Program Files\dotnet\sdk\10.0.103\Sdks\Microsoft.NET.Sdk\targets\Microsoft.NET.Sdk.targets(204,5): message :       ResolveReferences;
       C:\Program Files\dotnet\sdk\10.0.103\Sdks\Microsoft.NET.Sdk\targets\Microsoft.NET.Sdk.targets(204,5): message :       PrepareResources;
       C:\Program Files\dotnet\sdk\10.0.103\Sdks\Microsoft.NET.Sdk\targets\Microsoft.NET.Sdk.targets(204,5): message :       ResolveKeySource;
       C:\Program Files\dotnet\sdk\10.0.103\Sdks\Microsoft.NET.Sdk\targets\Microsoft.NET.Sdk.targets(204,5): message :       Compile;
       C:\Program Files\dotnet\sdk\10.0.103\Sdks\Microsoft.NET.Sdk\targets\Microsoft.NET.Sdk.targets(204,5): message :       ExportWindowsMDFile;
       C:\Program Files\dotnet\sdk\10.0.103\Sdks\Microsoft.NET.Sdk\targets\Microsoft.NET.Sdk.targets(204,5): message :       UnmanagedUnregistration;
       C:\Program Files\dotnet\sdk\10.0.103\Sdks\Microsoft.NET.Sdk\targets\Microsoft.NET.Sdk.targets(204,5): message :       GenerateSerializationAssemblies;
       C:\Program Files\dotnet\sdk\10.0.103\Sdks\Microsoft.NET.Sdk\targets\Microsoft.NET.Sdk.targets(204,5): message :       CreateSatelliteAssemblies;
       C:\Program Files\dotnet\sdk\10.0.103\Sdks\Microsoft.NET.Sdk\targets\Microsoft.NET.Sdk.targets(204,5): message :       GenerateManifests;
       C:\Program Files\dotnet\sdk\10.0.103\Sdks\Microsoft.NET.Sdk\targets\Microsoft.NET.Sdk.targets(204,5): message :       GetTargetPath;
       C:\Program Files\dotnet\sdk\10.0.103\Sdks\Microsoft.NET.Sdk\targets\Microsoft.NET.Sdk.targets(204,5): message :       PrepareForRun;
       C:\Program Files\dotnet\sdk\10.0.103\Sdks\Microsoft.NET.Sdk\targets\Microsoft.NET.Sdk.targets(204,5): message :       UnmanagedRegistration;
       C:\Program Files\dotnet\sdk\10.0.103\Sdks\Microsoft.NET.Sdk\targets\Microsoft.NET.Sdk.targets(204,5): message :       IncrementalClean;
       C:\Program Files\dotnet\sdk\10.0.103\Sdks\Microsoft.NET.Sdk\targets\Microsoft.NET.Sdk.targets(204,5): message :       PostBuildEvent
       C:\Program Files\dotnet\sdk\10.0.103\Sdks\Microsoft.NET.Sdk\targets\Microsoft.NET.Sdk.targets(204,5): message :     ;
       C:\Program Files\dotnet\sdk\10.0.103\Sdks\Microsoft.NET.Sdk\targets\Microsoft.NET.Sdk.targets(204,5): message :       GenerateBuildDependencyFile;
       C:\Program Files\dotnet\sdk\10.0.103\Sdks\Microsoft.NET.Sdk\targets\Microsoft.NET.Sdk.targets(204,5): message :       GenerateBuildRuntimeConfigurationFiles
       C:\Program Files\dotnet\sdk\10.0.103\Sdks\Microsoft.NET.Sdk\targets\Microsoft.NET.Sdk.targets(204,5): message :     " (previous value: "
       C:\Program Files\dotnet\sdk\10.0.103\Sdks\Microsoft.NET.Sdk\targets\Microsoft.NET.Sdk.targets(204,5): message :       BuildOnlySettings;
       C:\Program Files\dotnet\sdk\10.0.103\Sdks\Microsoft.NET.Sdk\targets\Microsoft.NET.Sdk.targets(204,5): message :       PrepareForBuild;
       C:\Program Files\dotnet\sdk\10.0.103\Sdks\Microsoft.NET.Sdk\targets\Microsoft.NET.Sdk.targets(204,5): message :       PreBuildEvent;
       C:\Program Files\dotnet\sdk\10.0.103\Sdks\Microsoft.NET.Sdk\targets\Microsoft.NET.Sdk.targets(204,5): message :       ResolveReferences;
       C:\Program Files\dotnet\sdk\10.0.103\Sdks\Microsoft.NET.Sdk\targets\Microsoft.NET.Sdk.targets(204,5): message :       PrepareResources;
       C:\Program Files\dotnet\sdk\10.0.103\Sdks\Microsoft.NET.Sdk\targets\Microsoft.NET.Sdk.targets(204,5): message :       ResolveKeySource;
       C:\Program Files\dotnet\sdk\10.0.103\Sdks\Microsoft.NET.Sdk\targets\Microsoft.NET.Sdk.targets(204,5): message :       Compile;
       C:\Program Files\dotnet\sdk\10.0.103\Sdks\Microsoft.NET.Sdk\targets\Microsoft.NET.Sdk.targets(204,5): message :       ExportWindowsMDFile;
       C:\Program Files\dotnet\sdk\10.0.103\Sdks\Microsoft.NET.Sdk\targets\Microsoft.NET.Sdk.targets(204,5): message :       UnmanagedUnregistration;
       C:\Program Files\dotnet\sdk\10.0.103\Sdks\Microsoft.NET.Sdk\targets\Microsoft.NET.Sdk.targets(204,5): message :       GenerateSerializationAssemblies;
       C:\Program Files\dotnet\sdk\10.0.103\Sdks\Microsoft.NET.Sdk\targets\Microsoft.NET.Sdk.targets(204,5): message :       CreateSatelliteAssemblies;
       C:\Program Files\dotnet\sdk\10.0.103\Sdks\Microsoft.NET.Sdk\targets\Microsoft.NET.Sdk.targets(204,5): message :       GenerateManifests;
       C:\Program Files\dotnet\sdk\10.0.103\Sdks\Microsoft.NET.Sdk\targets\Microsoft.NET.Sdk.targets(204,5): message :       GetTargetPath;
       C:\Program Files\dotnet\sdk\10.0.103\Sdks\Microsoft.NET.Sdk\targets\Microsoft.NET.Sdk.targets(204,5): message :       PrepareForRun;
       C:\Program Files\dotnet\sdk\10.0.103\Sdks\Microsoft.NET.Sdk\targets\Microsoft.NET.Sdk.targets(204,5): message :       UnmanagedRegistration;
       C:\Program Files\dotnet\sdk\10.0.103\Sdks\Microsoft.NET.Sdk\targets\Microsoft.NET.Sdk.targets(204,5): message :       IncrementalClean;
       C:\Program Files\dotnet\sdk\10.0.103\Sdks\Microsoft.NET.Sdk\targets\Microsoft.NET.Sdk.targets(204,5): message :       PostBuildEvent
       C:\Program Files\dotnet\sdk\10.0.103\Sdks\Microsoft.NET.Sdk\targets\Microsoft.NET.Sdk.targets(204,5): message :     ") at C:\Program Files\dotnet\sdk\10.0.103\Sdks\Microsoft.NET.Sdk\targets\Microsoft.NET.Sdk.targets (204,5)
       C:\Program Files\dotnet\sdk\10.0.103\Sdks\Microsoft.NET.Sdk\targets\Microsoft.NET.Sdk.targets(213,5): message : Property reassignment: $(CoreCleanDependsOn)="
       C:\Program Files\dotnet\sdk\10.0.103\Sdks\Microsoft.NET.Sdk\targets\Microsoft.NET.Sdk.targets(213,5): message :       _SdkBeforeClean;
       C:\Program Files\dotnet\sdk\10.0.103\Sdks\Microsoft.NET.Sdk\targets\Microsoft.NET.Sdk.targets(213,5): message :       
       C:\Program Files\dotnet\sdk\10.0.103\Sdks\Microsoft.NET.Sdk\targets\Microsoft.NET.Sdk.targets(213,5): message :     " (previous value: "") at C:\Program Files\dotnet\sdk\10.0.103\Sdks\Microsoft.NET.Sdk\targets\Microsoft.NET.Sdk.targets (213,5)
       C:\Program Files\dotnet\sdk\10.0.103\Sdks\Microsoft.NET.Sdk\targets\Microsoft.NET.Sdk.targets(220,5): message : Property reassignment: $(RebuildDependsOn)="
       C:\Program Files\dotnet\sdk\10.0.103\Sdks\Microsoft.NET.Sdk\targets\Microsoft.NET.Sdk.targets(220,5): message :       _SdkBeforeRebuild;
       C:\Program Files\dotnet\sdk\10.0.103\Sdks\Microsoft.NET.Sdk\targets\Microsoft.NET.Sdk.targets(220,5): message :       
       C:\Program Files\dotnet\sdk\10.0.103\Sdks\Microsoft.NET.Sdk\targets\Microsoft.NET.Sdk.targets(220,5): message :       BeforeRebuild;
       C:\Program Files\dotnet\sdk\10.0.103\Sdks\Microsoft.NET.Sdk\targets\Microsoft.NET.Sdk.targets(220,5): message :       Clean;
       C:\Program Files\dotnet\sdk\10.0.103\Sdks\Microsoft.NET.Sdk\targets\Microsoft.NET.Sdk.targets(220,5): message :       Build;
       C:\Program Files\dotnet\sdk\10.0.103\Sdks\Microsoft.NET.Sdk\targets\Microsoft.NET.Sdk.targets(220,5): message :       AfterRebuild;
       C:\Program Files\dotnet\sdk\10.0.103\Sdks\Microsoft.NET.Sdk\targets\Microsoft.NET.Sdk.targets(220,5): message :     
       C:\Program Files\dotnet\sdk\10.0.103\Sdks\Microsoft.NET.Sdk\targets\Microsoft.NET.Sdk.targets(220,5): message :     " (previous value: "
       C:\Program Files\dotnet\sdk\10.0.103\Sdks\Microsoft.NET.Sdk\targets\Microsoft.NET.Sdk.targets(220,5): message :       BeforeRebuild;
       C:\Program Files\dotnet\sdk\10.0.103\Sdks\Microsoft.NET.Sdk\targets\Microsoft.NET.Sdk.targets(220,5): message :       Clean;
       C:\Program Files\dotnet\sdk\10.0.103\Sdks\Microsoft.NET.Sdk\targets\Microsoft.NET.Sdk.targets(220,5): message :       Build;
       C:\Program Files\dotnet\sdk\10.0.103\Sdks\Microsoft.NET.Sdk\targets\Microsoft.NET.Sdk.targets(220,5): message :       AfterRebuild;
       C:\Program Files\dotnet\sdk\10.0.103\Sdks\Microsoft.NET.Sdk\targets\Microsoft.NET.Sdk.targets(220,5): message :     ") at C:\Program Files\dotnet\sdk\10.0.103\Sdks\Microsoft.NET.Sdk\targets\Microsoft.NET.Sdk.targets (220,5)
       C:\Program Files\dotnet\sdk\10.0.103\Sdks\Microsoft.NET.Sdk\targets\Microsoft.NET.Sdk.targets(799,5): message : Property reassignment: $(CompileDependsOn)="
       C:\Program Files\dotnet\sdk\10.0.103\Sdks\Microsoft.NET.Sdk\targets\Microsoft.NET.Sdk.targets(799,5): message :       
       C:\Program Files\dotnet\sdk\10.0.103\Sdks\Microsoft.NET.Sdk\targets\Microsoft.NET.Sdk.targets(799,5): message :       ResolveReferences;
       C:\Program Files\dotnet\sdk\10.0.103\Sdks\Microsoft.NET.Sdk\targets\Microsoft.NET.Sdk.targets(799,5): message :       ResolveKeySource;
       C:\Program Files\dotnet\sdk\10.0.103\Sdks\Microsoft.NET.Sdk\targets\Microsoft.NET.Sdk.targets(799,5): message :       SetWin32ManifestProperties;
       C:\Program Files\dotnet\sdk\10.0.103\Sdks\Microsoft.NET.Sdk\targets\Microsoft.NET.Sdk.targets(799,5): message :       _SetPreferNativeArm64Win32ManifestProperties;
       C:\Program Files\dotnet\sdk\10.0.103\Sdks\Microsoft.NET.Sdk\targets\Microsoft.NET.Sdk.targets(799,5): message :       FindReferenceAssembliesForReferences;
       C:\Program Files\dotnet\sdk\10.0.103\Sdks\Microsoft.NET.Sdk\targets\Microsoft.NET.Sdk.targets(799,5): message :       _GenerateCompileInputs;
       C:\Program Files\dotnet\sdk\10.0.103\Sdks\Microsoft.NET.Sdk\targets\Microsoft.NET.Sdk.targets(799,5): message :       BeforeCompile;
       C:\Program Files\dotnet\sdk\10.0.103\Sdks\Microsoft.NET.Sdk\targets\Microsoft.NET.Sdk.targets(799,5): message :       _TimeStampBeforeCompile;
       C:\Program Files\dotnet\sdk\10.0.103\Sdks\Microsoft.NET.Sdk\targets\Microsoft.NET.Sdk.targets(799,5): message :       _GenerateCompileDependencyCache;
       C:\Program Files\dotnet\sdk\10.0.103\Sdks\Microsoft.NET.Sdk\targets\Microsoft.NET.Sdk.targets(799,5): message :       CoreCompile;
       C:\Program Files\dotnet\sdk\10.0.103\Sdks\Microsoft.NET.Sdk\targets\Microsoft.NET.Sdk.targets(799,5): message :       _TimeStampAfterCompile;
       C:\Program Files\dotnet\sdk\10.0.103\Sdks\Microsoft.NET.Sdk\targets\Microsoft.NET.Sdk.targets(799,5): message :       AfterCompile;
       C:\Program Files\dotnet\sdk\10.0.103\Sdks\Microsoft.NET.Sdk\targets\Microsoft.NET.Sdk.targets(799,5): message :     ;
       C:\Program Files\dotnet\sdk\10.0.103\Sdks\Microsoft.NET.Sdk\targets\Microsoft.NET.Sdk.targets(799,5): message :       _CreateAppHost;
       C:\Program Files\dotnet\sdk\10.0.103\Sdks\Microsoft.NET.Sdk\targets\Microsoft.NET.Sdk.targets(799,5): message :       _CreateComHost;
       C:\Program Files\dotnet\sdk\10.0.103\Sdks\Microsoft.NET.Sdk\targets\Microsoft.NET.Sdk.targets(799,5): message :       _GetIjwHostPaths;
       C:\Program Files\dotnet\sdk\10.0.103\Sdks\Microsoft.NET.Sdk\targets\Microsoft.NET.Sdk.targets(799,5): message :     " (previous value: "
       C:\Program Files\dotnet\sdk\10.0.103\Sdks\Microsoft.NET.Sdk\targets\Microsoft.NET.Sdk.targets(799,5): message :       ResolveReferences;
       C:\Program Files\dotnet\sdk\10.0.103\Sdks\Microsoft.NET.Sdk\targets\Microsoft.NET.Sdk.targets(799,5): message :       ResolveKeySource;
       C:\Program Files\dotnet\sdk\10.0.103\Sdks\Microsoft.NET.Sdk\targets\Microsoft.NET.Sdk.targets(799,5): message :       SetWin32ManifestProperties;
       C:\Program Files\dotnet\sdk\10.0.103\Sdks\Microsoft.NET.Sdk\targets\Microsoft.NET.Sdk.targets(799,5): message :       _SetPreferNativeArm64Win32ManifestProperties;
       C:\Program Files\dotnet\sdk\10.0.103\Sdks\Microsoft.NET.Sdk\targets\Microsoft.NET.Sdk.targets(799,5): message :       FindReferenceAssembliesForReferences;
       C:\Program Files\dotnet\sdk\10.0.103\Sdks\Microsoft.NET.Sdk\targets\Microsoft.NET.Sdk.targets(799,5): message :       _GenerateCompileInputs;
       C:\Program Files\dotnet\sdk\10.0.103\Sdks\Microsoft.NET.Sdk\targets\Microsoft.NET.Sdk.targets(799,5): message :       BeforeCompile;
       C:\Program Files\dotnet\sdk\10.0.103\Sdks\Microsoft.NET.Sdk\targets\Microsoft.NET.Sdk.targets(799,5): message :       _TimeStampBeforeCompile;
       C:\Program Files\dotnet\sdk\10.0.103\Sdks\Microsoft.NET.Sdk\targets\Microsoft.NET.Sdk.targets(799,5): message :       _GenerateCompileDependencyCache;
       C:\Program Files\dotnet\sdk\10.0.103\Sdks\Microsoft.NET.Sdk\targets\Microsoft.NET.Sdk.targets(799,5): message :       CoreCompile;
       C:\Program Files\dotnet\sdk\10.0.103\Sdks\Microsoft.NET.Sdk\targets\Microsoft.NET.Sdk.targets(799,5): message :       _TimeStampAfterCompile;
       C:\Program Files\dotnet\sdk\10.0.103\Sdks\Microsoft.NET.Sdk\targets\Microsoft.NET.Sdk.targets(799,5): message :       AfterCompile;
       C:\Program Files\dotnet\sdk\10.0.103\Sdks\Microsoft.NET.Sdk\targets\Microsoft.NET.Sdk.targets(799,5): message :     ") at C:\Program Files\dotnet\sdk\10.0.103\Sdks\Microsoft.NET.Sdk\targets\Microsoft.NET.Sdk.targets (799,5)
       C:\Program Files\dotnet\sdk\10.0.103\Sdks\Microsoft.NET.Sdk\targets\Microsoft.NET.Sdk.targets(1131,5): message : Property reassignment: $(CreateSatelliteAssembliesDependsOn)="
       C:\Program Files\dotnet\sdk\10.0.103\Sdks\Microsoft.NET.Sdk\targets\Microsoft.NET.Sdk.targets(1131,5): message :       
       C:\Program Files\dotnet\sdk\10.0.103\Sdks\Microsoft.NET.Sdk\targets\Microsoft.NET.Sdk.targets(1131,5): message :       ;
       C:\Program Files\dotnet\sdk\10.0.103\Sdks\Microsoft.NET.Sdk\targets\Microsoft.NET.Sdk.targets(1131,5): message :       _GenerateSatelliteAssemblyInputs;
       C:\Program Files\dotnet\sdk\10.0.103\Sdks\Microsoft.NET.Sdk\targets\Microsoft.NET.Sdk.targets(1131,5): message :       ComputeIntermediateSatelliteAssemblies;
       C:\Program Files\dotnet\sdk\10.0.103\Sdks\Microsoft.NET.Sdk\targets\Microsoft.NET.Sdk.targets(1131,5): message :       GenerateSatelliteAssemblies
       C:\Program Files\dotnet\sdk\10.0.103\Sdks\Microsoft.NET.Sdk\targets\Microsoft.NET.Sdk.targets(1131,5): message :     ;
       C:\Program Files\dotnet\sdk\10.0.103\Sdks\Microsoft.NET.Sdk\targets\Microsoft.NET.Sdk.targets(1131,5): message :       CoreGenerateSatelliteAssemblies
       C:\Program Files\dotnet\sdk\10.0.103\Sdks\Microsoft.NET.Sdk\targets\Microsoft.NET.Sdk.targets(1131,5): message :     " (previous value: "
       C:\Program Files\dotnet\sdk\10.0.103\Sdks\Microsoft.NET.Sdk\targets\Microsoft.NET.Sdk.targets(1131,5): message :       ;
       C:\Program Files\dotnet\sdk\10.0.103\Sdks\Microsoft.NET.Sdk\targets\Microsoft.NET.Sdk.targets(1131,5): message :       _GenerateSatelliteAssemblyInputs;
       C:\Program Files\dotnet\sdk\10.0.103\Sdks\Microsoft.NET.Sdk\targets\Microsoft.NET.Sdk.targets(1131,5): message :       ComputeIntermediateSatelliteAssemblies;
       C:\Program Files\dotnet\sdk\10.0.103\Sdks\Microsoft.NET.Sdk\targets\Microsoft.NET.Sdk.targets(1131,5): message :       GenerateSatelliteAssemblies
       C:\Program Files\dotnet\sdk\10.0.103\Sdks\Microsoft.NET.Sdk\targets\Microsoft.NET.Sdk.targets(1131,5): message :     ") at C:\Program Files\dotnet\sdk\10.0.103\Sdks\Microsoft.NET.Sdk\targets\Microsoft.NET.Sdk.targets (1131,5)
       C:\Program Files\dotnet\sdk\10.0.103\Sdks\Microsoft.SourceLink.GitLab\build\Microsoft.SourceLink.GitLab.targets(12,5): message : Property reassignment: $(SourceLinkUrlInitializerTargets)=";_InitializeGitHubSourceLinkUrl;_InitializeGitLabSourceLinkUrl" (previous value: ";_InitializeGitHubSourceLinkUrl") at C:\Program Files\dotnet\sdk\10.0.103\Sdks\Microsoft.SourceLink.GitLab\build\Microsoft.SourceLink.GitLab.targets (12,5)
       C:\Program Files\dotnet\sdk\10.0.103\Sdks\Microsoft.SourceLink.GitLab\build\Microsoft.SourceLink.GitLab.targets(13,5): message : Property reassignment: $(SourceControlManagerUrlTranslationTargets)=";TranslateGitHubUrlsInSourceControlInformation;TranslateGitLabUrlsInSourceControlInformation" (previous value: ";TranslateGitHubUrlsInSourceControlInformation") at C:\Program Files\dotnet\sdk\10.0.103\Sdks\Microsoft.SourceLink.GitLab\build\Microsoft.SourceLink.GitLab.targets (13,5)
       C:\Program Files\dotnet\sdk\10.0.103\Sdks\Microsoft.SourceLink.AzureRepos.Git\build\Microsoft.SourceLink.AzureRepos.Git.targets(12,5): message : Property reassignment: $(SourceLinkUrlInitializerTargets)=";_InitializeGitHubSourceLinkUrl;_InitializeGitLabSourceLinkUrl;_InitializeAzureReposGitSourceLinkUrl" (previous value: ";_InitializeGitHubSourceLinkUrl;_InitializeGitLabSourceLinkUrl") at C:\Program Files\dotnet\sdk\10.0.103\Sdks\Microsoft.SourceLink.AzureRepos.Git\build\Microsoft.SourceLink.AzureRepos.Git.targets (12,5)
       C:\Program Files\dotnet\sdk\10.0.103\Sdks\Microsoft.SourceLink.AzureRepos.Git\build\Microsoft.SourceLink.AzureRepos.Git.targets(13,5): message : Property reassignment: $(SourceControlManagerUrlTranslationTargets)=";TranslateGitHubUrlsInSourceControlInformation;TranslateGitLabUrlsInSourceControlInformation;TranslateAzureReposGitUrlsInSourceControlInformation" (previous value: ";TranslateGitHubUrlsInSourceControlInformation;TranslateGitLabUrlsInSourceControlInformation") at C:\Program Files\dotnet\sdk\10.0.103\Sdks\Microsoft.SourceLink.AzureRepos.Git\build\Microsoft.SourceLink.AzureRepos.Git.targets (13,5)
       C:\Program Files\dotnet\sdk\10.0.103\Sdks\Microsoft.SourceLink.Bitbucket.Git\build\Microsoft.SourceLink.Bitbucket.Git.targets(12,5): message : Property reassignment: $(SourceLinkUrlInitializerTargets)=";_InitializeGitHubSourceLinkUrl;_InitializeGitLabSourceLinkUrl;_InitializeAzureReposGitSourceLinkUrl;_InitializeBitbucketGitSourceLinkUrl" (previous value: ";_InitializeGitHubSourceLinkUrl;_InitializeGitLabSourceLinkUrl;_InitializeAzureReposGitSourceLinkUrl") at C:\Program Files\dotnet\sdk\10.0.103\Sdks\Microsoft.SourceLink.Bitbucket.Git\build\Microsoft.SourceLink.Bitbucket.Git.targets (12,5)
       C:\Program Files\dotnet\sdk\10.0.103\Sdks\Microsoft.SourceLink.Bitbucket.Git\build\Microsoft.SourceLink.Bitbucket.Git.targets(13,5): message : Property reassignment: $(SourceControlManagerUrlTranslationTargets)=";TranslateGitHubUrlsInSourceControlInformation;TranslateGitLabUrlsInSourceControlInformation;TranslateAzureReposGitUrlsInSourceControlInformation;TranslateBitbucketGitUrlsInSourceControlInformation" (previous value: ";TranslateGitHubUrlsInSourceControlInformation;TranslateGitLabUrlsInSourceControlInformation;TranslateAzureReposGitUrlsInSourceControlInformation") at C:\Program Files\dotnet\sdk\10.0.103\Sdks\Microsoft.SourceLink.Bitbucket.Git\build\Microsoft.SourceLink.Bitbucket.Git.targets (13,5)
       C:\Program Files\dotnet\sdk\10.0.103\Sdks\Microsoft.NET.Sdk\targets\Microsoft.NET.DesignerSupport.targets(21,5): message : Property reassignment: $(DesignerRuntimeImplementationProjectOutputGroupDependsOn)="
       C:\Program Files\dotnet\sdk\10.0.103\Sdks\Microsoft.NET.Sdk\targets\Microsoft.NET.DesignerSupport.targets(21,5): message :       
       C:\Program Files\dotnet\sdk\10.0.103\Sdks\Microsoft.NET.Sdk\targets\Microsoft.NET.DesignerSupport.targets(21,5): message :       ;
       C:\Program Files\dotnet\sdk\10.0.103\Sdks\Microsoft.NET.Sdk\targets\Microsoft.NET.DesignerSupport.targets(21,5): message :       
       C:\Program Files\dotnet\sdk\10.0.103\Sdks\Microsoft.NET.Sdk\targets\Microsoft.NET.DesignerSupport.targets(21,5): message :       ;
       C:\Program Files\dotnet\sdk\10.0.103\Sdks\Microsoft.NET.Sdk\targets\Microsoft.NET.DesignerSupport.targets(21,5): message :       BuildOnlySettings;
       C:\Program Files\dotnet\sdk\10.0.103\Sdks\Microsoft.NET.Sdk\targets\Microsoft.NET.DesignerSupport.targets(21,5): message :       PrepareForBuild;
       C:\Program Files\dotnet\sdk\10.0.103\Sdks\Microsoft.NET.Sdk\targets\Microsoft.NET.DesignerSupport.targets(21,5): message :       AssignTargetPaths;
       C:\Program Files\dotnet\sdk\10.0.103\Sdks\Microsoft.NET.Sdk\targets\Microsoft.NET.DesignerSupport.targets(21,5): message :       ResolveReferences
       C:\Program Files\dotnet\sdk\10.0.103\Sdks\Microsoft.NET.Sdk\targets\Microsoft.NET.DesignerSupport.targets(21,5): message :     
       C:\Program Files\dotnet\sdk\10.0.103\Sdks\Microsoft.NET.Sdk\targets\Microsoft.NET.DesignerSupport.targets(21,5): message :     ;
       C:\Program Files\dotnet\sdk\10.0.103\Sdks\Microsoft.NET.Sdk\targets\Microsoft.NET.DesignerSupport.targets(21,5): message :       _GenerateDesignerDepsFile;
       C:\Program Files\dotnet\sdk\10.0.103\Sdks\Microsoft.NET.Sdk\targets\Microsoft.NET.DesignerSupport.targets(21,5): message :       _GenerateDesignerRuntimeConfigFile;
       C:\Program Files\dotnet\sdk\10.0.103\Sdks\Microsoft.NET.Sdk\targets\Microsoft.NET.DesignerSupport.targets(21,5): message :       GetCopyToOutputDirectoryItems;
       C:\Program Files\dotnet\sdk\10.0.103\Sdks\Microsoft.NET.Sdk\targets\Microsoft.NET.DesignerSupport.targets(21,5): message :       _GatherDesignerShadowCopyFiles;
       C:\Program Files\dotnet\sdk\10.0.103\Sdks\Microsoft.NET.Sdk\targets\Microsoft.NET.DesignerSupport.targets(21,5): message :     " (previous value: "
       C:\Program Files\dotnet\sdk\10.0.103\Sdks\Microsoft.NET.Sdk\targets\Microsoft.NET.DesignerSupport.targets(21,5): message :       ;
       C:\Program Files\dotnet\sdk\10.0.103\Sdks\Microsoft.NET.Sdk\targets\Microsoft.NET.DesignerSupport.targets(21,5): message :       
       C:\Program Files\dotnet\sdk\10.0.103\Sdks\Microsoft.NET.Sdk\targets\Microsoft.NET.DesignerSupport.targets(21,5): message :       ;
       C:\Program Files\dotnet\sdk\10.0.103\Sdks\Microsoft.NET.Sdk\targets\Microsoft.NET.DesignerSupport.targets(21,5): message :       BuildOnlySettings;
       C:\Program Files\dotnet\sdk\10.0.103\Sdks\Microsoft.NET.Sdk\targets\Microsoft.NET.DesignerSupport.targets(21,5): message :       PrepareForBuild;
       C:\Program Files\dotnet\sdk\10.0.103\Sdks\Microsoft.NET.Sdk\targets\Microsoft.NET.DesignerSupport.targets(21,5): message :       AssignTargetPaths;
       C:\Program Files\dotnet\sdk\10.0.103\Sdks\Microsoft.NET.Sdk\targets\Microsoft.NET.DesignerSupport.targets(21,5): message :       ResolveReferences
       C:\Program Files\dotnet\sdk\10.0.103\Sdks\Microsoft.NET.Sdk\targets\Microsoft.NET.DesignerSupport.targets(21,5): message :     
       C:\Program Files\dotnet\sdk\10.0.103\Sdks\Microsoft.NET.Sdk\targets\Microsoft.NET.DesignerSupport.targets(21,5): message :     ") at C:\Program Files\dotnet\sdk\10.0.103\Sdks\Microsoft.NET.Sdk\targets\Microsoft.NET.DesignerSupport.targets (21,5)
       C:\Program Files\dotnet\sdk\10.0.103\Sdks\Microsoft.NET.Sdk\targets\Microsoft.NET.Sdk.CSharp.targets(31,5): message : Property reassignment: $(DefineConstants)="TRACE;DEBUG" (previous value: "TRACE") at C:\Program Files\dotnet\sdk\10.0.103\Sdks\Microsoft.NET.Sdk\targets\Microsoft.NET.Sdk.CSharp.targets (31,5)
       C:\Program Files\dotnet\sdk\10.0.103\Sdks\Microsoft.NET.Sdk\targets\Microsoft.NET.Sdk.CSharp.targets(45,5): message : Property reassignment: $(WarningsAsErrors)=";NU1605;SYSLIB0011" (previous value: ";NU1605") at C:\Program Files\dotnet\sdk\10.0.103\Sdks\Microsoft.NET.Sdk\targets\Microsoft.NET.Sdk.CSharp.targets (45,5)
       C:\Program Files\dotnet\sdk\10.0.103\Sdks\Microsoft.NET.Sdk\targets\Microsoft.NET.Windows.targets(239,5): message : Property reassignment: $(_RunCsWinRTGeneratorPropertyInputsCachePath)="C:\Users\Damien Mazeas\Desktop\portfolio\Orange\RobotControllerApp\obj\ARM64\Debug\net8.0-windows10.0.19041.0\win-arm64\RobotControllerApp.cswinrtgen.cache" (previous value: "obj\ARM64\Debug\net8.0-windows10.0.19041.0\win-arm64\RobotControllerApp.cswinrtgen.cache") at C:\Program Files\dotnet\sdk\10.0.103\Sdks\Microsoft.NET.Sdk\targets\Microsoft.NET.Windows.targets (239,5)
       C:\Program Files\dotnet\sdk\10.0.103\NuGet.Build.Tasks.Pack.targets(34,5): message : Property reassignment: $(PackageDescription)="Package Description" (previous value: "") at C:\Program Files\dotnet\sdk\10.0.103\NuGet.Build.Tasks.Pack.targets (34,5)
       C:\Program Files\dotnet\sdk\10.0.103\NuGet.Build.Tasks.Pack.targets(59,5): message : Property reassignment: $(GenerateNuspecDependsOn)="Build;_LoadPackInputItems; _GetTargetFrameworksOutput; _WalkEachTargetPerFramework; _GetPackageFiles; " (previous value: "_LoadPackInputItems; _GetTargetFrameworksOutput; _WalkEachTargetPerFramework; _GetPackageFiles; ") at C:\Program Files\dotnet\sdk\10.0.103\NuGet.Build.Tasks.Pack.targets (59,5)
       C:\Program Files\dotnet\sdk\10.0.103\Sdks\Microsoft.NET.Sdk\Sdk\Sdk.targets(59,5): message : Property reassignment: $(_IsNotSetContainersTargetsDir)="true" (previous value: "false") at C:\Program Files\dotnet\sdk\10.0.103\Sdks\Microsoft.NET.Sdk\Sdk\Sdk.targets (59,5)
       C:\Program Files\dotnet\sdk\10.0.103\Containers\build\Microsoft.NET.Build.Containers.targets(5,5): message : Property reassignment: $(_IsSDKContainerAllowedVersion)="true" (previous value: "false") at C:\Program Files\dotnet\sdk\10.0.103\Containers\build\Microsoft.NET.Build.Containers.targets (5,5)
       C:\Program Files\dotnet\sdk\10.0.103\Containers\build\Microsoft.NET.Build.Containers.targets(15,5): message : Property reassignment: $(_ContainerIsTargetingNet8TFM)="true" (previous value: "false") at C:\Program Files\dotnet\sdk\10.0.103\Containers\build\Microsoft.NET.Build.Containers.targets (15,5)
       C:\Program Files\dotnet\sdk\10.0.103\Containers\build\Microsoft.NET.Build.Containers.targets(17,5): message : Property reassignment: $(_ContainerIsSelfContained)="true" (previous value: "false") at C:\Program Files\dotnet\sdk\10.0.103\Containers\build\Microsoft.NET.Build.Containers.targets (17,5)
       Overriding target "ResolveFrameworkReferences" in project "C:\Program Files\dotnet\sdk\10.0.103\Microsoft.Common.CurrentVersion.targets" with target "ResolveFrameworkReferences" from project "C:\Program Files\dotnet\sdk\10.0.103\Sdks\Microsoft.NET.Sdk\targets\Microsoft.NET.Sdk.FrameworkReferenceResolution.targets".
       Overriding target "GenerateSupportedTargetFrameworkAlias" in project "C:\Program Files\dotnet\sdk\10.0.103\Microsoft.Common.CurrentVersion.targets" with target "GenerateSupportedTargetFrameworkAlias" from project "C:\Program Files\dotnet\sdk\10.0.103\Sdks\Microsoft.NET.Sdk\targets\Microsoft.NET.Sdk.targets".
       Overriding target "GetReferenceAssemblyPaths" in project "C:\Program Files\dotnet\sdk\10.0.103\Microsoft.Common.CurrentVersion.targets" with target "GetReferenceAssemblyPaths" from project "C:\Program Files\dotnet\sdk\10.0.103\Sdks\Microsoft.NET.Sdk\targets\Microsoft.NET.DisableStandardFrameworkResolution.targets".
       Overriding target "GetFrameworkPaths" in project "C:\Program Files\dotnet\sdk\10.0.103\Microsoft.Common.CurrentVersion.targets" with target "GetFrameworkPaths" from project "C:\Program Files\dotnet\sdk\10.0.103\Sdks\Microsoft.NET.Sdk\targets\Microsoft.NET.DisableStandardFrameworkResolution.targets".
       Overriding target "DesignerRuntimeImplementationProjectOutputGroup" in project "C:\Program Files\dotnet\sdk\10.0.103\Microsoft.Common.CurrentVersion.targets" with target "DesignerRuntimeImplementationProjectOutputGroup" from project "C:\Program Files\dotnet\sdk\10.0.103\Sdks\Microsoft.NET.Sdk\targets\Microsoft.NET.DesignerSupport.targets".
       Overriding target "Publish" in project "C:\Program Files\dotnet\sdk\10.0.103\Microsoft.Common.CurrentVersion.targets" with target "Publish" from project "C:\Program Files\dotnet\sdk\10.0.103\Sdks\Microsoft.NET.Sdk\targets\Microsoft.NET.Publish.targets".
       Overriding target "ResolveReadyToRunCompilers" in project "C:\Program Files\dotnet\sdk\10.0.103\Sdks\Microsoft.NET.Sdk\targets\Microsoft.NET.CrossGen.targets" with target "ResolveReadyToRunCompilers" from project "C:\Program Files\dotnet\sdk\10.0.103\Sdks\Microsoft.NET.Sdk\targets\Microsoft.NET.Publish.targets".
       Overriding target "GetCopyToPublishDirectoryItems" in project "C:\Program Files\dotnet\sdk\10.0.103\Microsoft.Common.CurrentVersion.targets" with target "GetCopyToPublishDirectoryItems" from project "C:\Program Files\dotnet\sdk\10.0.103\Sdks\Microsoft.NET.Sdk\targets\Microsoft.NET.Publish.targets".
       Overriding target "Run" in project "C:\Program Files\dotnet\sdk\10.0.103\Microsoft.Common.CurrentVersion.targets" with target "Run" from project "C:\Program Files\dotnet\sdk\10.0.103\Sdks\Microsoft.NET.Sdk\targets\Microsoft.NET.Sdk.targets".
     1>Project "C:\Users\Damien Mazeas\Desktop\portfolio\Orange\RobotControllerApp\RobotControllerApp.slnx" (1) is building "C:\Users\Damien Mazeas\Desktop\portfolio\Orange\RobotControllerApp\RobotControllerApp.csproj" (2) on node 1 (_IsProjectRestoreSupported target(s)).
     2>Target "_IsProjectRestoreSupported" in file "C:\Program Files\dotnet\sdk\10.0.103\NuGet.targets" from project "C:\Users\Damien Mazeas\Desktop\portfolio\Orange\RobotControllerApp\RobotControllerApp.csproj" (entry point):
     2>Done building target "_IsProjectRestoreSupported" in project "RobotControllerApp.csproj".
     2>Done Building Project "C:\Users\Damien Mazeas\Desktop\portfolio\Orange\RobotControllerApp\RobotControllerApp.csproj" (_IsProjectRestoreSupported target(s)).
     1>Done executing task "MSBuild".
       Using "WarnForInvalidProjectsTask" task from assembly "C:\Program Files\dotnet\sdk\10.0.103\NuGet.Build.Tasks.dll".
       Task "WarnForInvalidProjectsTask"
       Done executing task "WarnForInvalidProjectsTask".
     1>Done building target "_FilterRestoreGraphProjectInputItems" in project "RobotControllerApp.slnx".
       Target "_FilterRestoreGraphProjectInputItems" skipped. Previously built successfully.
     1>Target "_GetAllRestoreProjectPathItems" in file "C:\Program Files\dotnet\sdk\10.0.103\NuGet.targets" from project "C:\Users\Damien Mazeas\Desktop\portfolio\Orange\RobotControllerApp\RobotControllerApp.slnx" (target "_GenerateRestoreGraph" depends on it):
       Using "NuGetMessageTask" task from assembly "C:\Program Files\dotnet\sdk\10.0.103\NuGet.Build.Tasks.dll".
       Task "NuGetMessageTask"
         Determining projects to restore...
       Done executing task "NuGetMessageTask".
       Task "MSBuild"
         Global Properties:
           ExcludeRestorePackageImports=true
           _RestoreSolutionFileUsed=true
           SolutionDir=C:\Users\Damien Mazeas\Desktop\portfolio\Orange\RobotControllerApp\
           SolutionName=RobotControllerApp
           SolutionFileName=RobotControllerApp.slnx
           SolutionPath=C:\Users\Damien Mazeas\Desktop\portfolio\Orange\RobotControllerApp\RobotControllerApp.slnx
           SolutionExt=.slnx
         Additional Properties for project "C:\Users\Damien Mazeas\Desktop\portfolio\Orange\RobotControllerApp\RobotControllerApp.csproj":
           Configuration=Debug
           Platform=ARM64
     1>Project "C:\Users\Damien Mazeas\Desktop\portfolio\Orange\RobotControllerApp\RobotControllerApp.slnx" (1) is building "C:\Users\Damien Mazeas\Desktop\portfolio\Orange\RobotControllerApp\RobotControllerApp.csproj" (2:2) on node 1 (_GenerateRestoreProjectPathWalk target(s)).
   2:2>Target "_GenerateRestoreProjectPathItemsPerFramework" in file "C:\Program Files\dotnet\sdk\10.0.103\NuGet.targets" from project "C:\Users\Damien Mazeas\Desktop\portfolio\Orange\RobotControllerApp\RobotControllerApp.csproj" (target "_GenerateRestoreProjectPathItemsCurrentProject" depends on it):
   2:2>Using "ConvertToAbsolutePath" task from assembly "Microsoft.Build.Tasks.Core, Version=15.1.0.0, Culture=neutral, PublicKeyToken=b03f5f7f11d50a3a".
       Task "ConvertToAbsolutePath"
       Done executing task "ConvertToAbsolutePath".
   2:2>Done building target "_GenerateRestoreProjectPathItemsPerFramework" in project "RobotControllerApp.csproj".
   2:2>Target "_GenerateRestoreProjectPathItemsCurrentProject" in file "C:\Program Files\dotnet\sdk\10.0.103\NuGet.targets" from project "C:\Users\Damien Mazeas\Desktop\portfolio\Orange\RobotControllerApp\RobotControllerApp.csproj" (target "_GenerateRestoreProjectPathItems" depends on it):
   2:2>Done building target "_GenerateRestoreProjectPathItemsCurrentProject" in project "RobotControllerApp.csproj".
   2:2>Target "_GenerateRestoreProjectPathItems" in file "C:\Program Files\dotnet\sdk\10.0.103\NuGet.targets" from project "C:\Users\Damien Mazeas\Desktop\portfolio\Orange\RobotControllerApp\RobotControllerApp.csproj" (target "_GenerateRestoreProjectPathWalk" depends on it):
       Using "RemoveDuplicates" task from assembly "Microsoft.Build.Tasks.Core, Version=15.1.0.0, Culture=neutral, PublicKeyToken=b03f5f7f11d50a3a".
       Task "RemoveDuplicates"
       Done executing task "RemoveDuplicates".
   2:2>Done building target "_GenerateRestoreProjectPathItems" in project "RobotControllerApp.csproj".
   2:2>Target "_GenerateRestoreProjectPathWalk" in file "C:\Program Files\dotnet\sdk\10.0.103\NuGet.targets" from project "C:\Users\Damien Mazeas\Desktop\portfolio\Orange\RobotControllerApp\RobotControllerApp.csproj" (entry point):
       Using "MSBuild" task from assembly "Microsoft.Build.Tasks.Core, Version=15.1.0.0, Culture=neutral, PublicKeyToken=b03f5f7f11d50a3a".
       Task "MSBuild"
       Done executing task "MSBuild".
       Task "RemoveDuplicates"
       Done executing task "RemoveDuplicates".
   2:2>Done building target "_GenerateRestoreProjectPathWalk" in project "RobotControllerApp.csproj".
   2:2>Done Building Project "C:\Users\Damien Mazeas\Desktop\portfolio\Orange\RobotControllerApp\RobotControllerApp.csproj" (_GenerateRestoreProjectPathWalk target(s)).
     1>Done executing task "MSBuild".
       Task "RemoveDuplicates"
       Done executing task "RemoveDuplicates".
       Task "MSBuild"
         Global Properties:
           ExcludeRestorePackageImports=true
           _RestoreSolutionFileUsed=true
           SolutionDir=C:\Users\Damien Mazeas\Desktop\portfolio\Orange\RobotControllerApp\
           SolutionName=RobotControllerApp
           SolutionFileName=RobotControllerApp.slnx
           SolutionPath=C:\Users\Damien Mazeas\Desktop\portfolio\Orange\RobotControllerApp\RobotControllerApp.slnx
           SolutionExt=.slnx
         Additional Properties for project "C:\Users\Damien Mazeas\Desktop\portfolio\Orange\RobotControllerApp\RobotControllerApp.csproj":
           Configuration=Debug
           Platform=ARM64
     1>Project "C:\Users\Damien Mazeas\Desktop\portfolio\Orange\RobotControllerApp\RobotControllerApp.slnx" (1) is building "C:\Users\Damien Mazeas\Desktop\portfolio\Orange\RobotControllerApp\RobotControllerApp.csproj" (2:3) on node 1 (_IsProjectRestoreSupported target(s)).
   2:3>Target "_IsProjectRestoreSupported" skipped. Previously built successfully.
   2:3>Done Building Project "C:\Users\Damien Mazeas\Desktop\portfolio\Orange\RobotControllerApp\RobotControllerApp.csproj" (_IsProjectRestoreSupported target(s)).
     1>Done executing task "MSBuild".
     1>Done building target "_GetAllRestoreProjectPathItems" in project "RobotControllerApp.slnx".
     1>Target "_GenerateRestoreGraph" in file "C:\Program Files\dotnet\sdk\10.0.103\NuGet.targets" from project "C:\Users\Damien Mazeas\Desktop\portfolio\Orange\RobotControllerApp\RobotControllerApp.slnx" (target "Restore" depends on it):
       Task "Message"
         Generating dg file
       Done executing task "Message".
       Task "Message"
         C:\Users\Damien Mazeas\Desktop\portfolio\Orange\RobotControllerApp\RobotControllerApp.csproj
       Done executing task "Message".
       Task "MSBuild"
         Global Properties:
           ExcludeRestorePackageImports=true
           _RestoreSolutionFileUsed=true
           SolutionDir=C:\Users\Damien Mazeas\Desktop\portfolio\Orange\RobotControllerApp\
           SolutionName=RobotControllerApp
           SolutionFileName=RobotControllerApp.slnx
           SolutionPath=C:\Users\Damien Mazeas\Desktop\portfolio\Orange\RobotControllerApp\RobotControllerApp.slnx
           SolutionExt=.slnx
         Additional Properties for project "C:\Users\Damien Mazeas\Desktop\portfolio\Orange\RobotControllerApp\RobotControllerApp.csproj":
           Configuration=Debug
           Platform=ARM64
     1>Project "C:\Users\Damien Mazeas\Desktop\portfolio\Orange\RobotControllerApp\RobotControllerApp.slnx" (1) is building "C:\Users\Damien Mazeas\Desktop\portfolio\Orange\RobotControllerApp\RobotControllerApp.csproj" (2:4) on node 1 (_GenerateRestoreGraphProjectEntry target(s)).
   2:4>Target "_CheckForUnsupportedTargetPlatformIdentifier" in file "C:\Program Files\dotnet\sdk\10.0.103\Sdks\Microsoft.NET.Sdk\targets\Microsoft.NET.TargetFrameworkInference.targets" from project "C:\Users\Damien Mazeas\Desktop\portfolio\Orange\RobotControllerApp\RobotControllerApp.csproj" (target "CollectPackageReferences" depends on it):
   2:4>Done building target "_CheckForUnsupportedTargetPlatformIdentifier" in project "RobotControllerApp.csproj".
   2:4>Target "_CheckForUnsupportedNETCoreVersion" in file "C:\Program Files\dotnet\sdk\10.0.103\Sdks\Microsoft.NET.Sdk\targets\Microsoft.NET.TargetFrameworkInference.targets" from project "C:\Users\Damien Mazeas\Desktop\portfolio\Orange\RobotControllerApp\RobotControllerApp.csproj" (target "CollectPackageReferences" depends on it):
   2:4>Done building target "_CheckForUnsupportedNETCoreVersion" in project "RobotControllerApp.csproj".
   2:4>Target "_CheckForUnsupportedCppNETCoreVersion" in file "C:\Program Files\dotnet\sdk\10.0.103\Sdks\Microsoft.NET.Sdk\targets\Microsoft.NET.TargetFrameworkInference.targets" from project "C:\Users\Damien Mazeas\Desktop\portfolio\Orange\RobotControllerApp\RobotControllerApp.csproj" (target "CollectPackageReferences" depends on it):
   2:4>Done building target "_CheckForUnsupportedCppNETCoreVersion" in project "RobotControllerApp.csproj".
   2:4>Target "UpdateAspNetToFrameworkReference" in file "C:\Program Files\dotnet\sdk\10.0.103\Sdks\Microsoft.NET.Sdk\targets\Microsoft.NET.Sdk.DefaultItems.Shared.targets" from project "C:\Users\Damien Mazeas\Desktop\portfolio\Orange\RobotControllerApp\RobotControllerApp.csproj" (target "ApplyImplicitVersions" depends on it):
       Using "CheckIfPackageReferenceShouldBeFrameworkReference" task from assembly "C:\Program Files\dotnet\sdk\10.0.103\Sdks\Microsoft.NET.Sdk\targets\..\tools\net10.0\Microsoft.NET.Build.Tasks.dll".
       Task "CheckIfPackageReferenceShouldBeFrameworkReference"
       Done executing task "CheckIfPackageReferenceShouldBeFrameworkReference".
       Task "CheckIfPackageReferenceShouldBeFrameworkReference"
       Done executing task "CheckIfPackageReferenceShouldBeFrameworkReference".
   2:4>Done building target "UpdateAspNetToFrameworkReference" in project "RobotControllerApp.csproj".
   2:4>Target "CheckForImplicitPackageReferenceOverrides" in file "C:\Program Files\dotnet\sdk\10.0.103\Sdks\Microsoft.NET.Sdk\targets\Microsoft.NET.Sdk.DefaultItems.Shared.targets" from project "C:\Users\Damien Mazeas\Desktop\portfolio\Orange\RobotControllerApp\RobotControllerApp.csproj" (target "ApplyImplicitVersions" depends on it):
       Using "CheckForImplicitPackageReferenceOverrides" task from assembly "C:\Program Files\dotnet\sdk\10.0.103\Sdks\Microsoft.NET.Sdk\targets\..\tools\net10.0\Microsoft.NET.Build.Tasks.dll".
       Task "CheckForImplicitPackageReferenceOverrides"
       Done executing task "CheckForImplicitPackageReferenceOverrides".
   2:4>Done building target "CheckForImplicitPackageReferenceOverrides" in project "RobotControllerApp.csproj".
   2:4>Target "ApplyImplicitVersions" in file "C:\Program Files\dotnet\sdk\10.0.103\Sdks\Microsoft.NET.Sdk\targets\Microsoft.NET.Sdk.DefaultItems.Shared.targets" from project "C:\Users\Damien Mazeas\Desktop\portfolio\Orange\RobotControllerApp\RobotControllerApp.csproj" (target "CollectPackageReferences" depends on it):
       Using "ApplyImplicitVersions" task from assembly "C:\Program Files\dotnet\sdk\10.0.103\Sdks\Microsoft.NET.Sdk\targets\..\tools\net10.0\Microsoft.NET.Build.Tasks.dll".
       Task "ApplyImplicitVersions"
       Done executing task "ApplyImplicitVersions".
   2:4>Done building target "ApplyImplicitVersions" in project "RobotControllerApp.csproj".
       Target "CheckForImplicitPackageReferenceOverrides" skipped. Previously built successfully.
   2:4>Target "AddWindowsSdkKnownFrameworkReferences" in file "C:\Program Files\dotnet\sdk\10.0.103\Sdks\Microsoft.NET.Sdk\targets\Microsoft.NET.Sdk.FrameworkReferenceResolution.targets" from project "C:\Users\Damien Mazeas\Desktop\portfolio\Orange\RobotControllerApp\RobotControllerApp.csproj" (target "ProcessFrameworkReferences" depends on it):
       Using "CreateWindowsSdkKnownFrameworkReferences" task from assembly "C:\Program Files\dotnet\sdk\10.0.103\Sdks\Microsoft.NET.Sdk\targets\..\tools\net10.0\Microsoft.NET.Build.Tasks.dll".
       Task "CreateWindowsSdkKnownFrameworkReferences"
       Done executing task "CreateWindowsSdkKnownFrameworkReferences".
   2:4>Done building target "AddWindowsSdkKnownFrameworkReferences" in project "RobotControllerApp.csproj".
   2:4>Target "_NormalizeTargetPlatformVersion" in file "C:\Program Files\dotnet\sdk\10.0.103\Sdks\Microsoft.NET.Sdk\targets\Microsoft.NET.TargetFrameworkInference.targets" from project "C:\Users\Damien Mazeas\Desktop\portfolio\Orange\RobotControllerApp\RobotControllerApp.csproj" (target "ProcessFrameworkReferences" depends on it):
   2:4>Done building target "_NormalizeTargetPlatformVersion" in project "RobotControllerApp.csproj".
   2:4>Target "_CheckForLanguageAndFeatureCombinationSupport" in file "C:\Program Files\dotnet\sdk\10.0.103\Sdks\Microsoft.NET.Sdk\targets\Microsoft.NET.RuntimeIdentifierInference.targets" from project "C:\Users\Damien Mazeas\Desktop\portfolio\Orange\RobotControllerApp\RobotControllerApp.csproj" (target "ProcessFrameworkReferences" depends on it):
   2:4>Done building target "_CheckForLanguageAndFeatureCombinationSupport" in project "RobotControllerApp.csproj".
   2:4>Target "_ComputeToolPackInputsToProcessFrameworkReferences" in file "C:\Program Files\dotnet\sdk\10.0.103\Sdks\Microsoft.NET.Sdk\targets\Microsoft.NET.Publish.targets" from project "C:\Users\Damien Mazeas\Desktop\portfolio\Orange\RobotControllerApp\RobotControllerApp.csproj" (target "ProcessFrameworkReferences" depends on it):
   2:4>Done building target "_ComputeToolPackInputsToProcessFrameworkReferences" in project "RobotControllerApp.csproj".
   2:4>Target "ProcessFrameworkReferences" in file "C:\Program Files\dotnet\sdk\10.0.103\Sdks\Microsoft.NET.Sdk\targets\Microsoft.NET.Sdk.FrameworkReferenceResolution.targets" from project "C:\Users\Damien Mazeas\Desktop\portfolio\Orange\RobotControllerApp\RobotControllerApp.csproj" (target "CollectPackageReferences" depends on it):
       Using "CheckForDuplicateFrameworkReferences" task from assembly "C:\Program Files\dotnet\sdk\10.0.103\Sdks\Microsoft.NET.Sdk\targets\..\tools\net10.0\Microsoft.NET.Build.Tasks.dll".
       Task "CheckForDuplicateFrameworkReferences"
       Done executing task "CheckForDuplicateFrameworkReferences".
       Using "ProcessFrameworkReferences" task from assembly "C:\Program Files\dotnet\sdk\10.0.103\Sdks\Microsoft.NET.Sdk\targets\..\tools\net10.0\Microsoft.NET.Build.Tasks.dll".
       Task "ProcessFrameworkReferences"
         Found 3 known framework references for target framework .NETCoreApp
         Found 6 known runtime packs for target framework .NETCoreApp
         Selected Microsoft.NETCore.App with RIDs 'linux-arm;linux-arm64;linux-musl-arm64;linux-musl-x64;linux-x64;osx-x64;tizen.4.0.0-armel;tizen.5.0.0-armel;win-arm64;win-x64;win-x86;linux-musl-arm;osx-arm64;linux-s390x;linux-loongarch64;linux-bionic-arm;linux-bionic-arm64;linux-bionic-x64;linux-bionic-x86;linux-ppc64le;freebsd-x64;freebsd-arm64'
         Selected targeting pack 'Microsoft.NETCore.App@8.0.24'
         Finding best RID match for pack Microsoft.NETCore.App@8.0.24 for target RID 'win-arm64' from 'linux-arm;linux-arm64;linux-musl-arm64;linux-musl-x64;linux-x64;osx-x64;tizen.4.0.0-armel;tizen.5.0.0-armel;win-arm64;win-x64;win-x86;linux-musl-arm;osx-arm64;linux-s390x;linux-loongarch64;linux-bionic-arm;linux-bionic-arm64;linux-bionic-x64;linux-bionic-x86;linux-ppc64le;freebsd-x64;freebsd-arm64' excluding ''
         Finding best RID match for pack Microsoft.NETCore.App@8.0.24 for target RID 'win-x86' from 'linux-arm;linux-arm64;linux-musl-arm64;linux-musl-x64;linux-x64;osx-x64;tizen.4.0.0-armel;tizen.5.0.0-armel;win-arm64;win-x64;win-x86;linux-musl-arm;osx-arm64;linux-s390x;linux-loongarch64;linux-bionic-arm;linux-bionic-arm64;linux-bionic-x64;linux-bionic-x86;linux-ppc64le;freebsd-x64;freebsd-arm64' excluding ''
         Finding best RID match for pack Microsoft.NETCore.App@8.0.24 for target RID 'win-x64' from 'linux-arm;linux-arm64;linux-musl-arm64;linux-musl-x64;linux-x64;osx-x64;tizen.4.0.0-armel;tizen.5.0.0-armel;win-arm64;win-x64;win-x86;linux-musl-arm;osx-arm64;linux-s390x;linux-loongarch64;linux-bionic-arm;linux-bionic-arm64;linux-bionic-x64;linux-bionic-x86;linux-ppc64le;freebsd-x64;freebsd-arm64' excluding ''
         Added runtime framework 'Microsoft.NETCore.App@8.0.24'
         Selected Microsoft.WindowsDesktop.App with RIDs 'win-x64;win-x86;win-arm64'
         Selected targeting pack 'Microsoft.WindowsDesktop.App@8.0.24'
         Finding best RID match for pack Microsoft.WindowsDesktop.App@8.0.24 for target RID 'win-arm64' from 'win-x64;win-x86;win-arm64' excluding ''
         Finding best RID match for pack Microsoft.WindowsDesktop.App@8.0.24 for target RID 'win-x86' from 'win-x64;win-x86;win-arm64' excluding ''
         Finding best RID match for pack Microsoft.WindowsDesktop.App@8.0.24 for target RID 'win-x64' from 'win-x64;win-x86;win-arm64' excluding ''
         Added runtime framework 'Microsoft.WindowsDesktop.App@8.0.24'
         Selected Microsoft.WindowsDesktop.App with RIDs 'win-x64;win-x86;win-arm64'
         Selected targeting pack 'Microsoft.WindowsDesktop.App.WPF@8.0.24'
         Finding best RID match for pack Microsoft.WindowsDesktop.App.WPF@8.0.24 for target RID 'win-arm64' from 'win-x64;win-x86;win-arm64' excluding ''
         Finding best RID match for pack Microsoft.WindowsDesktop.App.WPF@8.0.24 for target RID 'win-x86' from 'win-x64;win-x86;win-arm64' excluding ''
         Finding best RID match for pack Microsoft.WindowsDesktop.App.WPF@8.0.24 for target RID 'win-x64' from 'win-x64;win-x86;win-arm64' excluding ''
         Added runtime framework 'Microsoft.WindowsDesktop.App@8.0.24'
         Selected Microsoft.WindowsDesktop.App with RIDs 'win-x64;win-x86;win-arm64'
         Selected targeting pack 'Microsoft.WindowsDesktop.App.WindowsForms@8.0.24'
         Finding best RID match for pack Microsoft.WindowsDesktop.App.WindowsForms@8.0.24 for target RID 'win-arm64' from 'win-x64;win-x86;win-arm64' excluding ''
         Finding best RID match for pack Microsoft.WindowsDesktop.App.WindowsForms@8.0.24 for target RID 'win-x86' from 'win-x64;win-x86;win-arm64' excluding ''
         Finding best RID match for pack Microsoft.WindowsDesktop.App.WindowsForms@8.0.24 for target RID 'win-x64' from 'win-x64;win-x86;win-arm64' excluding ''
         Added runtime framework 'Microsoft.WindowsDesktop.App@8.0.24'
         Selected Microsoft.AspNetCore.App with RIDs 'win-x64;win-x86;osx-x64;linux-musl-x64;linux-musl-arm64;linux-x64;linux-arm;linux-arm64;linux-musl-arm;win-arm64;osx-arm64;linux-s390x;linux-loongarch64;linux-ppc64le;freebsd-x64;freebsd-arm64'
         Selected targeting pack 'Microsoft.AspNetCore.App@8.0.24'
         Finding best RID match for pack Microsoft.AspNetCore.App@8.0.24 for target RID 'win-arm64' from 'win-x64;win-x86;osx-x64;linux-musl-x64;linux-musl-arm64;linux-x64;linux-arm;linux-arm64;linux-musl-arm;win-arm64;osx-arm64;linux-s390x;linux-loongarch64;linux-ppc64le;freebsd-x64;freebsd-arm64' excluding 'android;linux-bionic'
         Finding best RID match for pack Microsoft.AspNetCore.App@8.0.24 for target RID 'win-x86' from 'win-x64;win-x86;osx-x64;linux-musl-x64;linux-musl-arm64;linux-x64;linux-arm;linux-arm64;linux-musl-arm;win-arm64;osx-arm64;linux-s390x;linux-loongarch64;linux-ppc64le;freebsd-x64;freebsd-arm64' excluding 'android;linux-bionic'
         Finding best RID match for pack Microsoft.AspNetCore.App@8.0.24 for target RID 'win-x64' from 'win-x64;win-x86;osx-x64;linux-musl-x64;linux-musl-arm64;linux-x64;linux-arm;linux-arm64;linux-musl-arm;win-arm64;osx-arm64;linux-s390x;linux-loongarch64;linux-ppc64le;freebsd-x64;freebsd-arm64' excluding 'android;linux-bionic'
         Added runtime framework 'Microsoft.AspNetCore.App@8.0.24'
         Selected Microsoft.Windows.SDK.NET.Ref with RIDs 'any'
         Selected targeting pack 'Microsoft.Windows.SDK.NET.Ref@10.0.19041.57'
         Finding best RID match for pack Microsoft.Windows.SDK.NET.Ref@10.0.19041.57 for target RID 'win-arm64' from 'any' excluding ''
         Finding best RID match for pack Microsoft.Windows.SDK.NET.Ref@10.0.19041.57 for target RID 'win-x86' from 'any' excluding ''
         Finding best RID match for pack Microsoft.Windows.SDK.NET.Ref@10.0.19041.57 for target RID 'win-x64' from 'any' excluding ''
         Selected Microsoft.Windows.SDK.NET.Ref with RIDs 'any'
         Selected targeting pack 'Microsoft.Windows.SDK.NET.Ref.Windows@10.0.19041.57'
         Finding best RID match for pack Microsoft.Windows.SDK.NET.Ref.Windows@10.0.19041.57 for target RID 'win-arm64' from 'any' excluding ''
         Finding best RID match for pack Microsoft.Windows.SDK.NET.Ref.Windows@10.0.19041.57 for target RID 'win-x86' from 'any' excluding ''
         Finding best RID match for pack Microsoft.Windows.SDK.NET.Ref.Windows@10.0.19041.57 for target RID 'win-x64' from 'any' excluding ''
         Selected Microsoft.Windows.SDK.NET.Ref with RIDs 'any'
         Selected targeting pack 'Microsoft.Windows.SDK.NET.Ref.Xaml@10.0.19041.57'
         Finding best RID match for pack Microsoft.Windows.SDK.NET.Ref.Xaml@10.0.19041.57 for target RID 'win-arm64' from 'any' excluding ''
         Finding best RID match for pack Microsoft.Windows.SDK.NET.Ref.Xaml@10.0.19041.57 for target RID 'win-x86' from 'any' excluding ''
         Finding best RID match for pack Microsoft.Windows.SDK.NET.Ref.Xaml@10.0.19041.57 for target RID 'win-x64' from 'any' excluding ''
         Selected Microsoft.Windows.SDK.NET.Ref with RIDs 'any'
         Selected targeting pack 'Microsoft.Windows.SDK.NET.Ref.CsWinRT3.Windows@10.0.19041.57'
         Finding best RID match for pack Microsoft.Windows.SDK.NET.Ref.CsWinRT3.Windows@10.0.19041.57 for target RID 'win-arm64' from 'any' excluding ''
         Finding best RID match for pack Microsoft.Windows.SDK.NET.Ref.CsWinRT3.Windows@10.0.19041.57 for target RID 'win-x86' from 'any' excluding ''
         Finding best RID match for pack Microsoft.Windows.SDK.NET.Ref.CsWinRT3.Windows@10.0.19041.57 for target RID 'win-x64' from 'any' excluding ''
         Selected Microsoft.Windows.SDK.NET.Ref with RIDs 'any'
         Selected targeting pack 'Microsoft.Windows.SDK.NET.Ref.CsWinRT3.Xaml@10.0.19041.57'
         Finding best RID match for pack Microsoft.Windows.SDK.NET.Ref.CsWinRT3.Xaml@10.0.19041.57 for target RID 'win-arm64' from 'any' excluding ''
         Finding best RID match for pack Microsoft.Windows.SDK.NET.Ref.CsWinRT3.Xaml@10.0.19041.57 for target RID 'win-x86' from 'any' excluding ''
         Finding best RID match for pack Microsoft.Windows.SDK.NET.Ref.CsWinRT3.Xaml@10.0.19041.57 for target RID 'win-x64' from 'any' excluding ''
         Adding tool pack Crossgen2 for runtime 8.0
         Found Crossgen2 pack 'Microsoft.NETCore.App.Crossgen2@8.0.24'
         Determining best RID for 'Microsoft.NETCore.App.Crossgen2@8.0.24' from among 'linux-musl-x64;linux-x64;win-x64;linux-arm;linux-arm64;linux-musl-arm;linux-musl-arm64;osx-arm64;osx-x64;win-arm64;win-x86;freebsd-x64;freebsd-arm64'
         Best RID for 'Microsoft.NETCore.App.Crossgen2@8.0.24' is 'win-x64'
         Added Crossgen2 runtime pack 'Microsoft.NETCore.App.Crossgen2.win-x64@8.0.24'
       Done executing task "ProcessFrameworkReferences".
       Using "ResolveAppHosts" task from assembly "C:\Program Files\dotnet\sdk\10.0.103\Sdks\Microsoft.NET.Sdk\targets\..\tools\net10.0\Microsoft.NET.Build.Tasks.dll".
       Task "ResolveAppHosts"
       Done executing task "ResolveAppHosts".
   2:4>Done building target "ProcessFrameworkReferences" in project "RobotControllerApp.csproj".
   2:4>Target "_CheckForObsoleteDotNetCliToolReferences" in file "C:\Program Files\dotnet\sdk\10.0.103\Sdks\Microsoft.NET.Sdk\targets\Microsoft.NET.ObsoleteReferences.targets" from project "C:\Users\Damien Mazeas\Desktop\portfolio\Orange\RobotControllerApp\RobotControllerApp.csproj" (target "CollectPackageReferences" depends on it):
   2:4>Done building target "_CheckForObsoleteDotNetCliToolReferences" in project "RobotControllerApp.csproj".
   2:4>Target "CollectPackageReferences" in file "C:\Program Files\dotnet\sdk\10.0.103\NuGet.targets" from project "C:\Users\Damien Mazeas\Desktop\portfolio\Orange\RobotControllerApp\RobotControllerApp.csproj" (target "_GetRestoreProjectStyle" depends on it):
       Using "CheckForDuplicateNuGetItemsTask" task from assembly "C:\Program Files\dotnet\sdk\10.0.103\NuGet.Build.Tasks.dll".
       Task "CheckForDuplicateNuGetItemsTask"
       Done executing task "CheckForDuplicateNuGetItemsTask".
   2:4>Done building target "CollectPackageReferences" in project "RobotControllerApp.csproj".
   2:4>Target "_GetRestoreProjectStyle" in file "C:\Program Files\dotnet\sdk\10.0.103\NuGet.targets" from project "C:\Users\Damien Mazeas\Desktop\portfolio\Orange\RobotControllerApp\RobotControllerApp.csproj" (target "_GenerateRestoreSpecs" depends on it):
       Using "GetRestoreProjectStyleTask" task from assembly "C:\Program Files\dotnet\sdk\10.0.103\NuGet.Build.Tasks.dll".
       Task "GetRestoreProjectStyleTask"
       Done executing task "GetRestoreProjectStyleTask".
   2:4>Done building target "_GetRestoreProjectStyle" in project "RobotControllerApp.csproj".
   2:4>Target "_GenerateRestoreSpecs" in file "C:\Program Files\dotnet\sdk\10.0.103\NuGet.targets" from project "C:\Users\Damien Mazeas\Desktop\portfolio\Orange\RobotControllerApp\RobotControllerApp.csproj" (target "_GenerateRestoreGraphProjectEntry" depends on it):
       Using "Message" task from assembly "Microsoft.Build.Tasks.Core, Version=15.1.0.0, Culture=neutral, PublicKeyToken=b03f5f7f11d50a3a".
       Task "Message"
         Restore entry point C:\Users\Damien Mazeas\Desktop\portfolio\Orange\RobotControllerApp\RobotControllerApp.csproj
       Done executing task "Message".
   2:4>Done building target "_GenerateRestoreSpecs" in project "RobotControllerApp.csproj".
   2:4>Target "_GetRestoreSettingsOverrides" in file "C:\Program Files\dotnet\sdk\10.0.103\NuGet.targets" from project "C:\Users\Damien Mazeas\Desktop\portfolio\Orange\RobotControllerApp\RobotControllerApp.csproj" (target "_GetRestoreSettings" depends on it):
   2:4>Done building target "_GetRestoreSettingsOverrides" in project "RobotControllerApp.csproj".
   2:4>Target "_GetRestoreSettingsPerFramework" in file "C:\Program Files\dotnet\sdk\10.0.103\NuGet.targets" from project "C:\Users\Damien Mazeas\Desktop\portfolio\Orange\RobotControllerApp\RobotControllerApp.csproj" (target "_GetRestoreSettingsCurrentProject" depends on it):
   2:4>Done building target "_GetRestoreSettingsPerFramework" in project "RobotControllerApp.csproj".
   2:4>Target "_GetRestoreSettingsCurrentProject" in file "C:\Program Files\dotnet\sdk\10.0.103\NuGet.targets" from project "C:\Users\Damien Mazeas\Desktop\portfolio\Orange\RobotControllerApp\RobotControllerApp.csproj" (target "_GetRestoreSettings" depends on it):
   2:4>Done building target "_GetRestoreSettingsCurrentProject" in project "RobotControllerApp.csproj".
   2:4>Target "_GetRestoreSettings" in file "C:\Program Files\dotnet\sdk\10.0.103\NuGet.targets" from project "C:\Users\Damien Mazeas\Desktop\portfolio\Orange\RobotControllerApp\RobotControllerApp.csproj" (target "_GenerateDotnetCliToolReferenceSpecs" depends on it):
       Using "GetRestoreSettingsTask" task from assembly "C:\Program Files\dotnet\sdk\10.0.103\NuGet.Build.Tasks.dll".
       Task "GetRestoreSettingsTask"
         Assembly loaded during TaskRun (NuGet.Build.Tasks.GetRestoreSettingsTask): NuGet.Configuration, Version=7.0.2.0, Culture=neutral, PublicKeyToken=31bf3856ad364e35 (location: C:\Program Files\dotnet\sdk\10.0.103\NuGet.Configuration.dll, MVID: 522ba7e1-ae9d-4267-926f-e81ab189d75f, AssemblyLoadContext: MSBuild plugin C:\Program Files\dotnet\sdk\10.0.103\NuGet.Build.Tasks.dll)
       Done executing task "GetRestoreSettingsTask".
   2:4>Done building target "_GetRestoreSettings" in project "RobotControllerApp.csproj".
   2:4>Target "_GenerateDotnetCliToolReferenceSpecs" in file "C:\Program Files\dotnet\sdk\10.0.103\NuGet.targets" from project "C:\Users\Damien Mazeas\Desktop\portfolio\Orange\RobotControllerApp\RobotControllerApp.csproj" (target "_GenerateRestoreGraphProjectEntry" depends on it):
       Using "GetRestoreDotnetCliToolsTask" task from assembly "C:\Program Files\dotnet\sdk\10.0.103\NuGet.Build.Tasks.dll".
       Task "GetRestoreDotnetCliToolsTask"
       Done executing task "GetRestoreDotnetCliToolsTask".
   2:4>Done building target "_GenerateDotnetCliToolReferenceSpecs" in project "RobotControllerApp.csproj".
   2:4>Target "_GenerateRestoreGraphProjectEntry" in file "C:\Program Files\dotnet\sdk\10.0.103\NuGet.targets" from project "C:\Users\Damien Mazeas\Desktop\portfolio\Orange\RobotControllerApp\RobotControllerApp.csproj" (entry point):
   2:4>Done building target "_GenerateRestoreGraphProjectEntry" in project "RobotControllerApp.csproj".
   2:4>Done Building Project "C:\Users\Damien Mazeas\Desktop\portfolio\Orange\RobotControllerApp\RobotControllerApp.csproj" (_GenerateRestoreGraphProjectEntry target(s)).
     1>Done executing task "MSBuild".
       Task "MSBuild"
         Global Properties:
           ExcludeRestorePackageImports=true
           _RestoreSolutionFileUsed=true
           SolutionDir=C:\Users\Damien Mazeas\Desktop\portfolio\Orange\RobotControllerApp\
           SolutionName=RobotControllerApp
           SolutionFileName=RobotControllerApp.slnx
           SolutionPath=C:\Users\Damien Mazeas\Desktop\portfolio\Orange\RobotControllerApp\RobotControllerApp.slnx
           SolutionExt=.slnx
         Additional Properties for project "C:\Users\Damien Mazeas\Desktop\portfolio\Orange\RobotControllerApp\RobotControllerApp.csproj":
           Configuration=Debug
           Platform=ARM64
     1>Project "C:\Users\Damien Mazeas\Desktop\portfolio\Orange\RobotControllerApp\RobotControllerApp.slnx" (1) is building "C:\Users\Damien Mazeas\Desktop\portfolio\Orange\RobotControllerApp\RobotControllerApp.csproj" (2:5) on node 1 (_GenerateProjectRestoreGraph target(s)).
   2:5>Target "_GetRestoreProjectStyle" skipped. Previously built successfully.
       Target "_GetRestoreProjectStyle" skipped. Previously built successfully.
       Target "_GetRestoreProjectStyle" skipped. Previously built successfully.
   2:5>Target "_GetRestoreTargetFrameworkOverride" in file "C:\Program Files\dotnet\sdk\10.0.103\NuGet.targets" from project "C:\Users\Damien Mazeas\Desktop\portfolio\Orange\RobotControllerApp\RobotControllerApp.csproj" (target "_GetRestoreTargetFrameworksOutput" depends on it):
   2:5>Done building target "_GetRestoreTargetFrameworkOverride" in project "RobotControllerApp.csproj".
   2:5>Target "_GetRestoreTargetFrameworksOutput" in file "C:\Program Files\dotnet\sdk\10.0.103\NuGet.targets" from project "C:\Users\Damien Mazeas\Desktop\portfolio\Orange\RobotControllerApp\RobotControllerApp.csproj" (target "_GenerateRestoreProjectSpec" depends on it):
       Using "GetProjectTargetFrameworksTask" task from assembly "C:\Program Files\dotnet\sdk\10.0.103\NuGet.Build.Tasks.dll".
       Task "GetProjectTargetFrameworksTask"
       Done executing task "GetProjectTargetFrameworksTask".
   2:5>Done building target "_GetRestoreTargetFrameworksOutput" in project "RobotControllerApp.csproj".
       Target "_GetRestoreSettings" skipped. Previously built successfully.
   2:5>Target "_GenerateRestoreProjectSpec" in file "C:\Program Files\dotnet\sdk\10.0.103\NuGet.targets" from project "C:\Users\Damien Mazeas\Desktop\portfolio\Orange\RobotControllerApp\RobotControllerApp.csproj" (target "_GenerateProjectRestoreGraph" depends on it):
       Task "ConvertToAbsolutePath"
       Done executing task "ConvertToAbsolutePath".
   2:5>Done building target "_GenerateRestoreProjectSpec" in project "RobotControllerApp.csproj".
       Target "_GetRestoreProjectStyle" skipped. Previously built successfully.
       Target "CollectPackageReferences" skipped. Previously built successfully.
   2:5>Target "CollectPackageDownloads" in file "C:\Program Files\dotnet\sdk\10.0.103\NuGet.targets" from project "C:\Users\Damien Mazeas\Desktop\portfolio\Orange\RobotControllerApp\RobotControllerApp.csproj" (target "_CollectRestoreInputs" depends on it):
       Task "CheckForDuplicateNuGetItemsTask"
       Done executing task "CheckForDuplicateNuGetItemsTask".
   2:5>Done building target "CollectPackageDownloads" in project "RobotControllerApp.csproj".
   2:5>Target "CollectFrameworkReferences" in file "C:\Program Files\dotnet\sdk\10.0.103\NuGet.targets" from project "C:\Users\Damien Mazeas\Desktop\portfolio\Orange\RobotControllerApp\RobotControllerApp.csproj" (target "_CollectRestoreInputs" depends on it):
   2:5>Done building target "CollectFrameworkReferences" in project "RobotControllerApp.csproj".
   2:5>Target "CollectCentralPackageVersions" in file "C:\Program Files\dotnet\sdk\10.0.103\NuGet.targets" from project "C:\Users\Damien Mazeas\Desktop\portfolio\Orange\RobotControllerApp\RobotControllerApp.csproj" (target "_CollectRestoreInputs" depends on it):
       Task "CheckForDuplicateNuGetItemsTask"
       Done executing task "CheckForDuplicateNuGetItemsTask".
   2:5>Done building target "CollectCentralPackageVersions" in project "RobotControllerApp.csproj".
   2:5>Target "CollectNuGetAuditSuppressions" in file "C:\Program Files\dotnet\sdk\10.0.103\NuGet.targets" from project "C:\Users\Damien Mazeas\Desktop\portfolio\Orange\RobotControllerApp\RobotControllerApp.csproj" (target "_CollectRestoreInputs" depends on it):
       Task "CheckForDuplicateNuGetItemsTask"
       Done executing task "CheckForDuplicateNuGetItemsTask".
   2:5>Done building target "CollectNuGetAuditSuppressions" in project "RobotControllerApp.csproj".
   2:5>Target "CollectPrunePackageReferences" in file "C:\Program Files\dotnet\sdk\10.0.103\NuGet.targets" from project "C:\Users\Damien Mazeas\Desktop\portfolio\Orange\RobotControllerApp\RobotControllerApp.csproj" (target "_CollectRestoreInputs" depends on it):
       Task "CheckForDuplicateNuGetItemsTask"
       Done executing task "CheckForDuplicateNuGetItemsTask".
   2:5>Done building target "CollectPrunePackageReferences" in project "RobotControllerApp.csproj".
   2:5>Target "_CollectRestoreInputs" in file "C:\Program Files\dotnet\sdk\10.0.103\NuGet.targets" from project "C:\Users\Damien Mazeas\Desktop\portfolio\Orange\RobotControllerApp\RobotControllerApp.csproj" (target "_GenerateProjectRestoreGraphPerFramework" depends on it):
   2:5>Done building target "_CollectRestoreInputs" in project "RobotControllerApp.csproj".
   2:5>Target "_GenerateProjectRestoreGraphPerFramework" in file "C:\Program Files\dotnet\sdk\10.0.103\NuGet.targets" from project "C:\Users\Damien Mazeas\Desktop\portfolio\Orange\RobotControllerApp\RobotControllerApp.csproj" (target "_GenerateProjectRestoreGraphCurrentProject" depends on it):
       Using "GetRestoreProjectReferencesTask" task from assembly "C:\Program Files\dotnet\sdk\10.0.103\NuGet.Build.Tasks.dll".
       Task "GetRestoreProjectReferencesTask"
       Done executing task "GetRestoreProjectReferencesTask".
       Using "GetRestorePackageReferencesTask" task from assembly "C:\Program Files\dotnet\sdk\10.0.103\NuGet.Build.Tasks.dll".
       Task "GetRestorePackageReferencesTask"
       Done executing task "GetRestorePackageReferencesTask".
       Using "GetRestorePackageDownloadsTask" task from assembly "C:\Program Files\dotnet\sdk\10.0.103\NuGet.Build.Tasks.dll".
       Task "GetRestorePackageDownloadsTask"
       Done executing task "GetRestorePackageDownloadsTask".
       Using "GetRestoreFrameworkReferencesTask" task from assembly "C:\Program Files\dotnet\sdk\10.0.103\NuGet.Build.Tasks.dll".
       Task "GetRestoreFrameworkReferencesTask"
       Done executing task "GetRestoreFrameworkReferencesTask".
       Using "GetRestoreNuGetAuditSuppressionsTask" task from assembly "C:\Program Files\dotnet\sdk\10.0.103\NuGet.Build.Tasks.dll".
       Task "GetRestoreNuGetAuditSuppressionsTask"
       Done executing task "GetRestoreNuGetAuditSuppressionsTask".
       Using "GetRestorePrunePackageReferencesTask" task from assembly "C:\Program Files\dotnet\sdk\10.0.103\NuGet.Build.Tasks.dll".
       Task "GetRestorePrunePackageReferencesTask"
       Done executing task "GetRestorePrunePackageReferencesTask".
   2:5>Done building target "_GenerateProjectRestoreGraphPerFramework" in project "RobotControllerApp.csproj".
   2:5>Target "_GenerateProjectRestoreGraphCurrentProject" in file "C:\Program Files\dotnet\sdk\10.0.103\NuGet.targets" from project "C:\Users\Damien Mazeas\Desktop\portfolio\Orange\RobotControllerApp\RobotControllerApp.csproj" (target "_GenerateRestoreDependencies" depends on it):
   2:5>Done building target "_GenerateProjectRestoreGraphCurrentProject" in project "RobotControllerApp.csproj".
   2:5>Target "_GenerateRestoreDependencies" in file "C:\Program Files\dotnet\sdk\10.0.103\NuGet.targets" from project "C:\Users\Damien Mazeas\Desktop\portfolio\Orange\RobotControllerApp\RobotControllerApp.csproj" (target "_GenerateProjectRestoreGraph" depends on it):
   2:5>Done building target "_GenerateRestoreDependencies" in project "RobotControllerApp.csproj".
   2:5>Target "_GenerateProjectRestoreGraph" in file "C:\Program Files\dotnet\sdk\10.0.103\NuGet.targets" from project "C:\Users\Damien Mazeas\Desktop\portfolio\Orange\RobotControllerApp\RobotControllerApp.csproj" (entry point):
   2:5>Done building target "_GenerateProjectRestoreGraph" in project "RobotControllerApp.csproj".
   2:5>Done Building Project "C:\Users\Damien Mazeas\Desktop\portfolio\Orange\RobotControllerApp\RobotControllerApp.csproj" (_GenerateProjectRestoreGraph target(s)).
     1>Done executing task "MSBuild".
     1>Done building target "_GenerateRestoreGraph" in project "RobotControllerApp.slnx".
     1>Target "Restore" in file "C:\Program Files\dotnet\sdk\10.0.103\NuGet.targets" from project "C:\Users\Damien Mazeas\Desktop\portfolio\Orange\RobotControllerApp\RobotControllerApp.slnx" (entry point):
       Task "RemoveDuplicates"
       Done executing task "RemoveDuplicates".
       Using "RestoreTask" task from assembly "C:\Program Files\dotnet\sdk\10.0.103\NuGet.Build.Tasks.dll".
       Task "RestoreTask"
         Assembly loaded during TaskRun (NuGet.Build.Tasks.RestoreTask): NuGet.Packaging, Version=7.0.2.0, Culture=neutral, PublicKeyToken=31bf3856ad364e35 (location: C:\Program Files\dotnet\sdk\10.0.103\NuGet.Packaging.dll, MVID: 691fbee5-b36c-46fd-a673-db79d3c14051, AssemblyLoadContext: MSBuild plugin C:\Program Files\dotnet\sdk\10.0.103\NuGet.Build.Tasks.dll)
         Assembly loaded during TaskRun (NuGet.Build.Tasks.RestoreTask): NuGet.LibraryModel, Version=7.0.2.0, Culture=neutral, PublicKeyToken=31bf3856ad364e35 (location: C:\Program Files\dotnet\sdk\10.0.103\NuGet.LibraryModel.dll, MVID: a6bbad50-9e54-4ecf-9ee6-06659d261f87, AssemblyLoadContext: MSBuild plugin C:\Program Files\dotnet\sdk\10.0.103\NuGet.Build.Tasks.dll)
         Assembly loaded during TaskRun (NuGet.Build.Tasks.RestoreTask): NuGet.Versioning, Version=7.0.2.0, Culture=neutral, PublicKeyToken=31bf3856ad364e35 (location: C:\Program Files\dotnet\sdk\10.0.103\NuGet.Versioning.dll, MVID: 3f1bd844-829c-40f0-b7b2-db643543649c, AssemblyLoadContext: MSBuild plugin C:\Program Files\dotnet\sdk\10.0.103\NuGet.Build.Tasks.dll)
         Assembly loaded during TaskRun (NuGet.Build.Tasks.RestoreTask): NuGet.Frameworks, Version=7.0.2.0, Culture=neutral, PublicKeyToken=31bf3856ad364e35 (location: C:\Program Files\dotnet\sdk\10.0.103\NuGet.Frameworks.dll, MVID: 1b7b49ca-9945-4cfa-824f-5d73c248e8d6, AssemblyLoadContext: MSBuild plugin C:\Program Files\dotnet\sdk\10.0.103\NuGet.Build.Tasks.dll)
         Assembly loaded during TaskRun (NuGet.Build.Tasks.RestoreTask): NuGet.Protocol, Version=7.0.2.0, Culture=neutral, PublicKeyToken=31bf3856ad364e35 (location: C:\Program Files\dotnet\sdk\10.0.103\NuGet.Protocol.dll, MVID: f9fea46b-5e46-4ce0-a20f-e4253f7ea121, AssemblyLoadContext: MSBuild plugin C:\Program Files\dotnet\sdk\10.0.103\NuGet.Build.Tasks.dll)
         Assembly loaded during TaskRun (NuGet.Build.Tasks.RestoreTask): NuGet.Credentials, Version=7.0.2.0, Culture=neutral, PublicKeyToken=31bf3856ad364e35 (location: C:\Program Files\dotnet\sdk\10.0.103\NuGet.Credentials.dll, MVID: 3086496a-ea04-4486-96b4-8a3e90687378, AssemblyLoadContext: MSBuild plugin C:\Program Files\dotnet\sdk\10.0.103\NuGet.Build.Tasks.dll)
         Assembly loaded during TaskRun (NuGet.Build.Tasks.RestoreTask): System.Collections.NonGeneric, Version=10.0.0.0, Culture=neutral, PublicKeyToken=b03f5f7f11d50a3a (location: C:\Program Files\dotnet\shared\Microsoft.NETCore.App\10.0.3\System.Collections.NonGeneric.dll, MVID: 34793951-de27-497a-86fa-ff7f73c34148, AssemblyLoadContext: Default)
         X.509 certificate chain validation will use the default trust store selected by .NET for code signing.
         X.509 certificate chain validation will use the default trust store selected by .NET for timestamping.
         Assembly loaded during TaskRun (NuGet.Build.Tasks.RestoreTask): NuGet.DependencyResolver.Core, Version=7.0.2.0, Culture=neutral, PublicKeyToken=31bf3856ad364e35 (location: C:\Program Files\dotnet\sdk\10.0.103\NuGet.DependencyResolver.Core.dll, MVID: 8b34e545-21b0-4590-be6b-6b43bfa1968c, AssemblyLoadContext: MSBuild plugin C:\Program Files\dotnet\sdk\10.0.103\NuGet.Build.Tasks.dll)
         Running restore with 16 concurrent jobs.
         Reading project file C:\Users\Damien Mazeas\Desktop\portfolio\Orange\RobotControllerApp\RobotControllerApp.csproj.
         Assembly loaded during TaskRun (NuGet.Build.Tasks.RestoreTask): Newtonsoft.Json, Version=13.0.0.0, Culture=neutral, PublicKeyToken=30ad4fe6b2a6aeed (location: C:\Program Files\dotnet\sdk\10.0.103\Newtonsoft.Json.dll, MVID: 7e62198b-eab2-4380-bbac-29171862d1d8, AssemblyLoadContext: MSBuild plugin C:\Program Files\dotnet\sdk\10.0.103\NuGet.Build.Tasks.dll)
         Assembly loaded during TaskRun (NuGet.Build.Tasks.RestoreTask): System.Runtime.Serialization.Primitives, Version=10.0.0.0, Culture=neutral, PublicKeyToken=b03f5f7f11d50a3a (location: C:\Program Files\dotnet\shared\Microsoft.NETCore.App\10.0.3\System.Runtime.Serialization.Primitives.dll, MVID: 9bc74e02-881b-4bc0-82b9-d2a9156b6d41, AssemblyLoadContext: Default)
         Assembly loaded during TaskRun (NuGet.Build.Tasks.RestoreTask): System.Runtime.Numerics, Version=10.0.0.0, Culture=neutral, PublicKeyToken=b03f5f7f11d50a3a (location: C:\Program Files\dotnet\shared\Microsoft.NETCore.App\10.0.3\System.Runtime.Numerics.dll, MVID: a1d287c5-84bc-4499-8e90-494a1a3f9350, AssemblyLoadContext: Default)
         Assembly loaded during TaskRun (NuGet.Build.Tasks.RestoreTask): System.Text.Encodings.Web, Version=10.0.0.0, Culture=neutral, PublicKeyToken=cc7b13ffcd2ddd51 (location: C:\Program Files\dotnet\shared\Microsoft.NETCore.App\10.0.3\System.Text.Encodings.Web.dll, MVID: abb4e65f-0f42-4a32-8c87-f5432ece4212, AssemblyLoadContext: Default)
         Assembly loaded during TaskRun (NuGet.Build.Tasks.RestoreTask): System.Reflection.Emit.Lightweight, Version=10.0.0.0, Culture=neutral, PublicKeyToken=b03f5f7f11d50a3a (location: C:\Program Files\dotnet\shared\Microsoft.NETCore.App\10.0.3\System.Reflection.Emit.Lightweight.dll, MVID: e4d954ed-5d75-4fe6-a4d9-f4b99d304032, AssemblyLoadContext: Default)
         Assembly loaded during TaskRun (NuGet.Build.Tasks.RestoreTask): System.Reflection.Primitives, Version=10.0.0.0, Culture=neutral, PublicKeyToken=b03f5f7f11d50a3a (location: C:\Program Files\dotnet\shared\Microsoft.NETCore.App\10.0.3\System.Reflection.Primitives.dll, MVID: 1ad3fb70-2485-42ce-8aab-38b4cb8fa126, AssemblyLoadContext: Default)
         Assembly loaded during TaskRun (NuGet.Build.Tasks.RestoreTask): System.Reflection.Emit.ILGeneration, Version=10.0.0.0, Culture=neutral, PublicKeyToken=b03f5f7f11d50a3a (location: C:\Program Files\dotnet\shared\Microsoft.NETCore.App\10.0.3\System.Reflection.Emit.ILGeneration.dll, MVID: a06ff280-33aa-4509-8f4c-098c866bb75a, AssemblyLoadContext: Default)
         The restore inputs for 'RobotControllerApp' have not changed. No further actions are required to complete the restore.
         Committing restore...
         Assets file has not changed. Skipping assets file writing. Path: C:\Users\Damien Mazeas\Desktop\portfolio\Orange\RobotControllerApp\obj\project.assets.json
         No-Op restore. The cache will not be updated. Path: C:\Users\Damien Mazeas\Desktop\portfolio\Orange\RobotControllerApp\obj\project.nuget.cache
         Restored C:\Users\Damien Mazeas\Desktop\portfolio\Orange\RobotControllerApp\RobotControllerApp.csproj (in 87 ms).
         
         NuGet Config files used:
             C:\Users\Damien Mazeas\AppData\Roaming\NuGet\NuGet.Config
             C:\Program Files (x86)\NuGet\Config\Microsoft.VisualStudio.FallbackLocation.config
             C:\Program Files (x86)\NuGet\Config\Microsoft.VisualStudio.Offline.config
         
         Feeds used:
             https://api.nuget.org/v3/index.json
             C:\Program Files (x86)\Microsoft SDKs\NuGetPackages\
             C:\Program Files\dotnet\library-packs
         All projects are up-to-date for restore.
       Done executing task "RestoreTask".
     1>Done building target "Restore" in project "RobotControllerApp.slnx".
     1>Done Building Project "C:\Users\Damien Mazeas\Desktop\portfolio\Orange\RobotControllerApp\RobotControllerApp.slnx" (Restore target(s)).
     0>C:\Users\Damien Mazeas\Desktop\portfolio\Orange\RobotControllerApp\RobotControllerApp.slnx.metaproj : message : Property 'MSBuildExtensionsPath' with value 'C:\Program Files\dotnet\sdk\10.0.103\' expanded from the environment.
       The "NuGetInteractive" property is a global property, and cannot be modified.
       C:\Program Files\dotnet\sdk\10.0.103\NuGet.targets(123,5): message : Property reassignment: $(_GenerateRestoreGraphProjectEntryInputProperties)="
       C:\Program Files\dotnet\sdk\10.0.103\NuGet.targets(123,5): message :       ExcludeRestorePackageImports=true;
       C:\Program Files\dotnet\sdk\10.0.103\NuGet.targets(123,5): message :       _RestoreSolutionFileUsed=true;
       C:\Program Files\dotnet\sdk\10.0.103\NuGet.targets(123,5): message :       SolutionDir=C:\Users\Damien Mazeas\Desktop\portfolio\Orange\RobotControllerApp\;
       C:\Program Files\dotnet\sdk\10.0.103\NuGet.targets(123,5): message :       SolutionName=RobotControllerApp;
       C:\Program Files\dotnet\sdk\10.0.103\NuGet.targets(123,5): message :       SolutionFileName=RobotControllerApp.slnx;
       C:\Program Files\dotnet\sdk\10.0.103\NuGet.targets(123,5): message :       SolutionPath=C:\Users\Damien Mazeas\Desktop\portfolio\Orange\RobotControllerApp\RobotControllerApp.slnx;
       C:\Program Files\dotnet\sdk\10.0.103\NuGet.targets(123,5): message :       SolutionExt=.slnx;
       C:\Program Files\dotnet\sdk\10.0.103\NuGet.targets(123,5): message :     " (previous value: "ExcludeRestorePackageImports=true") at C:\Program Files\dotnet\sdk\10.0.103\NuGet.targets (123,5)
       The target "_MTPBuild" listed in a BeforeTargets attribute at "C:\Program Files\dotnet\sdk\10.0.103\Current\SolutionFile\ImportAfter\Microsoft.NET.Sdk.Solution.targets (24,11)" does not exist in the project, and will be ignored.
       The target "Store" listed in a BeforeTargets attribute at "C:\Program Files\dotnet\sdk\10.0.103\Current\SolutionFile\ImportAfter\Microsoft.NET.Sdk.Solution.targets (33,11)" does not exist in the project, and will be ignored.
       The target "VSTest" listed in a BeforeTargets attribute at "C:\Program Files\dotnet\sdk\10.0.103\Current\SolutionFile\ImportAfter\Microsoft.NET.Sdk.Solution.targets (33,11)" does not exist in the project, and will be ignored.
       The target "_MTPBuild" listed in a BeforeTargets attribute at "C:\Program Files\dotnet\sdk\10.0.103\Current\SolutionFile\ImportAfter\Microsoft.NET.Sdk.Solution.targets (33,11)" does not exist in the project, and will be ignored.
       The target "_CheckForInvalidConfigurationAndPlatform" listed in a BeforeTargets attribute at "C:\Program Files\dotnet\sdk\10.0.103\NuGet.targets (703,11)" does not exist in the project, and will be ignored.
   1:2>Project "C:\Users\Damien Mazeas\Desktop\portfolio\Orange\RobotControllerApp\RobotControllerApp.slnx" on node 1 (default targets).
   1:2>Target "ValidateSolutionConfiguration" in file "C:\Users\Damien Mazeas\Desktop\portfolio\Orange\RobotControllerApp\RobotControllerApp.slnx.metaproj" from project "C:\Users\Damien Mazeas\Desktop\portfolio\Orange\RobotControllerApp\RobotControllerApp.slnx" (entry point):
   1:2>Using "Message" task from assembly "Microsoft.Build.Tasks.Core, Version=15.1.0.0, Culture=neutral, PublicKeyToken=b03f5f7f11d50a3a".
       Task "Message"
         Building solution configuration "Debug|ARM64".
       Done executing task "Message".
   1:2>Done building target "ValidateSolutionConfiguration" in project "RobotControllerApp.slnx".
   1:2>Target "ValidateToolsVersions" in file "C:\Users\Damien Mazeas\Desktop\portfolio\Orange\RobotControllerApp\RobotControllerApp.slnx.metaproj" from project "C:\Users\Damien Mazeas\Desktop\portfolio\Orange\RobotControllerApp\RobotControllerApp.slnx" (entry point):
   1:2>Done building target "ValidateToolsVersions" in project "RobotControllerApp.slnx".
   1:2>Target "ValidateProjects" in file "C:\Users\Damien Mazeas\Desktop\portfolio\Orange\RobotControllerApp\RobotControllerApp.slnx.metaproj" from project "C:\Users\Damien Mazeas\Desktop\portfolio\Orange\RobotControllerApp\RobotControllerApp.slnx" (entry point):
   1:2>Done building target "ValidateProjects" in project "RobotControllerApp.slnx".
   1:2>Target "Build" in file "C:\Users\Damien Mazeas\Desktop\portfolio\Orange\RobotControllerApp\RobotControllerApp.slnx.metaproj" from project "C:\Users\Damien Mazeas\Desktop\portfolio\Orange\RobotControllerApp\RobotControllerApp.slnx" (entry point):
       Using "MSBuild" task from assembly "Microsoft.Build.Tasks.Core, Version=15.1.0.0, Culture=neutral, PublicKeyToken=b03f5f7f11d50a3a".
       Task "MSBuild"
         Global Properties:
           BuildingSolutionFile=true
           CurrentSolutionConfigurationContents=<SolutionConfiguration>
           <ProjectConfiguration Project="{336D8D64-07D9-BA4D-B506-B6158F30578A}" AbsolutePath="C:\Users\Damien Mazeas\Desktop\portfolio\Orange\RobotControllerApp\RobotControllerApp.csproj" BuildProjectInSolution="True">Debug|ARM64</ProjectConfiguration>
         </SolutionConfiguration>
           SolutionDir=C:\Users\Damien Mazeas\Desktop\portfolio\Orange\RobotControllerApp\
           SolutionExt=.slnx
           SolutionFileName=RobotControllerApp.slnx
           SolutionName=RobotControllerApp
           SolutionPath=C:\Users\Damien Mazeas\Desktop\portfolio\Orange\RobotControllerApp\RobotControllerApp.slnx
         Additional Properties for project "C:\Users\Damien Mazeas\Desktop\portfolio\Orange\RobotControllerApp\RobotControllerApp.csproj":
           Configuration=Debug
           Platform=ARM64
     0>The SDK "Microsoft.NET.Sdk" was successfully resolved by the "DefaultSdkResolver" resolver to location "C:\Program Files\dotnet\sdk\10.0.103\Sdks\Microsoft.NET.Sdk\Sdk" and version "".
       C:\Program Files\dotnet\sdk\10.0.103\Sdks\Microsoft.NET.Sdk\Sdk\Sdk.props(49,11): message : Property 'MSBuildExtensionsPath' with value 'C:\Program Files\dotnet\sdk\10.0.103\' expanded from the environment.
       C:\Program Files\dotnet\sdk\10.0.103\Current\Microsoft.Common.props(60,5): message : Property reassignment: $(MSBuildProjectExtensionsPath)="C:\Users\Damien Mazeas\Desktop\portfolio\Orange\RobotControllerApp\obj\" (previous value: "obj\") at C:\Program Files\dotnet\sdk\10.0.103\Current\Microsoft.Common.props (60,5)
       C:\NuGetPackages\microsoft.windows.sdk.buildtools\10.0.26100.7705\buildTransitive\Microsoft.Windows.SDK.BuildTools.props(4,37): message : Property 'PROCESSOR_ARCHITECTURE' with value 'AMD64' expanded from the environment.
       C:\NuGetPackages\microsoft.windowsappsdk.winui\1.8.260204000\buildTransitive\Microsoft.UI.Xaml.Markup.Compiler.props(15,5): message : Property reassignment: $(CustomBeforeMicrosoftCommonTargets)="C:\NuGetPackages\microsoft.windowsappsdk.winui\1.8.260204000\buildTransitive\Microsoft.UI.Xaml.Markup.Compiler.BeforeCommon.targets" (previous value: "C:\NuGetPackages\microsoft.windows.sdk.buildtools.msix\1.7.20250829.1\build\Microsoft.Windows.SDK.BuildTools.MSIX.BeforeCommon.props") at C:\NuGetPackages\microsoft.windowsappsdk.winui\1.8.260204000\buildTransitive\Microsoft.UI.Xaml.Markup.Compiler.props (15,5)
       C:\Program Files\dotnet\sdk\10.0.103\Current\Microsoft.Common.props(84,119): message : Property 'MSBuildUserExtensionsPath' with value 'C:\Users\Damien Mazeas\AppData\Local\Microsoft\MSBuild' expanded from the environment.
       The "Configuration" property is a global property, and cannot be modified.
       The "Platform" property is a global property, and cannot be modified.
       The "Configuration" property is a global property, and cannot be modified.
       The "Platform" property is a global property, and cannot be modified.
       C:\Program Files\dotnet\sdk\10.0.103\Sdks\Microsoft.NET.Sdk\targets\Microsoft.NET.Sdk.props(90,5): message : Property reassignment: $(AssemblySearchPaths)="{CandidateAssemblyFiles};{HintPathFromItem}" (previous value: "{CandidateAssemblyFiles}") at C:\Program Files\dotnet\sdk\10.0.103\Sdks\Microsoft.NET.Sdk\targets\Microsoft.NET.Sdk.props (90,5)
       C:\Program Files\dotnet\sdk\10.0.103\Sdks\Microsoft.NET.Sdk\targets\Microsoft.NET.Sdk.props(91,5): message : Property reassignment: $(AssemblySearchPaths)="{CandidateAssemblyFiles};{HintPathFromItem};{TargetFrameworkDirectory}" (previous value: "{CandidateAssemblyFiles};{HintPathFromItem}") at C:\Program Files\dotnet\sdk\10.0.103\Sdks\Microsoft.NET.Sdk\targets\Microsoft.NET.Sdk.props (91,5)
       C:\Program Files\dotnet\sdk\10.0.103\Sdks\Microsoft.NET.Sdk\targets\Microsoft.NET.Sdk.props(92,5): message : Property reassignment: $(AssemblySearchPaths)="{CandidateAssemblyFiles};{HintPathFromItem};{TargetFrameworkDirectory};{RawFileName}" (previous value: "{CandidateAssemblyFiles};{HintPathFromItem};{TargetFrameworkDirectory}") at C:\Program Files\dotnet\sdk\10.0.103\Sdks\Microsoft.NET.Sdk\targets\Microsoft.NET.Sdk.props (92,5)
       The "DefaultSdkResolver" resolver attempted to resolve the SDK "Microsoft.NET.SDK.WorkloadAutoImportPropsLocator".
       Warnings: null
       Errors: MSB4276: The default SDK resolver failed to resolve SDK "Microsoft.NET.SDK.WorkloadAutoImportPropsLocator" because directory "C:\Program Files\dotnet\sdk\10.0.103\Sdks\Microsoft.NET.SDK.WorkloadAutoImportPropsLocator\Sdk" did not exist.
       The SDK "Microsoft.NET.SDK.WorkloadAutoImportPropsLocator" was successfully resolved by the "Microsoft.DotNet.MSBuildWorkloadSdkResolver" resolver to location "C:\Program Files\dotnet\packs\Microsoft.Android.Sdk.Windows\36.1.2\Sdk" and version "null".
       C:\Users\Damien Mazeas\Desktop\portfolio\Orange\RobotControllerApp\RobotControllerApp.csproj(3,5): message : Property reassignment: $(OutputType)="WinExe" (previous value: "Library") at C:\Users\Damien Mazeas\Desktop\portfolio\Orange\RobotControllerApp\RobotControllerApp.csproj (3,5)
       C:\Users\Damien Mazeas\Desktop\portfolio\Orange\RobotControllerApp\RobotControllerApp.csproj(8,5): message : Property reassignment: $(Platforms)="x86;x64;ARM64" (previous value: "AnyCPU") at C:\Users\Damien Mazeas\Desktop\portfolio\Orange\RobotControllerApp\RobotControllerApp.csproj (8,5)
       The "Configuration" property is a global property, and cannot be modified.
       The "Platform" property is a global property, and cannot be modified.
       The "Platform" property is a global property, and cannot be modified.
       C:\Program Files\dotnet\sdk\10.0.103\Sdks\Microsoft.NET.Sdk\targets\Microsoft.NET.TargetFrameworkInference.targets(84,5): message : Property reassignment: $(TargetPlatformIdentifier)="Windows" (previous value: "windows") at C:\Program Files\dotnet\sdk\10.0.103\Sdks\Microsoft.NET.Sdk\targets\Microsoft.NET.TargetFrameworkInference.targets (84,5)
       C:\Program Files\dotnet\sdk\10.0.103\Sdks\Microsoft.NET.Sdk\targets\Microsoft.NET.DefaultOutputPaths.targets(127,5): message : Property reassignment: $(DefaultItemExcludes)=";bin\ARM64\Debug\/**;obj\ARM64\Debug\/**" (previous value: ";bin\ARM64\Debug\/**") at C:\Program Files\dotnet\sdk\10.0.103\Sdks\Microsoft.NET.Sdk\targets\Microsoft.NET.DefaultOutputPaths.targets (127,5)
       C:\Program Files\dotnet\sdk\10.0.103\Sdks\Microsoft.NET.Sdk\targets\Microsoft.NET.DefaultOutputPaths.targets(142,5): message : Property reassignment: $(OutputPath)="bin\ARM64\Debug\net8.0-windows10.0.19041.0\" (previous value: "bin\ARM64\Debug\") at C:\Program Files\dotnet\sdk\10.0.103\Sdks\Microsoft.NET.Sdk\targets\Microsoft.NET.DefaultOutputPaths.targets (142,5)
       C:\Program Files\dotnet\sdk\10.0.103\Sdks\Microsoft.NET.Sdk\targets\Microsoft.NET.DefaultOutputPaths.targets(147,5): message : Property reassignment: $(IntermediateOutputPath)="obj\ARM64\Debug\net8.0-windows10.0.19041.0\" (previous value: "obj\ARM64\Debug\") at C:\Program Files\dotnet\sdk\10.0.103\Sdks\Microsoft.NET.Sdk\targets\Microsoft.NET.DefaultOutputPaths.targets (147,5)
       The "DefaultSdkResolver" resolver attempted to resolve the SDK "Microsoft.NET.SDK.WorkloadManifestTargetsLocator".
       Warnings: null
       Errors: MSB4276: The default SDK resolver failed to resolve SDK "Microsoft.NET.SDK.WorkloadManifestTargetsLocator" because directory "C:\Program Files\dotnet\sdk\10.0.103\Sdks\Microsoft.NET.SDK.WorkloadManifestTargetsLocator\Sdk" did not exist.
       The SDK "Microsoft.NET.SDK.WorkloadManifestTargetsLocator" was successfully resolved by the "Microsoft.DotNet.MSBuildWorkloadSdkResolver" resolver to location "C:\Program Files\dotnet\sdk-manifests\10.0.100\microsoft.net.sdk.android\36.1.2" and version "null".
       C:\Program Files\dotnet\sdk\10.0.103\Sdks\Microsoft.NET.Sdk\targets\Microsoft.NET.RuntimeIdentifierInference.targets(369,5): message : Property reassignment: $(IntermediateOutputPath)="obj\ARM64\Debug\net8.0-windows10.0.19041.0\win-arm64\" (previous value: "obj\ARM64\Debug\net8.0-windows10.0.19041.0\") at C:\Program Files\dotnet\sdk\10.0.103\Sdks\Microsoft.NET.Sdk\targets\Microsoft.NET.RuntimeIdentifierInference.targets (369,5)
       C:\Program Files\dotnet\sdk\10.0.103\Sdks\Microsoft.NET.Sdk\targets\Microsoft.NET.RuntimeIdentifierInference.targets(370,5): message : Property reassignment: $(OutputPath)="bin\ARM64\Debug\net8.0-windows10.0.19041.0\win-arm64\" (previous value: "bin\ARM64\Debug\net8.0-windows10.0.19041.0\") at C:\Program Files\dotnet\sdk\10.0.103\Sdks\Microsoft.NET.Sdk\targets\Microsoft.NET.RuntimeIdentifierInference.targets (370,5)
       C:\Program Files\dotnet\sdk\10.0.103\Sdks\Microsoft.NET.Sdk\targets\Microsoft.NET.Sdk.BeforeCommon.targets(371,5): message : Property reassignment: $(RoslynTargetsPath)="C:\Program Files\dotnet\sdk\10.0.103\Sdks\Microsoft.NET.Sdk\targets\..\..\..\Roslyn" (previous value: "C:\Program Files\dotnet\sdk\10.0.103\Roslyn") at C:\Program Files\dotnet\sdk\10.0.103\Sdks\Microsoft.NET.Sdk\targets\Microsoft.NET.Sdk.BeforeCommon.targets (371,5)
       C:\Program Files\dotnet\sdk\10.0.103\Roslyn\Microsoft.Managed.Core.targets(6,5): message : Property reassignment: $(_BuildTasksDirectory)="C:\Program Files\dotnet\sdk\10.0.103\Sdks\Microsoft.NET.Sdk\targets\..\..\..\Roslyn\" (previous value: "C:\Program Files\dotnet\sdk\10.0.103\Roslyn\") at C:\Program Files\dotnet\sdk\10.0.103\Roslyn\Microsoft.Managed.Core.targets (6,5)
       C:\Program Files\dotnet\sdk\10.0.103\Roslyn\Microsoft.CSharp.Core.targets(200,5): message : Property reassignment: $(CommandLineArgsForDesignTimeEvaluation)="-langversion:12.0 -define:TRACE" (previous value: "-langversion:12.0") at C:\Program Files\dotnet\sdk\10.0.103\Roslyn\Microsoft.CSharp.Core.targets (200,5)
       The "Platform" property is a global property, and cannot be modified.
       The "Configuration" property is a global property, and cannot be modified.
       C:\Program Files\dotnet\sdk\10.0.103\Microsoft.Common.CurrentVersion.targets(175,5): message : Property reassignment: $(_DebugSymbolsProduced)="true" (previous value: "false") at C:\Program Files\dotnet\sdk\10.0.103\Microsoft.Common.CurrentVersion.targets (175,5)
       C:\Program Files\dotnet\sdk\10.0.103\Microsoft.Common.CurrentVersion.targets(185,5): message : Property reassignment: $(_DocumentationFileProduced)="false" (previous value: "true") at C:\Program Files\dotnet\sdk\10.0.103\Microsoft.Common.CurrentVersion.targets (185,5)
       The "SolutionName" property is a global property, and cannot be modified.
       The "SolutionFileName" property is a global property, and cannot be modified.
       The "SolutionPath" property is a global property, and cannot be modified.
       The "SolutionDir" property is a global property, and cannot be modified.
       The "SolutionExt" property is a global property, and cannot be modified.
       C:\Program Files\dotnet\sdk\10.0.103\Microsoft.Common.CurrentVersion.targets(392,5): message : Property reassignment: $(MSBuildCopyMarkerName)="RobotCon.2DBD3C39" (previous value: "RobotControllerApp.csproj") at C:\Program Files\dotnet\sdk\10.0.103\Microsoft.Common.CurrentVersion.targets (392,5)
       C:\Program Files\dotnet\sdk\10.0.103\Microsoft.Common.CurrentVersion.targets(393,5): message : Property reassignment: $(MSBuildCopyMarkerName)="RobotCon.2DBD3C39.Up2Date" (previous value: "RobotCon.2DBD3C39") at C:\Program Files\dotnet\sdk\10.0.103\Microsoft.Common.CurrentVersion.targets (393,5)
       C:\Program Files\dotnet\sdk\10.0.103\Microsoft.Common.CurrentVersion.targets(580,5): message : Property reassignment: $(DelaySign)="" (previous value: "false") at C:\Program Files\dotnet\sdk\10.0.103\Microsoft.Common.CurrentVersion.targets (580,5)
       C:\Program Files\dotnet\sdk\10.0.103\Microsoft.Common.CurrentVersion.targets(1188,5): message : Property reassignment: $(PrepareForBuildDependsOn)=";WindowsAppSDKVerifyKitVersion;GetFrameworkPaths;GetReferenceAssemblyPaths;AssignLinkMetadata" (previous value: ";WindowsAppSDKVerifyKitVersion") at C:\Program Files\dotnet\sdk\10.0.103\Microsoft.Common.CurrentVersion.targets (1188,5)
       C:\Program Files\dotnet\sdk\10.0.103\Microsoft.Common.CurrentVersion.targets(2606,5): message : Property 'LOCALAPPDATA' with value 'C:\Users\Damien Mazeas\AppData\Local' expanded from the environment.
       C:\Program Files\dotnet\sdk\10.0.103\Microsoft.Common.CurrentVersion.targets(3934,5): message : Property reassignment: $(_SGenGenerateSerializationAssembliesConfig)="Auto" (previous value: "") at C:\Program Files\dotnet\sdk\10.0.103\Microsoft.Common.CurrentVersion.targets (3934,5)
       C:\Program Files\dotnet\sdk\10.0.103\Microsoft.Common.CurrentVersion.targets(3935,5): message : Property reassignment: $(_SGenGenerateSerializationAssembliesConfig)="Off" (previous value: "Auto") at C:\Program Files\dotnet\sdk\10.0.103\Microsoft.Common.CurrentVersion.targets (3935,5)
       C:\Program Files\dotnet\sdk\10.0.103\Microsoft.Common.CurrentVersion.targets(5146,5): message : Property reassignment: $(_TargetsThatPrepareProjectReferences)="
       C:\Program Files\dotnet\sdk\10.0.103\Microsoft.Common.CurrentVersion.targets(5146,5): message :       AssignProjectConfiguration;
       C:\Program Files\dotnet\sdk\10.0.103\Microsoft.Common.CurrentVersion.targets(5146,5): message :       _SplitProjectReferencesByFileExistence
       C:\Program Files\dotnet\sdk\10.0.103\Microsoft.Common.CurrentVersion.targets(5146,5): message :     " (previous value: "_SplitProjectReferencesByFileExistence") at C:\Program Files\dotnet\sdk\10.0.103\Microsoft.Common.CurrentVersion.targets (5146,5)
       C:\Program Files\dotnet\sdk\10.0.103\Microsoft.Common.CurrentVersion.targets(6959,5): message : Property 'MSBuildExtensionsPath32' with value 'C:\Program Files\dotnet\sdk\10.0.103' expanded from the environment.
       The "NuGetInteractive" property is a global property, and cannot be modified.
       C:\NuGetPackages\microsoft.windows.sdk.buildtools.msix\1.7.20250829.1\build\Microsoft.Windows.SDK.BuildTools.MSIX.MrtCore.PriGen.targets(225,5): message : Property reassignment: $(AppxPackagePipelineVersion)="2.0" (previous value: "1.0") at C:\NuGetPackages\microsoft.windows.sdk.buildtools.msix\1.7.20250829.1\build\Microsoft.Windows.SDK.BuildTools.MSIX.MrtCore.PriGen.targets (225,5)
       C:\NuGetPackages\microsoft.windows.sdk.buildtools.msix\1.7.20250829.1\build\Microsoft.Windows.SDK.BuildTools.MSIX.MrtCore.PriGen.targets(250,5): message : Property reassignment: $(InsertReverseMap)="false" (previous value: "true") at C:\NuGetPackages\microsoft.windows.sdk.buildtools.msix\1.7.20250829.1\build\Microsoft.Windows.SDK.BuildTools.MSIX.MrtCore.PriGen.targets (250,5)
       C:\NuGetPackages\microsoft.windows.sdk.buildtools.msix\1.7.20250829.1\build\Microsoft.Windows.SDK.BuildTools.MSIX.MrtCore.PriGen.targets(328,5): message : Property reassignment: $(PrepareForRunDependsOn)="
       C:\NuGetPackages\microsoft.windows.sdk.buildtools.msix\1.7.20250829.1\build\Microsoft.Windows.SDK.BuildTools.MSIX.MrtCore.PriGen.targets(328,5): message :       
       C:\NuGetPackages\microsoft.windows.sdk.buildtools.msix\1.7.20250829.1\build\Microsoft.Windows.SDK.BuildTools.MSIX.MrtCore.PriGen.targets(328,5): message :       CopyFilesToOutputDirectory
       C:\NuGetPackages\microsoft.windows.sdk.buildtools.msix\1.7.20250829.1\build\Microsoft.Windows.SDK.BuildTools.MSIX.MrtCore.PriGen.targets(328,5): message :     ;
       C:\NuGetPackages\microsoft.windows.sdk.buildtools.msix\1.7.20250829.1\build\Microsoft.Windows.SDK.BuildTools.MSIX.MrtCore.PriGen.targets(328,5): message :       _GetSdkToolPaths;
       C:\NuGetPackages\microsoft.windows.sdk.buildtools.msix\1.7.20250829.1\build\Microsoft.Windows.SDK.BuildTools.MSIX.MrtCore.PriGen.targets(328,5): message :       GetMrtPackagingOutputs;
       C:\NuGetPackages\microsoft.windows.sdk.buildtools.msix\1.7.20250829.1\build\Microsoft.Windows.SDK.BuildTools.MSIX.MrtCore.PriGen.targets(328,5): message :       _GetDefaultResourceLanguage;
       C:\NuGetPackages\microsoft.windows.sdk.buildtools.msix\1.7.20250829.1\build\Microsoft.Windows.SDK.BuildTools.MSIX.MrtCore.PriGen.targets(328,5): message :       _GenerateProjectPriFile;
       C:\NuGetPackages\microsoft.windows.sdk.buildtools.msix\1.7.20250829.1\build\Microsoft.Windows.SDK.BuildTools.MSIX.MrtCore.PriGen.targets(328,5): message :     " (previous value: "
       C:\NuGetPackages\microsoft.windows.sdk.buildtools.msix\1.7.20250829.1\build\Microsoft.Windows.SDK.BuildTools.MSIX.MrtCore.PriGen.targets(328,5): message :       CopyFilesToOutputDirectory
       C:\NuGetPackages\microsoft.windows.sdk.buildtools.msix\1.7.20250829.1\build\Microsoft.Windows.SDK.BuildTools.MSIX.MrtCore.PriGen.targets(328,5): message :     ") at C:\NuGetPackages\microsoft.windows.sdk.buildtools.msix\1.7.20250829.1\build\Microsoft.Windows.SDK.BuildTools.MSIX.MrtCore.PriGen.targets (328,5)
       C:\NuGetPackages\microsoft.windows.sdk.buildtools.msix\1.7.20250829.1\build\Microsoft.Windows.SDK.BuildTools.MSIX.MrtCore.PriExpansion.targets(16,5): message : Property reassignment: $(GetCopyToOutputDirectoryItemsDependsOn)="
       C:\NuGetPackages\microsoft.windows.sdk.buildtools.msix\1.7.20250829.1\build\Microsoft.Windows.SDK.BuildTools.MSIX.MrtCore.PriExpansion.targets(16,5): message :       ResolveProjectReferences;
       C:\NuGetPackages\microsoft.windows.sdk.buildtools.msix\1.7.20250829.1\build\Microsoft.Windows.SDK.BuildTools.MSIX.MrtCore.PriExpansion.targets(16,5): message :       
       C:\NuGetPackages\microsoft.windows.sdk.buildtools.msix\1.7.20250829.1\build\Microsoft.Windows.SDK.BuildTools.MSIX.MrtCore.PriExpansion.targets(16,5): message :       AssignTargetPaths;
       C:\NuGetPackages\microsoft.windows.sdk.buildtools.msix\1.7.20250829.1\build\Microsoft.Windows.SDK.BuildTools.MSIX.MrtCore.PriExpansion.targets(16,5): message :       
       C:\NuGetPackages\microsoft.windows.sdk.buildtools.msix\1.7.20250829.1\build\Microsoft.Windows.SDK.BuildTools.MSIX.MrtCore.PriExpansion.targets(16,5): message :       AssignProjectConfiguration;
       C:\NuGetPackages\microsoft.windows.sdk.buildtools.msix\1.7.20250829.1\build\Microsoft.Windows.SDK.BuildTools.MSIX.MrtCore.PriExpansion.targets(16,5): message :       _SplitProjectReferencesByFileExistence
       C:\NuGetPackages\microsoft.windows.sdk.buildtools.msix\1.7.20250829.1\build\Microsoft.Windows.SDK.BuildTools.MSIX.MrtCore.PriExpansion.targets(16,5): message :     ;
       C:\NuGetPackages\microsoft.windows.sdk.buildtools.msix\1.7.20250829.1\build\Microsoft.Windows.SDK.BuildTools.MSIX.MrtCore.PriExpansion.targets(16,5): message :       _GetProjectReferenceTargetFrameworkProperties;
       C:\NuGetPackages\microsoft.windows.sdk.buildtools.msix\1.7.20250829.1\build\Microsoft.Windows.SDK.BuildTools.MSIX.MrtCore.PriExpansion.targets(16,5): message :       _PopulateCommonStateForGetCopyToOutputDirectoryItems
       C:\NuGetPackages\microsoft.windows.sdk.buildtools.msix\1.7.20250829.1\build\Microsoft.Windows.SDK.BuildTools.MSIX.MrtCore.PriExpansion.targets(16,5): message :     ;
       C:\NuGetPackages\microsoft.windows.sdk.buildtools.msix\1.7.20250829.1\build\Microsoft.Windows.SDK.BuildTools.MSIX.MrtCore.PriExpansion.targets(16,5): message :       _SetPortablePriProperties;
       C:\NuGetPackages\microsoft.windows.sdk.buildtools.msix\1.7.20250829.1\build\Microsoft.Windows.SDK.BuildTools.MSIX.MrtCore.PriExpansion.targets(16,5): message :       AddPriPayloadFilesToCopyToOutputDirectoryItems
       C:\NuGetPackages\microsoft.windows.sdk.buildtools.msix\1.7.20250829.1\build\Microsoft.Windows.SDK.BuildTools.MSIX.MrtCore.PriExpansion.targets(16,5): message :     " (previous value: "
       C:\NuGetPackages\microsoft.windows.sdk.buildtools.msix\1.7.20250829.1\build\Microsoft.Windows.SDK.BuildTools.MSIX.MrtCore.PriExpansion.targets(16,5): message :       AssignTargetPaths;
       C:\NuGetPackages\microsoft.windows.sdk.buildtools.msix\1.7.20250829.1\build\Microsoft.Windows.SDK.BuildTools.MSIX.MrtCore.PriExpansion.targets(16,5): message :       
       C:\NuGetPackages\microsoft.windows.sdk.buildtools.msix\1.7.20250829.1\build\Microsoft.Windows.SDK.BuildTools.MSIX.MrtCore.PriExpansion.targets(16,5): message :       AssignProjectConfiguration;
       C:\NuGetPackages\microsoft.windows.sdk.buildtools.msix\1.7.20250829.1\build\Microsoft.Windows.SDK.BuildTools.MSIX.MrtCore.PriExpansion.targets(16,5): message :       _SplitProjectReferencesByFileExistence
       C:\NuGetPackages\microsoft.windows.sdk.buildtools.msix\1.7.20250829.1\build\Microsoft.Windows.SDK.BuildTools.MSIX.MrtCore.PriExpansion.targets(16,5): message :     ;
       C:\NuGetPackages\microsoft.windows.sdk.buildtools.msix\1.7.20250829.1\build\Microsoft.Windows.SDK.BuildTools.MSIX.MrtCore.PriExpansion.targets(16,5): message :       _GetProjectReferenceTargetFrameworkProperties;
       C:\NuGetPackages\microsoft.windows.sdk.buildtools.msix\1.7.20250829.1\build\Microsoft.Windows.SDK.BuildTools.MSIX.MrtCore.PriExpansion.targets(16,5): message :       _PopulateCommonStateForGetCopyToOutputDirectoryItems
       C:\NuGetPackages\microsoft.windows.sdk.buildtools.msix\1.7.20250829.1\build\Microsoft.Windows.SDK.BuildTools.MSIX.MrtCore.PriExpansion.targets(16,5): message :     ") at C:\NuGetPackages\microsoft.windows.sdk.buildtools.msix\1.7.20250829.1\build\Microsoft.Windows.SDK.BuildTools.MSIX.MrtCore.PriExpansion.targets (16,5)
       C:\NuGetPackages\microsoft.windowsappsdk.base\1.8.251216001\buildTransitive\Microsoft.WindowsAppSDK.SelfContained.targets(23,9): message : Property reassignment: $(GetCopyToOutputDirectoryItemsDependsOn)="
       C:\NuGetPackages\microsoft.windowsappsdk.base\1.8.251216001\buildTransitive\Microsoft.WindowsAppSDK.SelfContained.targets(23,9): message :             
       C:\NuGetPackages\microsoft.windowsappsdk.base\1.8.251216001\buildTransitive\Microsoft.WindowsAppSDK.SelfContained.targets(23,9): message :       ResolveProjectReferences;
       C:\NuGetPackages\microsoft.windowsappsdk.base\1.8.251216001\buildTransitive\Microsoft.WindowsAppSDK.SelfContained.targets(23,9): message :       
       C:\NuGetPackages\microsoft.windowsappsdk.base\1.8.251216001\buildTransitive\Microsoft.WindowsAppSDK.SelfContained.targets(23,9): message :       AssignTargetPaths;
       C:\NuGetPackages\microsoft.windowsappsdk.base\1.8.251216001\buildTransitive\Microsoft.WindowsAppSDK.SelfContained.targets(23,9): message :       
       C:\NuGetPackages\microsoft.windowsappsdk.base\1.8.251216001\buildTransitive\Microsoft.WindowsAppSDK.SelfContained.targets(23,9): message :       AssignProjectConfiguration;
       C:\NuGetPackages\microsoft.windowsappsdk.base\1.8.251216001\buildTransitive\Microsoft.WindowsAppSDK.SelfContained.targets(23,9): message :       _SplitProjectReferencesByFileExistence
       C:\NuGetPackages\microsoft.windowsappsdk.base\1.8.251216001\buildTransitive\Microsoft.WindowsAppSDK.SelfContained.targets(23,9): message :     ;
       C:\NuGetPackages\microsoft.windowsappsdk.base\1.8.251216001\buildTransitive\Microsoft.WindowsAppSDK.SelfContained.targets(23,9): message :       _GetProjectReferenceTargetFrameworkProperties;
       C:\NuGetPackages\microsoft.windowsappsdk.base\1.8.251216001\buildTransitive\Microsoft.WindowsAppSDK.SelfContained.targets(23,9): message :       _PopulateCommonStateForGetCopyToOutputDirectoryItems
       C:\NuGetPackages\microsoft.windowsappsdk.base\1.8.251216001\buildTransitive\Microsoft.WindowsAppSDK.SelfContained.targets(23,9): message :     ;
       C:\NuGetPackages\microsoft.windowsappsdk.base\1.8.251216001\buildTransitive\Microsoft.WindowsAppSDK.SelfContained.targets(23,9): message :       _SetPortablePriProperties;
       C:\NuGetPackages\microsoft.windowsappsdk.base\1.8.251216001\buildTransitive\Microsoft.WindowsAppSDK.SelfContained.targets(23,9): message :       AddPriPayloadFilesToCopyToOutputDirectoryItems
       C:\NuGetPackages\microsoft.windowsappsdk.base\1.8.251216001\buildTransitive\Microsoft.WindowsAppSDK.SelfContained.targets(23,9): message :     ;
       C:\NuGetPackages\microsoft.windowsappsdk.base\1.8.251216001\buildTransitive\Microsoft.WindowsAppSDK.SelfContained.targets(23,9): message :             AddMicrosoftWindowsAppSDKPayloadFilesFromMsix;
       C:\NuGetPackages\microsoft.windowsappsdk.base\1.8.251216001\buildTransitive\Microsoft.WindowsAppSDK.SelfContained.targets(23,9): message :             AddMicrosoftWindowsAppSDKPayloadFilesFromComponents
       C:\NuGetPackages\microsoft.windowsappsdk.base\1.8.251216001\buildTransitive\Microsoft.WindowsAppSDK.SelfContained.targets(23,9): message :         " (previous value: "
       C:\NuGetPackages\microsoft.windowsappsdk.base\1.8.251216001\buildTransitive\Microsoft.WindowsAppSDK.SelfContained.targets(23,9): message :       ResolveProjectReferences;
       C:\NuGetPackages\microsoft.windowsappsdk.base\1.8.251216001\buildTransitive\Microsoft.WindowsAppSDK.SelfContained.targets(23,9): message :       
       C:\NuGetPackages\microsoft.windowsappsdk.base\1.8.251216001\buildTransitive\Microsoft.WindowsAppSDK.SelfContained.targets(23,9): message :       AssignTargetPaths;
       C:\NuGetPackages\microsoft.windowsappsdk.base\1.8.251216001\buildTransitive\Microsoft.WindowsAppSDK.SelfContained.targets(23,9): message :       
       C:\NuGetPackages\microsoft.windowsappsdk.base\1.8.251216001\buildTransitive\Microsoft.WindowsAppSDK.SelfContained.targets(23,9): message :       AssignProjectConfiguration;
       C:\NuGetPackages\microsoft.windowsappsdk.base\1.8.251216001\buildTransitive\Microsoft.WindowsAppSDK.SelfContained.targets(23,9): message :       _SplitProjectReferencesByFileExistence
       C:\NuGetPackages\microsoft.windowsappsdk.base\1.8.251216001\buildTransitive\Microsoft.WindowsAppSDK.SelfContained.targets(23,9): message :     ;
       C:\NuGetPackages\microsoft.windowsappsdk.base\1.8.251216001\buildTransitive\Microsoft.WindowsAppSDK.SelfContained.targets(23,9): message :       _GetProjectReferenceTargetFrameworkProperties;
       C:\NuGetPackages\microsoft.windowsappsdk.base\1.8.251216001\buildTransitive\Microsoft.WindowsAppSDK.SelfContained.targets(23,9): message :       _PopulateCommonStateForGetCopyToOutputDirectoryItems
       C:\NuGetPackages\microsoft.windowsappsdk.base\1.8.251216001\buildTransitive\Microsoft.WindowsAppSDK.SelfContained.targets(23,9): message :     ;
       C:\NuGetPackages\microsoft.windowsappsdk.base\1.8.251216001\buildTransitive\Microsoft.WindowsAppSDK.SelfContained.targets(23,9): message :       _SetPortablePriProperties;
       C:\NuGetPackages\microsoft.windowsappsdk.base\1.8.251216001\buildTransitive\Microsoft.WindowsAppSDK.SelfContained.targets(23,9): message :       AddPriPayloadFilesToCopyToOutputDirectoryItems
       C:\NuGetPackages\microsoft.windowsappsdk.base\1.8.251216001\buildTransitive\Microsoft.WindowsAppSDK.SelfContained.targets(23,9): message :     ") at C:\NuGetPackages\microsoft.windowsappsdk.base\1.8.251216001\buildTransitive\Microsoft.WindowsAppSDK.SelfContained.targets (23,9)
       C:\NuGetPackages\microsoft.windowsappsdk.base\1.8.251216001\buildTransitive\Microsoft.WindowsAppSDK.SelfContained.targets(530,9): message : Property reassignment: $(DefineConstants)="TRACE;MICROSOFT_WINDOWSAPPSDK_SELFCONTAINED" (previous value: "TRACE") at C:\NuGetPackages\microsoft.windowsappsdk.base\1.8.251216001\buildTransitive\Microsoft.WindowsAppSDK.SelfContained.targets (530,9)
       C:\NuGetPackages\microsoft.windowsappsdk.base\1.8.251216001\buildTransitive\Microsoft.WindowsAppSDK.Base.targets(29,9): message : Property reassignment: $(ResolveReferencesDependsOn)="
       C:\NuGetPackages\microsoft.windowsappsdk.base\1.8.251216001\buildTransitive\Microsoft.WindowsAppSDK.Base.targets(29,9): message :             
       C:\NuGetPackages\microsoft.windowsappsdk.base\1.8.251216001\buildTransitive\Microsoft.WindowsAppSDK.Base.targets(29,9): message :       BeforeResolveReferences;
       C:\NuGetPackages\microsoft.windowsappsdk.base\1.8.251216001\buildTransitive\Microsoft.WindowsAppSDK.Base.targets(29,9): message :       AssignProjectConfiguration;
       C:\NuGetPackages\microsoft.windowsappsdk.base\1.8.251216001\buildTransitive\Microsoft.WindowsAppSDK.Base.targets(29,9): message :       ResolveProjectReferences;
       C:\NuGetPackages\microsoft.windowsappsdk.base\1.8.251216001\buildTransitive\Microsoft.WindowsAppSDK.Base.targets(29,9): message :       FindInvalidProjectReferences;
       C:\NuGetPackages\microsoft.windowsappsdk.base\1.8.251216001\buildTransitive\Microsoft.WindowsAppSDK.Base.targets(29,9): message :       ResolveNativeReferences;
       C:\NuGetPackages\microsoft.windowsappsdk.base\1.8.251216001\buildTransitive\Microsoft.WindowsAppSDK.Base.targets(29,9): message :       ResolveAssemblyReferences;
       C:\NuGetPackages\microsoft.windowsappsdk.base\1.8.251216001\buildTransitive\Microsoft.WindowsAppSDK.Base.targets(29,9): message :       GenerateBindingRedirects;
       C:\NuGetPackages\microsoft.windowsappsdk.base\1.8.251216001\buildTransitive\Microsoft.WindowsAppSDK.Base.targets(29,9): message :       GenerateBindingRedirectsUpdateAppConfig;
       C:\NuGetPackages\microsoft.windowsappsdk.base\1.8.251216001\buildTransitive\Microsoft.WindowsAppSDK.Base.targets(29,9): message :       ResolveComReferences;
       C:\NuGetPackages\microsoft.windowsappsdk.base\1.8.251216001\buildTransitive\Microsoft.WindowsAppSDK.Base.targets(29,9): message :       AfterResolveReferences
       C:\NuGetPackages\microsoft.windowsappsdk.base\1.8.251216001\buildTransitive\Microsoft.WindowsAppSDK.Base.targets(29,9): message :     ;WindowsAppSDKVerifyCsWinRtVersions
       C:\NuGetPackages\microsoft.windowsappsdk.base\1.8.251216001\buildTransitive\Microsoft.WindowsAppSDK.Base.targets(29,9): message :         " (previous value: "
       C:\NuGetPackages\microsoft.windowsappsdk.base\1.8.251216001\buildTransitive\Microsoft.WindowsAppSDK.Base.targets(29,9): message :       BeforeResolveReferences;
       C:\NuGetPackages\microsoft.windowsappsdk.base\1.8.251216001\buildTransitive\Microsoft.WindowsAppSDK.Base.targets(29,9): message :       AssignProjectConfiguration;
       C:\NuGetPackages\microsoft.windowsappsdk.base\1.8.251216001\buildTransitive\Microsoft.WindowsAppSDK.Base.targets(29,9): message :       ResolveProjectReferences;
       C:\NuGetPackages\microsoft.windowsappsdk.base\1.8.251216001\buildTransitive\Microsoft.WindowsAppSDK.Base.targets(29,9): message :       FindInvalidProjectReferences;
       C:\NuGetPackages\microsoft.windowsappsdk.base\1.8.251216001\buildTransitive\Microsoft.WindowsAppSDK.Base.targets(29,9): message :       ResolveNativeReferences;
       C:\NuGetPackages\microsoft.windowsappsdk.base\1.8.251216001\buildTransitive\Microsoft.WindowsAppSDK.Base.targets(29,9): message :       ResolveAssemblyReferences;
       C:\NuGetPackages\microsoft.windowsappsdk.base\1.8.251216001\buildTransitive\Microsoft.WindowsAppSDK.Base.targets(29,9): message :       GenerateBindingRedirects;
       C:\NuGetPackages\microsoft.windowsappsdk.base\1.8.251216001\buildTransitive\Microsoft.WindowsAppSDK.Base.targets(29,9): message :       GenerateBindingRedirectsUpdateAppConfig;
       C:\NuGetPackages\microsoft.windowsappsdk.base\1.8.251216001\buildTransitive\Microsoft.WindowsAppSDK.Base.targets(29,9): message :       ResolveComReferences;
       C:\NuGetPackages\microsoft.windowsappsdk.base\1.8.251216001\buildTransitive\Microsoft.WindowsAppSDK.Base.targets(29,9): message :       AfterResolveReferences
       C:\NuGetPackages\microsoft.windowsappsdk.base\1.8.251216001\buildTransitive\Microsoft.WindowsAppSDK.Base.targets(29,9): message :     ") at C:\NuGetPackages\microsoft.windowsappsdk.base\1.8.251216001\buildTransitive\Microsoft.WindowsAppSDK.Base.targets (29,9)
       C:\NuGetPackages\microsoft.windowsappsdk.foundation\1.8.260203002\buildTransitive\Microsoft.WindowsAppSDK.AutoInitializer.CS.targets(8,7): message : Property reassignment: $(DefineConstants)="TRACE;MICROSOFT_WINDOWSAPPSDK_SELFCONTAINED;MICROSOFT_WINDOWSAPPSDK_AUTOINITIALIZE_UNDOCKEDREGFREEWINRT" (previous value: "TRACE;MICROSOFT_WINDOWSAPPSDK_SELFCONTAINED") at C:\NuGetPackages\microsoft.windowsappsdk.foundation\1.8.260203002\buildTransitive\Microsoft.WindowsAppSDK.AutoInitializer.CS.targets (8,7)
       C:\NuGetPackages\microsoft.web.webview2\1.0.3179.45\build\Common.targets(41,5): message : Property reassignment: $(EffectivePlatform)="x64" (previous value: "ARM64") at C:\NuGetPackages\microsoft.web.webview2\1.0.3179.45\build\Common.targets (41,5)
       C:\NuGetPackages\microsoft.web.webview2\1.0.3179.45\build\Common.targets(47,5): message : Property reassignment: $(EffectivePlatform)="arm64" (previous value: "x64") at C:\NuGetPackages\microsoft.web.webview2\1.0.3179.45\build\Common.targets (47,5)
       C:\NuGetPackages\microsoft.windowsappsdk.winui\1.8.260204000\buildTransitive\Microsoft.WinUI.AppX.targets(7,5): message : Property reassignment: $(MSBuildWarningsAsMessages)="
       C:\NuGetPackages\microsoft.windowsappsdk.winui\1.8.260204000\buildTransitive\Microsoft.WinUI.AppX.targets(7,5): message :        1701;1702;
       C:\NuGetPackages\microsoft.windowsappsdk.winui\1.8.260204000\buildTransitive\Microsoft.WinUI.AppX.targets(7,5): message : 
       C:\NuGetPackages\microsoft.windowsappsdk.winui\1.8.260204000\buildTransitive\Microsoft.WinUI.AppX.targets(7,5): message :        
       C:\NuGetPackages\microsoft.windowsappsdk.winui\1.8.260204000\buildTransitive\Microsoft.WinUI.AppX.targets(7,5): message :        APPX1707;
       C:\NuGetPackages\microsoft.windowsappsdk.winui\1.8.260204000\buildTransitive\Microsoft.WinUI.AppX.targets(7,5): message :     " (previous value: "1701;1702") at C:\NuGetPackages\microsoft.windowsappsdk.winui\1.8.260204000\buildTransitive\Microsoft.WinUI.AppX.targets (7,5)
       C:\NuGetPackages\microsoft.windowsappsdk.winui\1.8.260204000\buildTransitive\Microsoft.UI.Xaml.Markup.Compiler.interop.targets(152,9): message : Property reassignment: $(PrepareResourcesDependsOn)="
       C:\NuGetPackages\microsoft.windowsappsdk.winui\1.8.260204000\buildTransitive\Microsoft.UI.Xaml.Markup.Compiler.interop.targets(152,9): message :             ResolveKeySource;
       C:\NuGetPackages\microsoft.windowsappsdk.winui\1.8.260204000\buildTransitive\Microsoft.UI.Xaml.Markup.Compiler.interop.targets(152,9): message :             AddImplicitDefineConstants;
       C:\NuGetPackages\microsoft.windowsappsdk.winui\1.8.260204000\buildTransitive\Microsoft.UI.Xaml.Markup.Compiler.interop.targets(152,9): message :             MarkupCompilePass1;
       C:\NuGetPackages\microsoft.windowsappsdk.winui\1.8.260204000\buildTransitive\Microsoft.UI.Xaml.Markup.Compiler.interop.targets(152,9): message :             XamlPreCompile;
       C:\NuGetPackages\microsoft.windowsappsdk.winui\1.8.260204000\buildTransitive\Microsoft.UI.Xaml.Markup.Compiler.interop.targets(152,9): message :             MarkupCompilePass2;
       C:\NuGetPackages\microsoft.windowsappsdk.winui\1.8.260204000\buildTransitive\Microsoft.UI.Xaml.Markup.Compiler.interop.targets(152,9): message :             
       C:\NuGetPackages\microsoft.windowsappsdk.winui\1.8.260204000\buildTransitive\Microsoft.UI.Xaml.Markup.Compiler.interop.targets(152,9): message :       ;
       C:\NuGetPackages\microsoft.windowsappsdk.winui\1.8.260204000\buildTransitive\Microsoft.UI.Xaml.Markup.Compiler.interop.targets(152,9): message :       PrepareResourceNames;
       C:\NuGetPackages\microsoft.windowsappsdk.winui\1.8.260204000\buildTransitive\Microsoft.UI.Xaml.Markup.Compiler.interop.targets(152,9): message :       ResGen;
       C:\NuGetPackages\microsoft.windowsappsdk.winui\1.8.260204000\buildTransitive\Microsoft.UI.Xaml.Markup.Compiler.interop.targets(152,9): message :       CompileLicxFiles
       C:\NuGetPackages\microsoft.windowsappsdk.winui\1.8.260204000\buildTransitive\Microsoft.UI.Xaml.Markup.Compiler.interop.targets(152,9): message :     
       C:\NuGetPackages\microsoft.windowsappsdk.winui\1.8.260204000\buildTransitive\Microsoft.UI.Xaml.Markup.Compiler.interop.targets(152,9): message :         " (previous value: "
       C:\NuGetPackages\microsoft.windowsappsdk.winui\1.8.260204000\buildTransitive\Microsoft.UI.Xaml.Markup.Compiler.interop.targets(152,9): message :       ;
       C:\NuGetPackages\microsoft.windowsappsdk.winui\1.8.260204000\buildTransitive\Microsoft.UI.Xaml.Markup.Compiler.interop.targets(152,9): message :       PrepareResourceNames;
       C:\NuGetPackages\microsoft.windowsappsdk.winui\1.8.260204000\buildTransitive\Microsoft.UI.Xaml.Markup.Compiler.interop.targets(152,9): message :       ResGen;
       C:\NuGetPackages\microsoft.windowsappsdk.winui\1.8.260204000\buildTransitive\Microsoft.UI.Xaml.Markup.Compiler.interop.targets(152,9): message :       CompileLicxFiles
       C:\NuGetPackages\microsoft.windowsappsdk.winui\1.8.260204000\buildTransitive\Microsoft.UI.Xaml.Markup.Compiler.interop.targets(152,9): message :     ") at C:\NuGetPackages\microsoft.windowsappsdk.winui\1.8.260204000\buildTransitive\Microsoft.UI.Xaml.Markup.Compiler.interop.targets (152,9)
       C:\NuGetPackages\microsoft.windowsappsdk.winui\1.8.260204000\buildTransitive\Microsoft.UI.Xaml.Markup.Compiler.interop.targets(204,9): message : Property reassignment: $(IncludeCustomOutputGroupForPackaging)="true" (previous value: "false") at C:\NuGetPackages\microsoft.windowsappsdk.winui\1.8.260204000\buildTransitive\Microsoft.UI.Xaml.Markup.Compiler.interop.targets (204,9)
       C:\NuGetPackages\microsoft.windowsappsdk.winui\1.8.260204000\buildTransitive\Microsoft.UI.Xaml.Markup.Compiler.interop.targets(1031,9): message : Property reassignment: $(ResolveReferencesDependsOn)="
       C:\NuGetPackages\microsoft.windowsappsdk.winui\1.8.260204000\buildTransitive\Microsoft.UI.Xaml.Markup.Compiler.interop.targets(1031,9): message :             
       C:\NuGetPackages\microsoft.windowsappsdk.winui\1.8.260204000\buildTransitive\Microsoft.UI.Xaml.Markup.Compiler.interop.targets(1031,9): message :             
       C:\NuGetPackages\microsoft.windowsappsdk.winui\1.8.260204000\buildTransitive\Microsoft.UI.Xaml.Markup.Compiler.interop.targets(1031,9): message :       BeforeResolveReferences;
       C:\NuGetPackages\microsoft.windowsappsdk.winui\1.8.260204000\buildTransitive\Microsoft.UI.Xaml.Markup.Compiler.interop.targets(1031,9): message :       AssignProjectConfiguration;
       C:\NuGetPackages\microsoft.windowsappsdk.winui\1.8.260204000\buildTransitive\Microsoft.UI.Xaml.Markup.Compiler.interop.targets(1031,9): message :       ResolveProjectReferences;
       C:\NuGetPackages\microsoft.windowsappsdk.winui\1.8.260204000\buildTransitive\Microsoft.UI.Xaml.Markup.Compiler.interop.targets(1031,9): message :       FindInvalidProjectReferences;
       C:\NuGetPackages\microsoft.windowsappsdk.winui\1.8.260204000\buildTransitive\Microsoft.UI.Xaml.Markup.Compiler.interop.targets(1031,9): message :       ResolveNativeReferences;
       C:\NuGetPackages\microsoft.windowsappsdk.winui\1.8.260204000\buildTransitive\Microsoft.UI.Xaml.Markup.Compiler.interop.targets(1031,9): message :       ResolveAssemblyReferences;
       C:\NuGetPackages\microsoft.windowsappsdk.winui\1.8.260204000\buildTransitive\Microsoft.UI.Xaml.Markup.Compiler.interop.targets(1031,9): message :       GenerateBindingRedirects;
       C:\NuGetPackages\microsoft.windowsappsdk.winui\1.8.260204000\buildTransitive\Microsoft.UI.Xaml.Markup.Compiler.interop.targets(1031,9): message :       GenerateBindingRedirectsUpdateAppConfig;
       C:\NuGetPackages\microsoft.windowsappsdk.winui\1.8.260204000\buildTransitive\Microsoft.UI.Xaml.Markup.Compiler.interop.targets(1031,9): message :       ResolveComReferences;
       C:\NuGetPackages\microsoft.windowsappsdk.winui\1.8.260204000\buildTransitive\Microsoft.UI.Xaml.Markup.Compiler.interop.targets(1031,9): message :       AfterResolveReferences
       C:\NuGetPackages\microsoft.windowsappsdk.winui\1.8.260204000\buildTransitive\Microsoft.UI.Xaml.Markup.Compiler.interop.targets(1031,9): message :     ;WindowsAppSDKVerifyCsWinRtVersions
       C:\NuGetPackages\microsoft.windowsappsdk.winui\1.8.260204000\buildTransitive\Microsoft.UI.Xaml.Markup.Compiler.interop.targets(1031,9): message :         ;
       C:\NuGetPackages\microsoft.windowsappsdk.winui\1.8.260204000\buildTransitive\Microsoft.UI.Xaml.Markup.Compiler.interop.targets(1031,9): message :             ImplicitlyExpandTargetFramework;
       C:\NuGetPackages\microsoft.windowsappsdk.winui\1.8.260204000\buildTransitive\Microsoft.UI.Xaml.Markup.Compiler.interop.targets(1031,9): message :             ImplicitlyExpandTargetPlatform
       C:\NuGetPackages\microsoft.windowsappsdk.winui\1.8.260204000\buildTransitive\Microsoft.UI.Xaml.Markup.Compiler.interop.targets(1031,9): message :         " (previous value: "
       C:\NuGetPackages\microsoft.windowsappsdk.winui\1.8.260204000\buildTransitive\Microsoft.UI.Xaml.Markup.Compiler.interop.targets(1031,9): message :             
       C:\NuGetPackages\microsoft.windowsappsdk.winui\1.8.260204000\buildTransitive\Microsoft.UI.Xaml.Markup.Compiler.interop.targets(1031,9): message :       BeforeResolveReferences;
       C:\NuGetPackages\microsoft.windowsappsdk.winui\1.8.260204000\buildTransitive\Microsoft.UI.Xaml.Markup.Compiler.interop.targets(1031,9): message :       AssignProjectConfiguration;
       C:\NuGetPackages\microsoft.windowsappsdk.winui\1.8.260204000\buildTransitive\Microsoft.UI.Xaml.Markup.Compiler.interop.targets(1031,9): message :       ResolveProjectReferences;
       C:\NuGetPackages\microsoft.windowsappsdk.winui\1.8.260204000\buildTransitive\Microsoft.UI.Xaml.Markup.Compiler.interop.targets(1031,9): message :       FindInvalidProjectReferences;
       C:\NuGetPackages\microsoft.windowsappsdk.winui\1.8.260204000\buildTransitive\Microsoft.UI.Xaml.Markup.Compiler.interop.targets(1031,9): message :       ResolveNativeReferences;
       C:\NuGetPackages\microsoft.windowsappsdk.winui\1.8.260204000\buildTransitive\Microsoft.UI.Xaml.Markup.Compiler.interop.targets(1031,9): message :       ResolveAssemblyReferences;
       C:\NuGetPackages\microsoft.windowsappsdk.winui\1.8.260204000\buildTransitive\Microsoft.UI.Xaml.Markup.Compiler.interop.targets(1031,9): message :       GenerateBindingRedirects;
       C:\NuGetPackages\microsoft.windowsappsdk.winui\1.8.260204000\buildTransitive\Microsoft.UI.Xaml.Markup.Compiler.interop.targets(1031,9): message :       GenerateBindingRedirectsUpdateAppConfig;
       C:\NuGetPackages\microsoft.windowsappsdk.winui\1.8.260204000\buildTransitive\Microsoft.UI.Xaml.Markup.Compiler.interop.targets(1031,9): message :       ResolveComReferences;
       C:\NuGetPackages\microsoft.windowsappsdk.winui\1.8.260204000\buildTransitive\Microsoft.UI.Xaml.Markup.Compiler.interop.targets(1031,9): message :       AfterResolveReferences
       C:\NuGetPackages\microsoft.windowsappsdk.winui\1.8.260204000\buildTransitive\Microsoft.UI.Xaml.Markup.Compiler.interop.targets(1031,9): message :     ;WindowsAppSDKVerifyCsWinRtVersions
       C:\NuGetPackages\microsoft.windowsappsdk.winui\1.8.260204000\buildTransitive\Microsoft.UI.Xaml.Markup.Compiler.interop.targets(1031,9): message :         ") at C:\NuGetPackages\microsoft.windowsappsdk.winui\1.8.260204000\buildTransitive\Microsoft.UI.Xaml.Markup.Compiler.interop.targets (1031,9)
       C:\Program Files\dotnet\sdk\10.0.103\Sdks\Microsoft.NET.Sdk\targets\Microsoft.PackageDependencyResolution.targets(29,5): message : Property reassignment: $(ProjectAssetsCacheFile)="C:\Users\Damien Mazeas\Desktop\portfolio\Orange\RobotControllerApp\obj\ARM64\Debug\net8.0-windows10.0.19041.0\win-arm64\RobotControllerApp.assets.cache" (previous value: "obj\ARM64\Debug\net8.0-windows10.0.19041.0\win-arm64\RobotControllerApp.assets.cache") at C:\Program Files\dotnet\sdk\10.0.103\Sdks\Microsoft.NET.Sdk\targets\Microsoft.PackageDependencyResolution.targets (29,5)
       C:\Program Files\dotnet\sdk\10.0.103\Sdks\Microsoft.NET.Sdk\targets\Microsoft.PackageDependencyResolution.targets(80,5): message : Property reassignment: $(ResolveAssemblyReferencesDependsOn)="
       C:\Program Files\dotnet\sdk\10.0.103\Sdks\Microsoft.NET.Sdk\targets\Microsoft.PackageDependencyResolution.targets(80,5): message :       
       C:\Program Files\dotnet\sdk\10.0.103\Sdks\Microsoft.NET.Sdk\targets\Microsoft.PackageDependencyResolution.targets(80,5): message :       ResolveProjectReferences;
       C:\Program Files\dotnet\sdk\10.0.103\Sdks\Microsoft.NET.Sdk\targets\Microsoft.PackageDependencyResolution.targets(80,5): message :       FindInvalidProjectReferences;
       C:\Program Files\dotnet\sdk\10.0.103\Sdks\Microsoft.NET.Sdk\targets\Microsoft.PackageDependencyResolution.targets(80,5): message :       GetFrameworkPaths;
       C:\Program Files\dotnet\sdk\10.0.103\Sdks\Microsoft.NET.Sdk\targets\Microsoft.PackageDependencyResolution.targets(80,5): message :       GetReferenceAssemblyPaths;
       C:\Program Files\dotnet\sdk\10.0.103\Sdks\Microsoft.NET.Sdk\targets\Microsoft.PackageDependencyResolution.targets(80,5): message :       PrepareForBuild;
       C:\Program Files\dotnet\sdk\10.0.103\Sdks\Microsoft.NET.Sdk\targets\Microsoft.PackageDependencyResolution.targets(80,5): message :       ResolveSDKReferences;
       C:\Program Files\dotnet\sdk\10.0.103\Sdks\Microsoft.NET.Sdk\targets\Microsoft.PackageDependencyResolution.targets(80,5): message :       ExpandSDKReferences;
       C:\Program Files\dotnet\sdk\10.0.103\Sdks\Microsoft.NET.Sdk\targets\Microsoft.PackageDependencyResolution.targets(80,5): message :     ;
       C:\Program Files\dotnet\sdk\10.0.103\Sdks\Microsoft.NET.Sdk\targets\Microsoft.PackageDependencyResolution.targets(80,5): message :       ResolvePackageDependenciesForBuild;
       C:\Program Files\dotnet\sdk\10.0.103\Sdks\Microsoft.NET.Sdk\targets\Microsoft.PackageDependencyResolution.targets(80,5): message :       _HandlePackageFileConflicts;
       C:\Program Files\dotnet\sdk\10.0.103\Sdks\Microsoft.NET.Sdk\targets\Microsoft.PackageDependencyResolution.targets(80,5): message :     " (previous value: "
       C:\Program Files\dotnet\sdk\10.0.103\Sdks\Microsoft.NET.Sdk\targets\Microsoft.PackageDependencyResolution.targets(80,5): message :       ResolveProjectReferences;
       C:\Program Files\dotnet\sdk\10.0.103\Sdks\Microsoft.NET.Sdk\targets\Microsoft.PackageDependencyResolution.targets(80,5): message :       FindInvalidProjectReferences;
       C:\Program Files\dotnet\sdk\10.0.103\Sdks\Microsoft.NET.Sdk\targets\Microsoft.PackageDependencyResolution.targets(80,5): message :       GetFrameworkPaths;
       C:\Program Files\dotnet\sdk\10.0.103\Sdks\Microsoft.NET.Sdk\targets\Microsoft.PackageDependencyResolution.targets(80,5): message :       GetReferenceAssemblyPaths;
       C:\Program Files\dotnet\sdk\10.0.103\Sdks\Microsoft.NET.Sdk\targets\Microsoft.PackageDependencyResolution.targets(80,5): message :       PrepareForBuild;
       C:\Program Files\dotnet\sdk\10.0.103\Sdks\Microsoft.NET.Sdk\targets\Microsoft.PackageDependencyResolution.targets(80,5): message :       ResolveSDKReferences;
       C:\Program Files\dotnet\sdk\10.0.103\Sdks\Microsoft.NET.Sdk\targets\Microsoft.PackageDependencyResolution.targets(80,5): message :       ExpandSDKReferences;
       C:\Program Files\dotnet\sdk\10.0.103\Sdks\Microsoft.NET.Sdk\targets\Microsoft.PackageDependencyResolution.targets(80,5): message :     ") at C:\Program Files\dotnet\sdk\10.0.103\Sdks\Microsoft.NET.Sdk\targets\Microsoft.PackageDependencyResolution.targets (80,5)
       C:\Program Files\dotnet\sdk\10.0.103\Sdks\Microsoft.NET.Sdk\targets\Microsoft.PackageDependencyResolution.targets(86,5): message : Property reassignment: $(PrepareResourcesDependsOn)="
       C:\Program Files\dotnet\sdk\10.0.103\Sdks\Microsoft.NET.Sdk\targets\Microsoft.PackageDependencyResolution.targets(86,5): message :       ResolvePackageDependenciesForBuild;
       C:\Program Files\dotnet\sdk\10.0.103\Sdks\Microsoft.NET.Sdk\targets\Microsoft.PackageDependencyResolution.targets(86,5): message :       _HandlePackageFileConflicts;
       C:\Program Files\dotnet\sdk\10.0.103\Sdks\Microsoft.NET.Sdk\targets\Microsoft.PackageDependencyResolution.targets(86,5): message :       
       C:\Program Files\dotnet\sdk\10.0.103\Sdks\Microsoft.NET.Sdk\targets\Microsoft.PackageDependencyResolution.targets(86,5): message :             ResolveKeySource;
       C:\Program Files\dotnet\sdk\10.0.103\Sdks\Microsoft.NET.Sdk\targets\Microsoft.PackageDependencyResolution.targets(86,5): message :             AddImplicitDefineConstants;
       C:\Program Files\dotnet\sdk\10.0.103\Sdks\Microsoft.NET.Sdk\targets\Microsoft.PackageDependencyResolution.targets(86,5): message :             MarkupCompilePass1;
       C:\Program Files\dotnet\sdk\10.0.103\Sdks\Microsoft.NET.Sdk\targets\Microsoft.PackageDependencyResolution.targets(86,5): message :             XamlPreCompile;
       C:\Program Files\dotnet\sdk\10.0.103\Sdks\Microsoft.NET.Sdk\targets\Microsoft.PackageDependencyResolution.targets(86,5): message :             MarkupCompilePass2;
       C:\Program Files\dotnet\sdk\10.0.103\Sdks\Microsoft.NET.Sdk\targets\Microsoft.PackageDependencyResolution.targets(86,5): message :             
       C:\Program Files\dotnet\sdk\10.0.103\Sdks\Microsoft.NET.Sdk\targets\Microsoft.PackageDependencyResolution.targets(86,5): message :       ;
       C:\Program Files\dotnet\sdk\10.0.103\Sdks\Microsoft.NET.Sdk\targets\Microsoft.PackageDependencyResolution.targets(86,5): message :       PrepareResourceNames;
       C:\Program Files\dotnet\sdk\10.0.103\Sdks\Microsoft.NET.Sdk\targets\Microsoft.PackageDependencyResolution.targets(86,5): message :       ResGen;
       C:\Program Files\dotnet\sdk\10.0.103\Sdks\Microsoft.NET.Sdk\targets\Microsoft.PackageDependencyResolution.targets(86,5): message :       CompileLicxFiles
       C:\Program Files\dotnet\sdk\10.0.103\Sdks\Microsoft.NET.Sdk\targets\Microsoft.PackageDependencyResolution.targets(86,5): message :     
       C:\Program Files\dotnet\sdk\10.0.103\Sdks\Microsoft.NET.Sdk\targets\Microsoft.PackageDependencyResolution.targets(86,5): message :         
       C:\Program Files\dotnet\sdk\10.0.103\Sdks\Microsoft.NET.Sdk\targets\Microsoft.PackageDependencyResolution.targets(86,5): message :     " (previous value: "
       C:\Program Files\dotnet\sdk\10.0.103\Sdks\Microsoft.NET.Sdk\targets\Microsoft.PackageDependencyResolution.targets(86,5): message :             ResolveKeySource;
       C:\Program Files\dotnet\sdk\10.0.103\Sdks\Microsoft.NET.Sdk\targets\Microsoft.PackageDependencyResolution.targets(86,5): message :             AddImplicitDefineConstants;
       C:\Program Files\dotnet\sdk\10.0.103\Sdks\Microsoft.NET.Sdk\targets\Microsoft.PackageDependencyResolution.targets(86,5): message :             MarkupCompilePass1;
       C:\Program Files\dotnet\sdk\10.0.103\Sdks\Microsoft.NET.Sdk\targets\Microsoft.PackageDependencyResolution.targets(86,5): message :             XamlPreCompile;
       C:\Program Files\dotnet\sdk\10.0.103\Sdks\Microsoft.NET.Sdk\targets\Microsoft.PackageDependencyResolution.targets(86,5): message :             MarkupCompilePass2;
       C:\Program Files\dotnet\sdk\10.0.103\Sdks\Microsoft.NET.Sdk\targets\Microsoft.PackageDependencyResolution.targets(86,5): message :             
       C:\Program Files\dotnet\sdk\10.0.103\Sdks\Microsoft.NET.Sdk\targets\Microsoft.PackageDependencyResolution.targets(86,5): message :       ;
       C:\Program Files\dotnet\sdk\10.0.103\Sdks\Microsoft.NET.Sdk\targets\Microsoft.PackageDependencyResolution.targets(86,5): message :       PrepareResourceNames;
       C:\Program Files\dotnet\sdk\10.0.103\Sdks\Microsoft.NET.Sdk\targets\Microsoft.PackageDependencyResolution.targets(86,5): message :       ResGen;
       C:\Program Files\dotnet\sdk\10.0.103\Sdks\Microsoft.NET.Sdk\targets\Microsoft.PackageDependencyResolution.targets(86,5): message :       CompileLicxFiles
       C:\Program Files\dotnet\sdk\10.0.103\Sdks\Microsoft.NET.Sdk\targets\Microsoft.PackageDependencyResolution.targets(86,5): message :     
       C:\Program Files\dotnet\sdk\10.0.103\Sdks\Microsoft.NET.Sdk\targets\Microsoft.PackageDependencyResolution.targets(86,5): message :         ") at C:\Program Files\dotnet\sdk\10.0.103\Sdks\Microsoft.NET.Sdk\targets\Microsoft.PackageDependencyResolution.targets (86,5)
       C:\Program Files\dotnet\sdk\10.0.103\Sdks\Microsoft.NET.Sdk\targets\Microsoft.NET.Sdk.DefaultItems.targets(35,5): message : Property reassignment: $(DefaultItemExcludes)=";bin\ARM64\Debug\/**;obj\ARM64\Debug\/**;bin\/**" (previous value: ";bin\ARM64\Debug\/**;obj\ARM64\Debug\/**") at C:\Program Files\dotnet\sdk\10.0.103\Sdks\Microsoft.NET.Sdk\targets\Microsoft.NET.Sdk.DefaultItems.targets (35,5)
       C:\Program Files\dotnet\sdk\10.0.103\Sdks\Microsoft.NET.Sdk\targets\Microsoft.NET.Sdk.DefaultItems.targets(37,5): message : Property reassignment: $(DefaultItemExcludes)=";bin\ARM64\Debug\/**;obj\ARM64\Debug\/**;bin\/**;obj\/**" (previous value: ";bin\ARM64\Debug\/**;obj\ARM64\Debug\/**;bin\/**") at C:\Program Files\dotnet\sdk\10.0.103\Sdks\Microsoft.NET.Sdk\targets\Microsoft.NET.Sdk.DefaultItems.targets (37,5)
       C:\Program Files\dotnet\sdk\10.0.103\Sdks\Microsoft.NET.Sdk\targets\Microsoft.NET.Sdk.DefaultItems.targets(40,5): message : Property reassignment: $(DefaultItemExcludes)=";bin\ARM64\Debug\/**;obj\ARM64\Debug\/**;bin\/**;obj\/**;**/*.user" (previous value: ";bin\ARM64\Debug\/**;obj\ARM64\Debug\/**;bin\/**;obj\/**") at C:\Program Files\dotnet\sdk\10.0.103\Sdks\Microsoft.NET.Sdk\targets\Microsoft.NET.Sdk.DefaultItems.targets (40,5)
       C:\Program Files\dotnet\sdk\10.0.103\Sdks\Microsoft.NET.Sdk\targets\Microsoft.NET.Sdk.DefaultItems.targets(41,5): message : Property reassignment: $(DefaultItemExcludes)=";bin\ARM64\Debug\/**;obj\ARM64\Debug\/**;bin\/**;obj\/**;**/*.user;**/*.*proj" (previous value: ";bin\ARM64\Debug\/**;obj\ARM64\Debug\/**;bin\/**;obj\/**;**/*.user") at C:\Program Files\dotnet\sdk\10.0.103\Sdks\Microsoft.NET.Sdk\targets\Microsoft.NET.Sdk.DefaultItems.targets (41,5)
       C:\Program Files\dotnet\sdk\10.0.103\Sdks\Microsoft.NET.Sdk\targets\Microsoft.NET.Sdk.DefaultItems.targets(42,5): message : Property reassignment: $(DefaultItemExcludes)=";bin\ARM64\Debug\/**;obj\ARM64\Debug\/**;bin\/**;obj\/**;**/*.user;**/*.*proj;**/*.sln" (previous value: ";bin\ARM64\Debug\/**;obj\ARM64\Debug\/**;bin\/**;obj\/**;**/*.user;**/*.*proj") at C:\Program Files\dotnet\sdk\10.0.103\Sdks\Microsoft.NET.Sdk\targets\Microsoft.NET.Sdk.DefaultItems.targets (42,5)
       C:\Program Files\dotnet\sdk\10.0.103\Sdks\Microsoft.NET.Sdk\targets\Microsoft.NET.Sdk.DefaultItems.targets(43,5): message : Property reassignment: $(DefaultItemExcludes)=";bin\ARM64\Debug\/**;obj\ARM64\Debug\/**;bin\/**;obj\/**;**/*.user;**/*.*proj;**/*.sln;**/*.slnx" (previous value: ";bin\ARM64\Debug\/**;obj\ARM64\Debug\/**;bin\/**;obj\/**;**/*.user;**/*.*proj;**/*.sln") at C:\Program Files\dotnet\sdk\10.0.103\Sdks\Microsoft.NET.Sdk\targets\Microsoft.NET.Sdk.DefaultItems.targets (43,5)
       C:\Program Files\dotnet\sdk\10.0.103\Sdks\Microsoft.NET.Sdk\targets\Microsoft.NET.Sdk.DefaultItems.targets(44,5): message : Property reassignment: $(DefaultItemExcludes)=";bin\ARM64\Debug\/**;obj\ARM64\Debug\/**;bin\/**;obj\/**;**/*.user;**/*.*proj;**/*.sln;**/*.slnx;**/*.vssscc" (previous value: ";bin\ARM64\Debug\/**;obj\ARM64\Debug\/**;bin\/**;obj\/**;**/*.user;**/*.*proj;**/*.sln;**/*.slnx") at C:\Program Files\dotnet\sdk\10.0.103\Sdks\Microsoft.NET.Sdk\targets\Microsoft.NET.Sdk.DefaultItems.targets (44,5)
       C:\Program Files\dotnet\sdk\10.0.103\Sdks\Microsoft.NET.Sdk\targets\Microsoft.NET.Sdk.DefaultItems.targets(45,5): message : Property reassignment: $(DefaultItemExcludes)=";bin\ARM64\Debug\/**;obj\ARM64\Debug\/**;bin\/**;obj\/**;**/*.user;**/*.*proj;**/*.sln;**/*.slnx;**/*.vssscc;**/.DS_Store" (previous value: ";bin\ARM64\Debug\/**;obj\ARM64\Debug\/**;bin\/**;obj\/**;**/*.user;**/*.*proj;**/*.sln;**/*.slnx;**/*.vssscc") at C:\Program Files\dotnet\sdk\10.0.103\Sdks\Microsoft.NET.Sdk\targets\Microsoft.NET.Sdk.DefaultItems.targets (45,5)
       C:\Program Files\dotnet\sdk\10.0.103\Sdks\Microsoft.NET.Sdk\targets\Microsoft.NET.Sdk.FrameworkReferenceResolution.targets(14,5): message : Property reassignment: $(ResolveAssemblyReferencesDependsOn)="
       C:\Program Files\dotnet\sdk\10.0.103\Sdks\Microsoft.NET.Sdk\targets\Microsoft.NET.Sdk.FrameworkReferenceResolution.targets(14,5): message :       
       C:\Program Files\dotnet\sdk\10.0.103\Sdks\Microsoft.NET.Sdk\targets\Microsoft.NET.Sdk.FrameworkReferenceResolution.targets(14,5): message :       
       C:\Program Files\dotnet\sdk\10.0.103\Sdks\Microsoft.NET.Sdk\targets\Microsoft.NET.Sdk.FrameworkReferenceResolution.targets(14,5): message :       ResolveProjectReferences;
       C:\Program Files\dotnet\sdk\10.0.103\Sdks\Microsoft.NET.Sdk\targets\Microsoft.NET.Sdk.FrameworkReferenceResolution.targets(14,5): message :       FindInvalidProjectReferences;
       C:\Program Files\dotnet\sdk\10.0.103\Sdks\Microsoft.NET.Sdk\targets\Microsoft.NET.Sdk.FrameworkReferenceResolution.targets(14,5): message :       GetFrameworkPaths;
       C:\Program Files\dotnet\sdk\10.0.103\Sdks\Microsoft.NET.Sdk\targets\Microsoft.NET.Sdk.FrameworkReferenceResolution.targets(14,5): message :       GetReferenceAssemblyPaths;
       C:\Program Files\dotnet\sdk\10.0.103\Sdks\Microsoft.NET.Sdk\targets\Microsoft.NET.Sdk.FrameworkReferenceResolution.targets(14,5): message :       PrepareForBuild;
       C:\Program Files\dotnet\sdk\10.0.103\Sdks\Microsoft.NET.Sdk\targets\Microsoft.NET.Sdk.FrameworkReferenceResolution.targets(14,5): message :       ResolveSDKReferences;
       C:\Program Files\dotnet\sdk\10.0.103\Sdks\Microsoft.NET.Sdk\targets\Microsoft.NET.Sdk.FrameworkReferenceResolution.targets(14,5): message :       ExpandSDKReferences;
       C:\Program Files\dotnet\sdk\10.0.103\Sdks\Microsoft.NET.Sdk\targets\Microsoft.NET.Sdk.FrameworkReferenceResolution.targets(14,5): message :     ;
       C:\Program Files\dotnet\sdk\10.0.103\Sdks\Microsoft.NET.Sdk\targets\Microsoft.NET.Sdk.FrameworkReferenceResolution.targets(14,5): message :       ResolvePackageDependenciesForBuild;
       C:\Program Files\dotnet\sdk\10.0.103\Sdks\Microsoft.NET.Sdk\targets\Microsoft.NET.Sdk.FrameworkReferenceResolution.targets(14,5): message :       _HandlePackageFileConflicts;
       C:\Program Files\dotnet\sdk\10.0.103\Sdks\Microsoft.NET.Sdk\targets\Microsoft.NET.Sdk.FrameworkReferenceResolution.targets(14,5): message :     ;
       C:\Program Files\dotnet\sdk\10.0.103\Sdks\Microsoft.NET.Sdk\targets\Microsoft.NET.Sdk.FrameworkReferenceResolution.targets(14,5): message :       ResolveTargetingPackAssets;
       C:\Program Files\dotnet\sdk\10.0.103\Sdks\Microsoft.NET.Sdk\targets\Microsoft.NET.Sdk.FrameworkReferenceResolution.targets(14,5): message :     " (previous value: "
       C:\Program Files\dotnet\sdk\10.0.103\Sdks\Microsoft.NET.Sdk\targets\Microsoft.NET.Sdk.FrameworkReferenceResolution.targets(14,5): message :       
       C:\Program Files\dotnet\sdk\10.0.103\Sdks\Microsoft.NET.Sdk\targets\Microsoft.NET.Sdk.FrameworkReferenceResolution.targets(14,5): message :       ResolveProjectReferences;
       C:\Program Files\dotnet\sdk\10.0.103\Sdks\Microsoft.NET.Sdk\targets\Microsoft.NET.Sdk.FrameworkReferenceResolution.targets(14,5): message :       FindInvalidProjectReferences;
       C:\Program Files\dotnet\sdk\10.0.103\Sdks\Microsoft.NET.Sdk\targets\Microsoft.NET.Sdk.FrameworkReferenceResolution.targets(14,5): message :       GetFrameworkPaths;
       C:\Program Files\dotnet\sdk\10.0.103\Sdks\Microsoft.NET.Sdk\targets\Microsoft.NET.Sdk.FrameworkReferenceResolution.targets(14,5): message :       GetReferenceAssemblyPaths;
       C:\Program Files\dotnet\sdk\10.0.103\Sdks\Microsoft.NET.Sdk\targets\Microsoft.NET.Sdk.FrameworkReferenceResolution.targets(14,5): message :       PrepareForBuild;
       C:\Program Files\dotnet\sdk\10.0.103\Sdks\Microsoft.NET.Sdk\targets\Microsoft.NET.Sdk.FrameworkReferenceResolution.targets(14,5): message :       ResolveSDKReferences;
       C:\Program Files\dotnet\sdk\10.0.103\Sdks\Microsoft.NET.Sdk\targets\Microsoft.NET.Sdk.FrameworkReferenceResolution.targets(14,5): message :       ExpandSDKReferences;
       C:\Program Files\dotnet\sdk\10.0.103\Sdks\Microsoft.NET.Sdk\targets\Microsoft.NET.Sdk.FrameworkReferenceResolution.targets(14,5): message :     ;
       C:\Program Files\dotnet\sdk\10.0.103\Sdks\Microsoft.NET.Sdk\targets\Microsoft.NET.Sdk.FrameworkReferenceResolution.targets(14,5): message :       ResolvePackageDependenciesForBuild;
       C:\Program Files\dotnet\sdk\10.0.103\Sdks\Microsoft.NET.Sdk\targets\Microsoft.NET.Sdk.FrameworkReferenceResolution.targets(14,5): message :       _HandlePackageFileConflicts;
       C:\Program Files\dotnet\sdk\10.0.103\Sdks\Microsoft.NET.Sdk\targets\Microsoft.NET.Sdk.FrameworkReferenceResolution.targets(14,5): message :     ") at C:\Program Files\dotnet\sdk\10.0.103\Sdks\Microsoft.NET.Sdk\targets\Microsoft.NET.Sdk.FrameworkReferenceResolution.targets (14,5)
       C:\Program Files\dotnet\sdk\10.0.103\Sdks\Microsoft.NET.Sdk\targets\Microsoft.NET.Sdk.targets(44,5): message : Property reassignment: $(_GenerateRuntimeConfigurationPropertyInputsCache)="C:\Users\Damien Mazeas\Desktop\portfolio\Orange\RobotControllerApp\obj\ARM64\Debug\net8.0-windows10.0.19041.0\win-arm64\RobotControllerApp.genruntimeconfig.cache" (previous value: "obj\ARM64\Debug\net8.0-windows10.0.19041.0\win-arm64\RobotControllerApp.genruntimeconfig.cache") at C:\Program Files\dotnet\sdk\10.0.103\Sdks\Microsoft.NET.Sdk\targets\Microsoft.NET.Sdk.targets (44,5)
       C:\Program Files\dotnet\sdk\10.0.103\Sdks\Microsoft.NET.Sdk\targets\Microsoft.NET.Sdk.targets(46,5): message : Property reassignment: $(_GeneratePublishDependencyFilePropertyInputsCache)="C:\Users\Damien Mazeas\Desktop\portfolio\Orange\RobotControllerApp\obj\ARM64\Debug\net8.0-windows10.0.19041.0\win-arm64\RobotControllerApp.genpublishdeps.cache" (previous value: "obj\ARM64\Debug\net8.0-windows10.0.19041.0\win-arm64\RobotControllerApp.genpublishdeps.cache") at C:\Program Files\dotnet\sdk\10.0.103\Sdks\Microsoft.NET.Sdk\targets\Microsoft.NET.Sdk.targets (46,5)
       C:\Program Files\dotnet\sdk\10.0.103\Sdks\Microsoft.NET.Sdk\targets\Microsoft.NET.Sdk.targets(48,5): message : Property reassignment: $(_GenerateSingleFileBundlePropertyInputsCache)="C:\Users\Damien Mazeas\Desktop\portfolio\Orange\RobotControllerApp\obj\ARM64\Debug\net8.0-windows10.0.19041.0\win-arm64\RobotControllerApp.genbundle.cache" (previous value: "obj\ARM64\Debug\net8.0-windows10.0.19041.0\win-arm64\RobotControllerApp.genbundle.cache") at C:\Program Files\dotnet\sdk\10.0.103\Sdks\Microsoft.NET.Sdk\targets\Microsoft.NET.Sdk.targets (48,5)
       C:\Program Files\dotnet\sdk\10.0.103\Sdks\Microsoft.NET.Sdk\targets\Microsoft.NET.Sdk.targets(81,5): message : Property reassignment: $(GenerateRuntimeConfigDevFile)="false" (previous value: "true") at C:\Program Files\dotnet\sdk\10.0.103\Sdks\Microsoft.NET.Sdk\targets\Microsoft.NET.Sdk.targets (81,5)
       C:\Program Files\dotnet\sdk\10.0.103\Sdks\Microsoft.NET.Sdk\targets\Microsoft.NET.Sdk.targets(98,5): message : Property 'USERPROFILE' with value 'C:\Users\Damien Mazeas' expanded from the environment.
       C:\Program Files\dotnet\sdk\10.0.103\Sdks\Microsoft.NET.Sdk\targets\Microsoft.NET.Sdk.targets(98,5): message : Property reassignment: $(_DefaultUserProfileRuntimeStorePath)="C:\Users\Damien Mazeas" (previous value: "") at C:\Program Files\dotnet\sdk\10.0.103\Sdks\Microsoft.NET.Sdk\targets\Microsoft.NET.Sdk.targets (98,5)
       C:\Program Files\dotnet\sdk\10.0.103\Sdks\Microsoft.NET.Sdk\targets\Microsoft.NET.Sdk.targets(99,5): message : Property reassignment: $(_DefaultUserProfileRuntimeStorePath)="C:\Users\Damien Mazeas\.dotnet\store" (previous value: "C:\Users\Damien Mazeas") at C:\Program Files\dotnet\sdk\10.0.103\Sdks\Microsoft.NET.Sdk\targets\Microsoft.NET.Sdk.targets (99,5)
       C:\Program Files\dotnet\sdk\10.0.103\Sdks\Microsoft.NET.Sdk\targets\Microsoft.NET.Sdk.targets(144,5): message : Property reassignment: $(AvailablePlatforms)="Any CPU,x86,x64,ARM32" (previous value: "Any CPU,x86,x64") at C:\Program Files\dotnet\sdk\10.0.103\Sdks\Microsoft.NET.Sdk\targets\Microsoft.NET.Sdk.targets (144,5)
       C:\Program Files\dotnet\sdk\10.0.103\Sdks\Microsoft.NET.Sdk\targets\Microsoft.NET.Sdk.targets(148,5): message : Property reassignment: $(AvailablePlatforms)="Any CPU,x86,x64,ARM32,ARM64" (previous value: "Any CPU,x86,x64,ARM32") at C:\Program Files\dotnet\sdk\10.0.103\Sdks\Microsoft.NET.Sdk\targets\Microsoft.NET.Sdk.targets (148,5)
       C:\Program Files\dotnet\sdk\10.0.103\Sdks\Microsoft.NET.Sdk\targets\Microsoft.NET.Sdk.targets(204,5): message : Property reassignment: $(CoreBuildDependsOn)="
       C:\Program Files\dotnet\sdk\10.0.103\Sdks\Microsoft.NET.Sdk\targets\Microsoft.NET.Sdk.targets(204,5): message :       _CheckForBuildWithNoBuild;
       C:\Program Files\dotnet\sdk\10.0.103\Sdks\Microsoft.NET.Sdk\targets\Microsoft.NET.Sdk.targets(204,5): message :       
       C:\Program Files\dotnet\sdk\10.0.103\Sdks\Microsoft.NET.Sdk\targets\Microsoft.NET.Sdk.targets(204,5): message :       BuildOnlySettings;
       C:\Program Files\dotnet\sdk\10.0.103\Sdks\Microsoft.NET.Sdk\targets\Microsoft.NET.Sdk.targets(204,5): message :       PrepareForBuild;
       C:\Program Files\dotnet\sdk\10.0.103\Sdks\Microsoft.NET.Sdk\targets\Microsoft.NET.Sdk.targets(204,5): message :       PreBuildEvent;
       C:\Program Files\dotnet\sdk\10.0.103\Sdks\Microsoft.NET.Sdk\targets\Microsoft.NET.Sdk.targets(204,5): message :       ResolveReferences;
       C:\Program Files\dotnet\sdk\10.0.103\Sdks\Microsoft.NET.Sdk\targets\Microsoft.NET.Sdk.targets(204,5): message :       PrepareResources;
       C:\Program Files\dotnet\sdk\10.0.103\Sdks\Microsoft.NET.Sdk\targets\Microsoft.NET.Sdk.targets(204,5): message :       ResolveKeySource;
       C:\Program Files\dotnet\sdk\10.0.103\Sdks\Microsoft.NET.Sdk\targets\Microsoft.NET.Sdk.targets(204,5): message :       Compile;
       C:\Program Files\dotnet\sdk\10.0.103\Sdks\Microsoft.NET.Sdk\targets\Microsoft.NET.Sdk.targets(204,5): message :       ExportWindowsMDFile;
       C:\Program Files\dotnet\sdk\10.0.103\Sdks\Microsoft.NET.Sdk\targets\Microsoft.NET.Sdk.targets(204,5): message :       UnmanagedUnregistration;
       C:\Program Files\dotnet\sdk\10.0.103\Sdks\Microsoft.NET.Sdk\targets\Microsoft.NET.Sdk.targets(204,5): message :       GenerateSerializationAssemblies;
       C:\Program Files\dotnet\sdk\10.0.103\Sdks\Microsoft.NET.Sdk\targets\Microsoft.NET.Sdk.targets(204,5): message :       CreateSatelliteAssemblies;
       C:\Program Files\dotnet\sdk\10.0.103\Sdks\Microsoft.NET.Sdk\targets\Microsoft.NET.Sdk.targets(204,5): message :       GenerateManifests;
       C:\Program Files\dotnet\sdk\10.0.103\Sdks\Microsoft.NET.Sdk\targets\Microsoft.NET.Sdk.targets(204,5): message :       GetTargetPath;
       C:\Program Files\dotnet\sdk\10.0.103\Sdks\Microsoft.NET.Sdk\targets\Microsoft.NET.Sdk.targets(204,5): message :       PrepareForRun;
       C:\Program Files\dotnet\sdk\10.0.103\Sdks\Microsoft.NET.Sdk\targets\Microsoft.NET.Sdk.targets(204,5): message :       UnmanagedRegistration;
       C:\Program Files\dotnet\sdk\10.0.103\Sdks\Microsoft.NET.Sdk\targets\Microsoft.NET.Sdk.targets(204,5): message :       IncrementalClean;
       C:\Program Files\dotnet\sdk\10.0.103\Sdks\Microsoft.NET.Sdk\targets\Microsoft.NET.Sdk.targets(204,5): message :       PostBuildEvent
       C:\Program Files\dotnet\sdk\10.0.103\Sdks\Microsoft.NET.Sdk\targets\Microsoft.NET.Sdk.targets(204,5): message :     ;
       C:\Program Files\dotnet\sdk\10.0.103\Sdks\Microsoft.NET.Sdk\targets\Microsoft.NET.Sdk.targets(204,5): message :       GenerateBuildDependencyFile;
       C:\Program Files\dotnet\sdk\10.0.103\Sdks\Microsoft.NET.Sdk\targets\Microsoft.NET.Sdk.targets(204,5): message :       GenerateBuildRuntimeConfigurationFiles
       C:\Program Files\dotnet\sdk\10.0.103\Sdks\Microsoft.NET.Sdk\targets\Microsoft.NET.Sdk.targets(204,5): message :     " (previous value: "
       C:\Program Files\dotnet\sdk\10.0.103\Sdks\Microsoft.NET.Sdk\targets\Microsoft.NET.Sdk.targets(204,5): message :       BuildOnlySettings;
       C:\Program Files\dotnet\sdk\10.0.103\Sdks\Microsoft.NET.Sdk\targets\Microsoft.NET.Sdk.targets(204,5): message :       PrepareForBuild;
       C:\Program Files\dotnet\sdk\10.0.103\Sdks\Microsoft.NET.Sdk\targets\Microsoft.NET.Sdk.targets(204,5): message :       PreBuildEvent;
       C:\Program Files\dotnet\sdk\10.0.103\Sdks\Microsoft.NET.Sdk\targets\Microsoft.NET.Sdk.targets(204,5): message :       ResolveReferences;
       C:\Program Files\dotnet\sdk\10.0.103\Sdks\Microsoft.NET.Sdk\targets\Microsoft.NET.Sdk.targets(204,5): message :       PrepareResources;
       C:\Program Files\dotnet\sdk\10.0.103\Sdks\Microsoft.NET.Sdk\targets\Microsoft.NET.Sdk.targets(204,5): message :       ResolveKeySource;
       C:\Program Files\dotnet\sdk\10.0.103\Sdks\Microsoft.NET.Sdk\targets\Microsoft.NET.Sdk.targets(204,5): message :       Compile;
       C:\Program Files\dotnet\sdk\10.0.103\Sdks\Microsoft.NET.Sdk\targets\Microsoft.NET.Sdk.targets(204,5): message :       ExportWindowsMDFile;
       C:\Program Files\dotnet\sdk\10.0.103\Sdks\Microsoft.NET.Sdk\targets\Microsoft.NET.Sdk.targets(204,5): message :       UnmanagedUnregistration;
       C:\Program Files\dotnet\sdk\10.0.103\Sdks\Microsoft.NET.Sdk\targets\Microsoft.NET.Sdk.targets(204,5): message :       GenerateSerializationAssemblies;
       C:\Program Files\dotnet\sdk\10.0.103\Sdks\Microsoft.NET.Sdk\targets\Microsoft.NET.Sdk.targets(204,5): message :       CreateSatelliteAssemblies;
       C:\Program Files\dotnet\sdk\10.0.103\Sdks\Microsoft.NET.Sdk\targets\Microsoft.NET.Sdk.targets(204,5): message :       GenerateManifests;
       C:\Program Files\dotnet\sdk\10.0.103\Sdks\Microsoft.NET.Sdk\targets\Microsoft.NET.Sdk.targets(204,5): message :       GetTargetPath;
       C:\Program Files\dotnet\sdk\10.0.103\Sdks\Microsoft.NET.Sdk\targets\Microsoft.NET.Sdk.targets(204,5): message :       PrepareForRun;
       C:\Program Files\dotnet\sdk\10.0.103\Sdks\Microsoft.NET.Sdk\targets\Microsoft.NET.Sdk.targets(204,5): message :       UnmanagedRegistration;
       C:\Program Files\dotnet\sdk\10.0.103\Sdks\Microsoft.NET.Sdk\targets\Microsoft.NET.Sdk.targets(204,5): message :       IncrementalClean;
       C:\Program Files\dotnet\sdk\10.0.103\Sdks\Microsoft.NET.Sdk\targets\Microsoft.NET.Sdk.targets(204,5): message :       PostBuildEvent
       C:\Program Files\dotnet\sdk\10.0.103\Sdks\Microsoft.NET.Sdk\targets\Microsoft.NET.Sdk.targets(204,5): message :     ") at C:\Program Files\dotnet\sdk\10.0.103\Sdks\Microsoft.NET.Sdk\targets\Microsoft.NET.Sdk.targets (204,5)
       C:\Program Files\dotnet\sdk\10.0.103\Sdks\Microsoft.NET.Sdk\targets\Microsoft.NET.Sdk.targets(213,5): message : Property reassignment: $(CoreCleanDependsOn)="
       C:\Program Files\dotnet\sdk\10.0.103\Sdks\Microsoft.NET.Sdk\targets\Microsoft.NET.Sdk.targets(213,5): message :       _SdkBeforeClean;
       C:\Program Files\dotnet\sdk\10.0.103\Sdks\Microsoft.NET.Sdk\targets\Microsoft.NET.Sdk.targets(213,5): message :       
       C:\Program Files\dotnet\sdk\10.0.103\Sdks\Microsoft.NET.Sdk\targets\Microsoft.NET.Sdk.targets(213,5): message :     " (previous value: "") at C:\Program Files\dotnet\sdk\10.0.103\Sdks\Microsoft.NET.Sdk\targets\Microsoft.NET.Sdk.targets (213,5)
       C:\Program Files\dotnet\sdk\10.0.103\Sdks\Microsoft.NET.Sdk\targets\Microsoft.NET.Sdk.targets(220,5): message : Property reassignment: $(RebuildDependsOn)="
       C:\Program Files\dotnet\sdk\10.0.103\Sdks\Microsoft.NET.Sdk\targets\Microsoft.NET.Sdk.targets(220,5): message :       _SdkBeforeRebuild;
       C:\Program Files\dotnet\sdk\10.0.103\Sdks\Microsoft.NET.Sdk\targets\Microsoft.NET.Sdk.targets(220,5): message :       
       C:\Program Files\dotnet\sdk\10.0.103\Sdks\Microsoft.NET.Sdk\targets\Microsoft.NET.Sdk.targets(220,5): message :       BeforeRebuild;
       C:\Program Files\dotnet\sdk\10.0.103\Sdks\Microsoft.NET.Sdk\targets\Microsoft.NET.Sdk.targets(220,5): message :       Clean;
       C:\Program Files\dotnet\sdk\10.0.103\Sdks\Microsoft.NET.Sdk\targets\Microsoft.NET.Sdk.targets(220,5): message :       Build;
       C:\Program Files\dotnet\sdk\10.0.103\Sdks\Microsoft.NET.Sdk\targets\Microsoft.NET.Sdk.targets(220,5): message :       AfterRebuild;
       C:\Program Files\dotnet\sdk\10.0.103\Sdks\Microsoft.NET.Sdk\targets\Microsoft.NET.Sdk.targets(220,5): message :     
       C:\Program Files\dotnet\sdk\10.0.103\Sdks\Microsoft.NET.Sdk\targets\Microsoft.NET.Sdk.targets(220,5): message :     " (previous value: "
       C:\Program Files\dotnet\sdk\10.0.103\Sdks\Microsoft.NET.Sdk\targets\Microsoft.NET.Sdk.targets(220,5): message :       BeforeRebuild;
       C:\Program Files\dotnet\sdk\10.0.103\Sdks\Microsoft.NET.Sdk\targets\Microsoft.NET.Sdk.targets(220,5): message :       Clean;
       C:\Program Files\dotnet\sdk\10.0.103\Sdks\Microsoft.NET.Sdk\targets\Microsoft.NET.Sdk.targets(220,5): message :       Build;
       C:\Program Files\dotnet\sdk\10.0.103\Sdks\Microsoft.NET.Sdk\targets\Microsoft.NET.Sdk.targets(220,5): message :       AfterRebuild;
       C:\Program Files\dotnet\sdk\10.0.103\Sdks\Microsoft.NET.Sdk\targets\Microsoft.NET.Sdk.targets(220,5): message :     ") at C:\Program Files\dotnet\sdk\10.0.103\Sdks\Microsoft.NET.Sdk\targets\Microsoft.NET.Sdk.targets (220,5)
       C:\Program Files\dotnet\sdk\10.0.103\Sdks\Microsoft.NET.Sdk\targets\Microsoft.NET.Sdk.targets(799,5): message : Property reassignment: $(CompileDependsOn)="
       C:\Program Files\dotnet\sdk\10.0.103\Sdks\Microsoft.NET.Sdk\targets\Microsoft.NET.Sdk.targets(799,5): message :       
       C:\Program Files\dotnet\sdk\10.0.103\Sdks\Microsoft.NET.Sdk\targets\Microsoft.NET.Sdk.targets(799,5): message :       ResolveReferences;
       C:\Program Files\dotnet\sdk\10.0.103\Sdks\Microsoft.NET.Sdk\targets\Microsoft.NET.Sdk.targets(799,5): message :       ResolveKeySource;
       C:\Program Files\dotnet\sdk\10.0.103\Sdks\Microsoft.NET.Sdk\targets\Microsoft.NET.Sdk.targets(799,5): message :       SetWin32ManifestProperties;
       C:\Program Files\dotnet\sdk\10.0.103\Sdks\Microsoft.NET.Sdk\targets\Microsoft.NET.Sdk.targets(799,5): message :       _SetPreferNativeArm64Win32ManifestProperties;
       C:\Program Files\dotnet\sdk\10.0.103\Sdks\Microsoft.NET.Sdk\targets\Microsoft.NET.Sdk.targets(799,5): message :       FindReferenceAssembliesForReferences;
       C:\Program Files\dotnet\sdk\10.0.103\Sdks\Microsoft.NET.Sdk\targets\Microsoft.NET.Sdk.targets(799,5): message :       _GenerateCompileInputs;
       C:\Program Files\dotnet\sdk\10.0.103\Sdks\Microsoft.NET.Sdk\targets\Microsoft.NET.Sdk.targets(799,5): message :       BeforeCompile;
       C:\Program Files\dotnet\sdk\10.0.103\Sdks\Microsoft.NET.Sdk\targets\Microsoft.NET.Sdk.targets(799,5): message :       _TimeStampBeforeCompile;
       C:\Program Files\dotnet\sdk\10.0.103\Sdks\Microsoft.NET.Sdk\targets\Microsoft.NET.Sdk.targets(799,5): message :       _GenerateCompileDependencyCache;
       C:\Program Files\dotnet\sdk\10.0.103\Sdks\Microsoft.NET.Sdk\targets\Microsoft.NET.Sdk.targets(799,5): message :       CoreCompile;
       C:\Program Files\dotnet\sdk\10.0.103\Sdks\Microsoft.NET.Sdk\targets\Microsoft.NET.Sdk.targets(799,5): message :       _TimeStampAfterCompile;
       C:\Program Files\dotnet\sdk\10.0.103\Sdks\Microsoft.NET.Sdk\targets\Microsoft.NET.Sdk.targets(799,5): message :       AfterCompile;
       C:\Program Files\dotnet\sdk\10.0.103\Sdks\Microsoft.NET.Sdk\targets\Microsoft.NET.Sdk.targets(799,5): message :     ;
       C:\Program Files\dotnet\sdk\10.0.103\Sdks\Microsoft.NET.Sdk\targets\Microsoft.NET.Sdk.targets(799,5): message :       _CreateAppHost;
       C:\Program Files\dotnet\sdk\10.0.103\Sdks\Microsoft.NET.Sdk\targets\Microsoft.NET.Sdk.targets(799,5): message :       _CreateComHost;
       C:\Program Files\dotnet\sdk\10.0.103\Sdks\Microsoft.NET.Sdk\targets\Microsoft.NET.Sdk.targets(799,5): message :       _GetIjwHostPaths;
       C:\Program Files\dotnet\sdk\10.0.103\Sdks\Microsoft.NET.Sdk\targets\Microsoft.NET.Sdk.targets(799,5): message :     " (previous value: "
       C:\Program Files\dotnet\sdk\10.0.103\Sdks\Microsoft.NET.Sdk\targets\Microsoft.NET.Sdk.targets(799,5): message :       ResolveReferences;
       C:\Program Files\dotnet\sdk\10.0.103\Sdks\Microsoft.NET.Sdk\targets\Microsoft.NET.Sdk.targets(799,5): message :       ResolveKeySource;
       C:\Program Files\dotnet\sdk\10.0.103\Sdks\Microsoft.NET.Sdk\targets\Microsoft.NET.Sdk.targets(799,5): message :       SetWin32ManifestProperties;
       C:\Program Files\dotnet\sdk\10.0.103\Sdks\Microsoft.NET.Sdk\targets\Microsoft.NET.Sdk.targets(799,5): message :       _SetPreferNativeArm64Win32ManifestProperties;
       C:\Program Files\dotnet\sdk\10.0.103\Sdks\Microsoft.NET.Sdk\targets\Microsoft.NET.Sdk.targets(799,5): message :       FindReferenceAssembliesForReferences;
       C:\Program Files\dotnet\sdk\10.0.103\Sdks\Microsoft.NET.Sdk\targets\Microsoft.NET.Sdk.targets(799,5): message :       _GenerateCompileInputs;
       C:\Program Files\dotnet\sdk\10.0.103\Sdks\Microsoft.NET.Sdk\targets\Microsoft.NET.Sdk.targets(799,5): message :       BeforeCompile;
       C:\Program Files\dotnet\sdk\10.0.103\Sdks\Microsoft.NET.Sdk\targets\Microsoft.NET.Sdk.targets(799,5): message :       _TimeStampBeforeCompile;
       C:\Program Files\dotnet\sdk\10.0.103\Sdks\Microsoft.NET.Sdk\targets\Microsoft.NET.Sdk.targets(799,5): message :       _GenerateCompileDependencyCache;
       C:\Program Files\dotnet\sdk\10.0.103\Sdks\Microsoft.NET.Sdk\targets\Microsoft.NET.Sdk.targets(799,5): message :       CoreCompile;
       C:\Program Files\dotnet\sdk\10.0.103\Sdks\Microsoft.NET.Sdk\targets\Microsoft.NET.Sdk.targets(799,5): message :       _TimeStampAfterCompile;
       C:\Program Files\dotnet\sdk\10.0.103\Sdks\Microsoft.NET.Sdk\targets\Microsoft.NET.Sdk.targets(799,5): message :       AfterCompile;
       C:\Program Files\dotnet\sdk\10.0.103\Sdks\Microsoft.NET.Sdk\targets\Microsoft.NET.Sdk.targets(799,5): message :     ") at C:\Program Files\dotnet\sdk\10.0.103\Sdks\Microsoft.NET.Sdk\targets\Microsoft.NET.Sdk.targets (799,5)
       C:\Program Files\dotnet\sdk\10.0.103\Sdks\Microsoft.NET.Sdk\targets\Microsoft.NET.Sdk.targets(1131,5): message : Property reassignment: $(CreateSatelliteAssembliesDependsOn)="
       C:\Program Files\dotnet\sdk\10.0.103\Sdks\Microsoft.NET.Sdk\targets\Microsoft.NET.Sdk.targets(1131,5): message :       
       C:\Program Files\dotnet\sdk\10.0.103\Sdks\Microsoft.NET.Sdk\targets\Microsoft.NET.Sdk.targets(1131,5): message :       ;
       C:\Program Files\dotnet\sdk\10.0.103\Sdks\Microsoft.NET.Sdk\targets\Microsoft.NET.Sdk.targets(1131,5): message :       _GenerateSatelliteAssemblyInputs;
       C:\Program Files\dotnet\sdk\10.0.103\Sdks\Microsoft.NET.Sdk\targets\Microsoft.NET.Sdk.targets(1131,5): message :       ComputeIntermediateSatelliteAssemblies;
       C:\Program Files\dotnet\sdk\10.0.103\Sdks\Microsoft.NET.Sdk\targets\Microsoft.NET.Sdk.targets(1131,5): message :       GenerateSatelliteAssemblies
       C:\Program Files\dotnet\sdk\10.0.103\Sdks\Microsoft.NET.Sdk\targets\Microsoft.NET.Sdk.targets(1131,5): message :     ;
       C:\Program Files\dotnet\sdk\10.0.103\Sdks\Microsoft.NET.Sdk\targets\Microsoft.NET.Sdk.targets(1131,5): message :       CoreGenerateSatelliteAssemblies
       C:\Program Files\dotnet\sdk\10.0.103\Sdks\Microsoft.NET.Sdk\targets\Microsoft.NET.Sdk.targets(1131,5): message :     " (previous value: "
       C:\Program Files\dotnet\sdk\10.0.103\Sdks\Microsoft.NET.Sdk\targets\Microsoft.NET.Sdk.targets(1131,5): message :       ;
       C:\Program Files\dotnet\sdk\10.0.103\Sdks\Microsoft.NET.Sdk\targets\Microsoft.NET.Sdk.targets(1131,5): message :       _GenerateSatelliteAssemblyInputs;
       C:\Program Files\dotnet\sdk\10.0.103\Sdks\Microsoft.NET.Sdk\targets\Microsoft.NET.Sdk.targets(1131,5): message :       ComputeIntermediateSatelliteAssemblies;
       C:\Program Files\dotnet\sdk\10.0.103\Sdks\Microsoft.NET.Sdk\targets\Microsoft.NET.Sdk.targets(1131,5): message :       GenerateSatelliteAssemblies
       C:\Program Files\dotnet\sdk\10.0.103\Sdks\Microsoft.NET.Sdk\targets\Microsoft.NET.Sdk.targets(1131,5): message :     ") at C:\Program Files\dotnet\sdk\10.0.103\Sdks\Microsoft.NET.Sdk\targets\Microsoft.NET.Sdk.targets (1131,5)
       C:\Program Files\dotnet\sdk\10.0.103\Sdks\Microsoft.SourceLink.GitLab\build\Microsoft.SourceLink.GitLab.targets(12,5): message : Property reassignment: $(SourceLinkUrlInitializerTargets)=";_InitializeGitHubSourceLinkUrl;_InitializeGitLabSourceLinkUrl" (previous value: ";_InitializeGitHubSourceLinkUrl") at C:\Program Files\dotnet\sdk\10.0.103\Sdks\Microsoft.SourceLink.GitLab\build\Microsoft.SourceLink.GitLab.targets (12,5)
       C:\Program Files\dotnet\sdk\10.0.103\Sdks\Microsoft.SourceLink.GitLab\build\Microsoft.SourceLink.GitLab.targets(13,5): message : Property reassignment: $(SourceControlManagerUrlTranslationTargets)=";TranslateGitHubUrlsInSourceControlInformation;TranslateGitLabUrlsInSourceControlInformation" (previous value: ";TranslateGitHubUrlsInSourceControlInformation") at C:\Program Files\dotnet\sdk\10.0.103\Sdks\Microsoft.SourceLink.GitLab\build\Microsoft.SourceLink.GitLab.targets (13,5)
       C:\Program Files\dotnet\sdk\10.0.103\Sdks\Microsoft.SourceLink.AzureRepos.Git\build\Microsoft.SourceLink.AzureRepos.Git.targets(12,5): message : Property reassignment: $(SourceLinkUrlInitializerTargets)=";_InitializeGitHubSourceLinkUrl;_InitializeGitLabSourceLinkUrl;_InitializeAzureReposGitSourceLinkUrl" (previous value: ";_InitializeGitHubSourceLinkUrl;_InitializeGitLabSourceLinkUrl") at C:\Program Files\dotnet\sdk\10.0.103\Sdks\Microsoft.SourceLink.AzureRepos.Git\build\Microsoft.SourceLink.AzureRepos.Git.targets (12,5)
       C:\Program Files\dotnet\sdk\10.0.103\Sdks\Microsoft.SourceLink.AzureRepos.Git\build\Microsoft.SourceLink.AzureRepos.Git.targets(13,5): message : Property reassignment: $(SourceControlManagerUrlTranslationTargets)=";TranslateGitHubUrlsInSourceControlInformation;TranslateGitLabUrlsInSourceControlInformation;TranslateAzureReposGitUrlsInSourceControlInformation" (previous value: ";TranslateGitHubUrlsInSourceControlInformation;TranslateGitLabUrlsInSourceControlInformation") at C:\Program Files\dotnet\sdk\10.0.103\Sdks\Microsoft.SourceLink.AzureRepos.Git\build\Microsoft.SourceLink.AzureRepos.Git.targets (13,5)
       C:\Program Files\dotnet\sdk\10.0.103\Sdks\Microsoft.SourceLink.Bitbucket.Git\build\Microsoft.SourceLink.Bitbucket.Git.targets(12,5): message : Property reassignment: $(SourceLinkUrlInitializerTargets)=";_InitializeGitHubSourceLinkUrl;_InitializeGitLabSourceLinkUrl;_InitializeAzureReposGitSourceLinkUrl;_InitializeBitbucketGitSourceLinkUrl" (previous value: ";_InitializeGitHubSourceLinkUrl;_InitializeGitLabSourceLinkUrl;_InitializeAzureReposGitSourceLinkUrl") at C:\Program Files\dotnet\sdk\10.0.103\Sdks\Microsoft.SourceLink.Bitbucket.Git\build\Microsoft.SourceLink.Bitbucket.Git.targets (12,5)
       C:\Program Files\dotnet\sdk\10.0.103\Sdks\Microsoft.SourceLink.Bitbucket.Git\build\Microsoft.SourceLink.Bitbucket.Git.targets(13,5): message : Property reassignment: $(SourceControlManagerUrlTranslationTargets)=";TranslateGitHubUrlsInSourceControlInformation;TranslateGitLabUrlsInSourceControlInformation;TranslateAzureReposGitUrlsInSourceControlInformation;TranslateBitbucketGitUrlsInSourceControlInformation" (previous value: ";TranslateGitHubUrlsInSourceControlInformation;TranslateGitLabUrlsInSourceControlInformation;TranslateAzureReposGitUrlsInSourceControlInformation") at C:\Program Files\dotnet\sdk\10.0.103\Sdks\Microsoft.SourceLink.Bitbucket.Git\build\Microsoft.SourceLink.Bitbucket.Git.targets (13,5)
       C:\Program Files\dotnet\sdk\10.0.103\Sdks\Microsoft.NET.Sdk\targets\Microsoft.NET.DesignerSupport.targets(21,5): message : Property reassignment: $(DesignerRuntimeImplementationProjectOutputGroupDependsOn)="
       C:\Program Files\dotnet\sdk\10.0.103\Sdks\Microsoft.NET.Sdk\targets\Microsoft.NET.DesignerSupport.targets(21,5): message :       
       C:\Program Files\dotnet\sdk\10.0.103\Sdks\Microsoft.NET.Sdk\targets\Microsoft.NET.DesignerSupport.targets(21,5): message :       ;
       C:\Program Files\dotnet\sdk\10.0.103\Sdks\Microsoft.NET.Sdk\targets\Microsoft.NET.DesignerSupport.targets(21,5): message :       
       C:\Program Files\dotnet\sdk\10.0.103\Sdks\Microsoft.NET.Sdk\targets\Microsoft.NET.DesignerSupport.targets(21,5): message :       ;
       C:\Program Files\dotnet\sdk\10.0.103\Sdks\Microsoft.NET.Sdk\targets\Microsoft.NET.DesignerSupport.targets(21,5): message :       BuildOnlySettings;
       C:\Program Files\dotnet\sdk\10.0.103\Sdks\Microsoft.NET.Sdk\targets\Microsoft.NET.DesignerSupport.targets(21,5): message :       PrepareForBuild;
       C:\Program Files\dotnet\sdk\10.0.103\Sdks\Microsoft.NET.Sdk\targets\Microsoft.NET.DesignerSupport.targets(21,5): message :       AssignTargetPaths;
       C:\Program Files\dotnet\sdk\10.0.103\Sdks\Microsoft.NET.Sdk\targets\Microsoft.NET.DesignerSupport.targets(21,5): message :       ResolveReferences
       C:\Program Files\dotnet\sdk\10.0.103\Sdks\Microsoft.NET.Sdk\targets\Microsoft.NET.DesignerSupport.targets(21,5): message :     
       C:\Program Files\dotnet\sdk\10.0.103\Sdks\Microsoft.NET.Sdk\targets\Microsoft.NET.DesignerSupport.targets(21,5): message :     ;
       C:\Program Files\dotnet\sdk\10.0.103\Sdks\Microsoft.NET.Sdk\targets\Microsoft.NET.DesignerSupport.targets(21,5): message :       _GenerateDesignerDepsFile;
       C:\Program Files\dotnet\sdk\10.0.103\Sdks\Microsoft.NET.Sdk\targets\Microsoft.NET.DesignerSupport.targets(21,5): message :       _GenerateDesignerRuntimeConfigFile;
       C:\Program Files\dotnet\sdk\10.0.103\Sdks\Microsoft.NET.Sdk\targets\Microsoft.NET.DesignerSupport.targets(21,5): message :       GetCopyToOutputDirectoryItems;
       C:\Program Files\dotnet\sdk\10.0.103\Sdks\Microsoft.NET.Sdk\targets\Microsoft.NET.DesignerSupport.targets(21,5): message :       _GatherDesignerShadowCopyFiles;
       C:\Program Files\dotnet\sdk\10.0.103\Sdks\Microsoft.NET.Sdk\targets\Microsoft.NET.DesignerSupport.targets(21,5): message :     " (previous value: "
       C:\Program Files\dotnet\sdk\10.0.103\Sdks\Microsoft.NET.Sdk\targets\Microsoft.NET.DesignerSupport.targets(21,5): message :       ;
       C:\Program Files\dotnet\sdk\10.0.103\Sdks\Microsoft.NET.Sdk\targets\Microsoft.NET.DesignerSupport.targets(21,5): message :       
       C:\Program Files\dotnet\sdk\10.0.103\Sdks\Microsoft.NET.Sdk\targets\Microsoft.NET.DesignerSupport.targets(21,5): message :       ;
       C:\Program Files\dotnet\sdk\10.0.103\Sdks\Microsoft.NET.Sdk\targets\Microsoft.NET.DesignerSupport.targets(21,5): message :       BuildOnlySettings;
       C:\Program Files\dotnet\sdk\10.0.103\Sdks\Microsoft.NET.Sdk\targets\Microsoft.NET.DesignerSupport.targets(21,5): message :       PrepareForBuild;
       C:\Program Files\dotnet\sdk\10.0.103\Sdks\Microsoft.NET.Sdk\targets\Microsoft.NET.DesignerSupport.targets(21,5): message :       AssignTargetPaths;
       C:\Program Files\dotnet\sdk\10.0.103\Sdks\Microsoft.NET.Sdk\targets\Microsoft.NET.DesignerSupport.targets(21,5): message :       ResolveReferences
       C:\Program Files\dotnet\sdk\10.0.103\Sdks\Microsoft.NET.Sdk\targets\Microsoft.NET.DesignerSupport.targets(21,5): message :     
       C:\Program Files\dotnet\sdk\10.0.103\Sdks\Microsoft.NET.Sdk\targets\Microsoft.NET.DesignerSupport.targets(21,5): message :     ") at C:\Program Files\dotnet\sdk\10.0.103\Sdks\Microsoft.NET.Sdk\targets\Microsoft.NET.DesignerSupport.targets (21,5)
       C:\Program Files\dotnet\sdk\10.0.103\Sdks\Microsoft.NET.Sdk\targets\Microsoft.NET.Sdk.CSharp.targets(31,5): message : Property reassignment: $(DefineConstants)="TRACE;MICROSOFT_WINDOWSAPPSDK_SELFCONTAINED;MICROSOFT_WINDOWSAPPSDK_AUTOINITIALIZE_UNDOCKEDREGFREEWINRT;DEBUG" (previous value: "TRACE;MICROSOFT_WINDOWSAPPSDK_SELFCONTAINED;MICROSOFT_WINDOWSAPPSDK_AUTOINITIALIZE_UNDOCKEDREGFREEWINRT") at C:\Program Files\dotnet\sdk\10.0.103\Sdks\Microsoft.NET.Sdk\targets\Microsoft.NET.Sdk.CSharp.targets (31,5)
       C:\Program Files\dotnet\sdk\10.0.103\Sdks\Microsoft.NET.Sdk\targets\Microsoft.NET.Sdk.CSharp.targets(45,5): message : Property reassignment: $(WarningsAsErrors)=";NU1605;SYSLIB0011" (previous value: ";NU1605") at C:\Program Files\dotnet\sdk\10.0.103\Sdks\Microsoft.NET.Sdk\targets\Microsoft.NET.Sdk.CSharp.targets (45,5)
       C:\Program Files\dotnet\sdk\10.0.103\Sdks\Microsoft.NET.Sdk\targets\Microsoft.NET.Windows.targets(239,5): message : Property reassignment: $(_RunCsWinRTGeneratorPropertyInputsCachePath)="C:\Users\Damien Mazeas\Desktop\portfolio\Orange\RobotControllerApp\obj\ARM64\Debug\net8.0-windows10.0.19041.0\win-arm64\RobotControllerApp.cswinrtgen.cache" (previous value: "obj\ARM64\Debug\net8.0-windows10.0.19041.0\win-arm64\RobotControllerApp.cswinrtgen.cache") at C:\Program Files\dotnet\sdk\10.0.103\Sdks\Microsoft.NET.Sdk\targets\Microsoft.NET.Windows.targets (239,5)
       C:\Program Files\dotnet\sdk\10.0.103\NuGet.Build.Tasks.Pack.targets(34,5): message : Property reassignment: $(PackageDescription)="Package Description" (previous value: "") at C:\Program Files\dotnet\sdk\10.0.103\NuGet.Build.Tasks.Pack.targets (34,5)
       C:\Program Files\dotnet\sdk\10.0.103\NuGet.Build.Tasks.Pack.targets(59,5): message : Property reassignment: $(GenerateNuspecDependsOn)="Build;_LoadPackInputItems; _GetTargetFrameworksOutput; _WalkEachTargetPerFramework; _GetPackageFiles; " (previous value: "_LoadPackInputItems; _GetTargetFrameworksOutput; _WalkEachTargetPerFramework; _GetPackageFiles; ") at C:\Program Files\dotnet\sdk\10.0.103\NuGet.Build.Tasks.Pack.targets (59,5)
       C:\Program Files\dotnet\sdk\10.0.103\Sdks\Microsoft.NET.Sdk\Sdk\Sdk.targets(59,5): message : Property reassignment: $(_IsNotSetContainersTargetsDir)="true" (previous value: "false") at C:\Program Files\dotnet\sdk\10.0.103\Sdks\Microsoft.NET.Sdk\Sdk\Sdk.targets (59,5)
       C:\Program Files\dotnet\sdk\10.0.103\Containers\build\Microsoft.NET.Build.Containers.targets(5,5): message : Property reassignment: $(_IsSDKContainerAllowedVersion)="true" (previous value: "false") at C:\Program Files\dotnet\sdk\10.0.103\Containers\build\Microsoft.NET.Build.Containers.targets (5,5)
       C:\Program Files\dotnet\sdk\10.0.103\Containers\build\Microsoft.NET.Build.Containers.targets(15,5): message : Property reassignment: $(_ContainerIsTargetingNet8TFM)="true" (previous value: "false") at C:\Program Files\dotnet\sdk\10.0.103\Containers\build\Microsoft.NET.Build.Containers.targets (15,5)
       C:\Program Files\dotnet\sdk\10.0.103\Containers\build\Microsoft.NET.Build.Containers.targets(17,5): message : Property reassignment: $(_ContainerIsSelfContained)="true" (previous value: "false") at C:\Program Files\dotnet\sdk\10.0.103\Containers\build\Microsoft.NET.Build.Containers.targets (17,5)
       Overriding target "Publish" in project "C:\Program Files\dotnet\sdk\10.0.103\Microsoft.Common.CurrentVersion.targets" with target "Publish" from project "C:\NuGetPackages\microsoft.windows.sdk.buildtools.msix\1.7.20250829.1\build\Microsoft.Windows.SDK.BuildTools.MSIX.MrtCore.PriGen.targets".
       Overriding target "ResolveFrameworkReferences" in project "C:\Program Files\dotnet\sdk\10.0.103\Microsoft.Common.CurrentVersion.targets" with target "ResolveFrameworkReferences" from project "C:\Program Files\dotnet\sdk\10.0.103\Sdks\Microsoft.NET.Sdk\targets\Microsoft.NET.Sdk.FrameworkReferenceResolution.targets".
       Overriding target "GenerateSupportedTargetFrameworkAlias" in project "C:\Program Files\dotnet\sdk\10.0.103\Microsoft.Common.CurrentVersion.targets" with target "GenerateSupportedTargetFrameworkAlias" from project "C:\Program Files\dotnet\sdk\10.0.103\Sdks\Microsoft.NET.Sdk\targets\Microsoft.NET.Sdk.targets".
       Overriding target "GetReferenceAssemblyPaths" in project "C:\Program Files\dotnet\sdk\10.0.103\Microsoft.Common.CurrentVersion.targets" with target "GetReferenceAssemblyPaths" from project "C:\Program Files\dotnet\sdk\10.0.103\Sdks\Microsoft.NET.Sdk\targets\Microsoft.NET.DisableStandardFrameworkResolution.targets".
       Overriding target "GetFrameworkPaths" in project "C:\Program Files\dotnet\sdk\10.0.103\Microsoft.Common.CurrentVersion.targets" with target "GetFrameworkPaths" from project "C:\Program Files\dotnet\sdk\10.0.103\Sdks\Microsoft.NET.Sdk\targets\Microsoft.NET.DisableStandardFrameworkResolution.targets".
       Overriding target "DesignerRuntimeImplementationProjectOutputGroup" in project "C:\Program Files\dotnet\sdk\10.0.103\Microsoft.Common.CurrentVersion.targets" with target "DesignerRuntimeImplementationProjectOutputGroup" from project "C:\Program Files\dotnet\sdk\10.0.103\Sdks\Microsoft.NET.Sdk\targets\Microsoft.NET.DesignerSupport.targets".
       Overriding target "Publish" in project "C:\NuGetPackages\microsoft.windows.sdk.buildtools.msix\1.7.20250829.1\build\Microsoft.Windows.SDK.BuildTools.MSIX.MrtCore.PriGen.targets" with target "Publish" from project "C:\Program Files\dotnet\sdk\10.0.103\Sdks\Microsoft.NET.Sdk\targets\Microsoft.NET.Publish.targets".
       Overriding target "ResolveReadyToRunCompilers" in project "C:\Program Files\dotnet\sdk\10.0.103\Sdks\Microsoft.NET.Sdk\targets\Microsoft.NET.CrossGen.targets" with target "ResolveReadyToRunCompilers" from project "C:\Program Files\dotnet\sdk\10.0.103\Sdks\Microsoft.NET.Sdk\targets\Microsoft.NET.Publish.targets".
       Overriding target "GetCopyToPublishDirectoryItems" in project "C:\Program Files\dotnet\sdk\10.0.103\Microsoft.Common.CurrentVersion.targets" with target "GetCopyToPublishDirectoryItems" from project "C:\Program Files\dotnet\sdk\10.0.103\Sdks\Microsoft.NET.Sdk\targets\Microsoft.NET.Publish.targets".
       Overriding target "Run" in project "C:\Program Files\dotnet\sdk\10.0.103\Microsoft.Common.CurrentVersion.targets" with target "Run" from project "C:\Program Files\dotnet\sdk\10.0.103\Sdks\Microsoft.NET.Sdk\targets\Microsoft.NET.Sdk.targets".
       The target "ResolveNuGetPackageAssets" listed in an AfterTargets attribute at "C:\NuGetPackages\microsoft.extensions.logging.abstractions\9.0.0\buildTransitive\net8.0\Microsoft.Extensions.Logging.Abstractions.targets (11,11)" does not exist in the project, and will be ignored.
       The target "ResolveNuGetPackageAssets" listed in an AfterTargets attribute at "C:\NuGetPackages\microsoft.extensions.logging.abstractions\9.0.0\buildTransitive\net8.0\Microsoft.Extensions.Logging.Abstractions.targets (23,11)" does not exist in the project, and will be ignored.
       The target "CollectUpToDateCheckInputDesignTime" listed in a BeforeTargets attribute at "C:\NuGetPackages\microsoft.windows.sdk.buildtools.msix\1.7.20250829.1\build\Microsoft.Windows.SDK.BuildTools.MSIX.MrtCore.PriGen.targets (1571,103)" does not exist in the project, and will be ignored.
       The target "CollectUpToDateCheckBuiltDesignTime" listed in a BeforeTargets attribute at "C:\NuGetPackages\microsoft.windows.sdk.buildtools.msix\1.7.20250829.1\build\Microsoft.Windows.SDK.BuildTools.MSIX.MrtCore.PriGen.targets (1615,45)" does not exist in the project, and will be ignored.
       The target "_ExpandProjectReferences" listed in an AfterTargets attribute at "C:\NuGetPackages\microsoft.windowsappsdk.base\1.8.251216001\buildTransitive\Microsoft.WindowsAppSDK.SelfContained.targets (171,60)" does not exist in the project, and will be ignored.
       The target "_ConvertItems" listed in a BeforeTargets attribute at "C:\NuGetPackages\microsoft.windowsappsdk.base\1.8.251216001\buildTransitive\Microsoft.WindowsAppSDK.SelfContained.targets (475,53)" does not exist in the project, and will be ignored.
       The target "ResolveVCRTForwarderReferences" listed in a BeforeTargets attribute at "C:\NuGetPackages\microsoft.windowsappsdk.base\1.8.251216001\buildTransitive\Microsoft.WindowsAppSDK.SelfContained.targets (500,9)" does not exist in the project, and will be ignored.
       The target "_GenerateCurrentProjectAppxManifest" listed in a BeforeTargets attribute at "C:\NuGetPackages\microsoft.windowsappsdk.base\1.8.251216001\buildTransitive\Microsoft.WindowsAppSDK.SelfContained.targets (513,11)" does not exist in the project, and will be ignored.
       The target "ClCompile" listed in a BeforeTargets attribute at "C:\NuGetPackages\microsoft.windowsappsdk.base\1.8.251216001\buildTransitive\Microsoft.WindowsAppSDK.SelfContained.targets (521,13)" does not exist in the project, and will be ignored.
       The target "_ConvertItems" listed in a BeforeTargets attribute at "C:\NuGetPackages\microsoft.windowsappsdk.base\1.8.251216001\buildTransitive\Microsoft.WindowsAppSDK.Base.targets (19,61)" does not exist in the project, and will be ignored.
       The target "_ResolveVCLibDependencies" listed in an AfterTargets attribute at "C:\NuGetPackages\microsoft.windowsappsdk.base\1.8.251216001\buildTransitive\Microsoft.WindowsAppSDK.Base.targets (19,91)" does not exist in the project, and will be ignored.
       The target "ResolveNuGetPackageAssets" listed in an AfterTargets attribute at "C:\NuGetPackages\microsoft.windowsappsdk.winui\1.8.260204000\buildTransitive\Microsoft.WinUI.AppX.targets (56,51)" does not exist in the project, and will be ignored.
       The target "_ConvertItems" listed in a BeforeTargets attribute at "C:\NuGetPackages\microsoft.windowsappsdk.winui\1.8.260204000\buildTransitive\Microsoft.WinUI.AppX.targets (112,7)" does not exist in the project, and will be ignored.
       The target "_ExpandProjectReferences" listed in an AfterTargets attribute at "C:\NuGetPackages\microsoft.windowsappsdk.winui\1.8.260204000\buildTransitive\Microsoft.WinUI.AppX.targets (113,7)" does not exist in the project, and will be ignored.
   1:2>Project "C:\Users\Damien Mazeas\Desktop\portfolio\Orange\RobotControllerApp\RobotControllerApp.slnx" (1:2) is building "C:\Users\Damien Mazeas\Desktop\portfolio\Orange\RobotControllerApp\RobotControllerApp.csproj" (2:6) on node 1 (default targets).
   2:6>Target "_CollectTargetFrameworkForTelemetry" in file "C:\Program Files\dotnet\sdk\10.0.103\Sdks\Microsoft.NET.Sdk\targets\Microsoft.NET.TargetFrameworkInference.targets" from project "C:\Users\Damien Mazeas\Desktop\portfolio\Orange\RobotControllerApp\RobotControllerApp.csproj" (target "_CheckForInvalidConfigurationAndPlatform" depends on it):
   2:6>Using "AllowEmptyTelemetry" task from assembly "C:\Program Files\dotnet\sdk\10.0.103\Sdks\Microsoft.NET.Sdk\targets\..\tools\net10.0\Microsoft.NET.Build.Tasks.dll".
       Task "AllowEmptyTelemetry"
       Done executing task "AllowEmptyTelemetry".
   2:6>Done building target "_CollectTargetFrameworkForTelemetry" in project "RobotControllerApp.csproj".
   2:6>Target "_CheckForUnsupportedTargetPlatformIdentifier" in file "C:\Program Files\dotnet\sdk\10.0.103\Sdks\Microsoft.NET.Sdk\targets\Microsoft.NET.TargetFrameworkInference.targets" from project "C:\Users\Damien Mazeas\Desktop\portfolio\Orange\RobotControllerApp\RobotControllerApp.csproj" (target "_CheckForInvalidConfigurationAndPlatform" depends on it):
   2:6>Done building target "_CheckForUnsupportedTargetPlatformIdentifier" in project "RobotControllerApp.csproj".
   2:6>Target "_CheckForUnsupportedNETCoreVersion" in file "C:\Program Files\dotnet\sdk\10.0.103\Sdks\Microsoft.NET.Sdk\targets\Microsoft.NET.TargetFrameworkInference.targets" from project "C:\Users\Damien Mazeas\Desktop\portfolio\Orange\RobotControllerApp\RobotControllerApp.csproj" (target "_CheckForInvalidConfigurationAndPlatform" depends on it):
   2:6>Done building target "_CheckForUnsupportedNETCoreVersion" in project "RobotControllerApp.csproj".
   2:6>Target "_CheckForUnsupportedCppNETCoreVersion" in file "C:\Program Files\dotnet\sdk\10.0.103\Sdks\Microsoft.NET.Sdk\targets\Microsoft.NET.TargetFrameworkInference.targets" from project "C:\Users\Damien Mazeas\Desktop\portfolio\Orange\RobotControllerApp\RobotControllerApp.csproj" (target "_CheckForInvalidConfigurationAndPlatform" depends on it):
   2:6>Done building target "_CheckForUnsupportedCppNETCoreVersion" in project "RobotControllerApp.csproj".
   2:6>Target "_CheckForSupportedOSPlatformVersionHigherThanTargetPlatformVersion" in file "C:\Program Files\dotnet\sdk\10.0.103\Sdks\Microsoft.NET.Sdk\targets\Microsoft.NET.TargetFrameworkInference.targets" from project "C:\Users\Damien Mazeas\Desktop\portfolio\Orange\RobotControllerApp\RobotControllerApp.csproj" (target "_CheckForInvalidConfigurationAndPlatform" depends on it):
   2:6>Done building target "_CheckForSupportedOSPlatformVersionHigherThanTargetPlatformVersion" in project "RobotControllerApp.csproj".
   2:6>Target "_NormalizeTargetPlatformVersion" in file "C:\Program Files\dotnet\sdk\10.0.103\Sdks\Microsoft.NET.Sdk\targets\Microsoft.NET.TargetFrameworkInference.targets" from project "C:\Users\Damien Mazeas\Desktop\portfolio\Orange\RobotControllerApp\RobotControllerApp.csproj" (target "_CheckForInvalidTargetPlatformVersion" depends on it):
   2:6>Done building target "_NormalizeTargetPlatformVersion" in project "RobotControllerApp.csproj".
   2:6>Target "_CheckForInvalidTargetPlatformVersion" in file "C:\Program Files\dotnet\sdk\10.0.103\Sdks\Microsoft.NET.Sdk\targets\Microsoft.NET.TargetFrameworkInference.targets" from project "C:\Users\Damien Mazeas\Desktop\portfolio\Orange\RobotControllerApp\RobotControllerApp.csproj" (target "_CheckForInvalidConfigurationAndPlatform" depends on it):
   2:6>Done building target "_CheckForInvalidTargetPlatformVersion" in project "RobotControllerApp.csproj".
   2:6>Target "_CheckForUnsupportedArtifactsPath" in file "C:\Program Files\dotnet\sdk\10.0.103\Sdks\Microsoft.NET.Sdk\targets\Microsoft.NET.DefaultOutputPaths.targets" from project "C:\Users\Damien Mazeas\Desktop\portfolio\Orange\RobotControllerApp\RobotControllerApp.csproj" (target "_CheckForInvalidConfigurationAndPlatform" depends on it):
   2:6>Done building target "_CheckForUnsupportedArtifactsPath" in project "RobotControllerApp.csproj".
   2:6>Target "_CheckRIDAsserts" in file "C:\Program Files\dotnet\sdk\10.0.103\Sdks\Microsoft.NET.Sdk\targets\Microsoft.NET.RuntimeIdentifierInference.targets" from project "C:\Users\Damien Mazeas\Desktop\portfolio\Orange\RobotControllerApp\RobotControllerApp.csproj" (target "_CheckForUnsupportedAppHostUsage" depends on it):
   2:6>Done building target "_CheckRIDAsserts" in project "RobotControllerApp.csproj".
   2:6>Target "_CheckForUnsupportedAppHostUsage" in file "C:\Program Files\dotnet\sdk\10.0.103\Sdks\Microsoft.NET.Sdk\targets\Microsoft.NET.RuntimeIdentifierInference.targets" from project "C:\Users\Damien Mazeas\Desktop\portfolio\Orange\RobotControllerApp\RobotControllerApp.csproj" (target "_CheckForInvalidConfigurationAndPlatform" depends on it):
   2:6>Done building target "_CheckForUnsupportedAppHostUsage" in project "RobotControllerApp.csproj".
   2:6>Target "_CheckForUnsupportedHostingUsage" in file "C:\Program Files\dotnet\sdk\10.0.103\Sdks\Microsoft.NET.Sdk\targets\Microsoft.NET.RuntimeIdentifierInference.targets" from project "C:\Users\Damien Mazeas\Desktop\portfolio\Orange\RobotControllerApp\RobotControllerApp.csproj" (target "_CheckForInvalidConfigurationAndPlatform" depends on it):
   2:6>Done building target "_CheckForUnsupportedHostingUsage" in project "RobotControllerApp.csproj".
   2:6>Target "_CheckAndUnsetUnsupportedPrefer32Bit" in file "C:\Program Files\dotnet\sdk\10.0.103\Sdks\Microsoft.NET.Sdk\targets\Microsoft.NET.RuntimeIdentifierInference.targets" from project "C:\Users\Damien Mazeas\Desktop\portfolio\Orange\RobotControllerApp\RobotControllerApp.csproj" (target "_CheckForInvalidConfigurationAndPlatform" depends on it):
   2:6>Done building target "_CheckAndUnsetUnsupportedPrefer32Bit" in project "RobotControllerApp.csproj".
   2:6>Target "_CheckForMismatchingPlatform" in file "C:\Program Files\dotnet\sdk\10.0.103\Sdks\Microsoft.NET.Sdk\targets\Microsoft.NET.RuntimeIdentifierInference.targets" from project "C:\Users\Damien Mazeas\Desktop\portfolio\Orange\RobotControllerApp\RobotControllerApp.csproj" (target "_CheckForInvalidConfigurationAndPlatform" depends on it):
   2:6>Done building target "_CheckForMismatchingPlatform" in project "RobotControllerApp.csproj".
   2:6>Target "_CheckForLanguageAndFeatureCombinationSupport" in file "C:\Program Files\dotnet\sdk\10.0.103\Sdks\Microsoft.NET.Sdk\targets\Microsoft.NET.RuntimeIdentifierInference.targets" from project "C:\Users\Damien Mazeas\Desktop\portfolio\Orange\RobotControllerApp\RobotControllerApp.csproj" (target "_CheckForInvalidConfigurationAndPlatform" depends on it):
   2:6>Done building target "_CheckForLanguageAndFeatureCombinationSupport" in project "RobotControllerApp.csproj".
   2:6>Target "UpdateAspNetToFrameworkReference" in file "C:\Program Files\dotnet\sdk\10.0.103\Sdks\Microsoft.NET.Sdk\targets\Microsoft.NET.Sdk.DefaultItems.Shared.targets" from project "C:\Users\Damien Mazeas\Desktop\portfolio\Orange\RobotControllerApp\RobotControllerApp.csproj" (target "ApplyImplicitVersions" depends on it):
       Using "CheckIfPackageReferenceShouldBeFrameworkReference" task from assembly "C:\Program Files\dotnet\sdk\10.0.103\Sdks\Microsoft.NET.Sdk\targets\..\tools\net10.0\Microsoft.NET.Build.Tasks.dll".
       Task "CheckIfPackageReferenceShouldBeFrameworkReference"
       Done executing task "CheckIfPackageReferenceShouldBeFrameworkReference".
       Task "CheckIfPackageReferenceShouldBeFrameworkReference"
       Done executing task "CheckIfPackageReferenceShouldBeFrameworkReference".
   2:6>Done building target "UpdateAspNetToFrameworkReference" in project "RobotControllerApp.csproj".
   2:6>Target "CheckForImplicitPackageReferenceOverrides" in file "C:\Program Files\dotnet\sdk\10.0.103\Sdks\Microsoft.NET.Sdk\targets\Microsoft.NET.Sdk.DefaultItems.Shared.targets" from project "C:\Users\Damien Mazeas\Desktop\portfolio\Orange\RobotControllerApp\RobotControllerApp.csproj" (target "ApplyImplicitVersions" depends on it):
       Using "CheckForImplicitPackageReferenceOverrides" task from assembly "C:\Program Files\dotnet\sdk\10.0.103\Sdks\Microsoft.NET.Sdk\targets\..\tools\net10.0\Microsoft.NET.Build.Tasks.dll".
       Task "CheckForImplicitPackageReferenceOverrides"
       Done executing task "CheckForImplicitPackageReferenceOverrides".
   2:6>Done building target "CheckForImplicitPackageReferenceOverrides" in project "RobotControllerApp.csproj".
   2:6>Target "ApplyImplicitVersions" in file "C:\Program Files\dotnet\sdk\10.0.103\Sdks\Microsoft.NET.Sdk\targets\Microsoft.NET.Sdk.DefaultItems.Shared.targets" from project "C:\Users\Damien Mazeas\Desktop\portfolio\Orange\RobotControllerApp\RobotControllerApp.csproj" (target "CollectPackageReferences" depends on it):
       Using "ApplyImplicitVersions" task from assembly "C:\Program Files\dotnet\sdk\10.0.103\Sdks\Microsoft.NET.Sdk\targets\..\tools\net10.0\Microsoft.NET.Build.Tasks.dll".
       Task "ApplyImplicitVersions"
       Done executing task "ApplyImplicitVersions".
   2:6>Done building target "ApplyImplicitVersions" in project "RobotControllerApp.csproj".
       Target "CheckForImplicitPackageReferenceOverrides" skipped. Previously built successfully.
   2:6>Target "AddWindowsSdkKnownFrameworkReferences" in file "C:\Program Files\dotnet\sdk\10.0.103\Sdks\Microsoft.NET.Sdk\targets\Microsoft.NET.Sdk.FrameworkReferenceResolution.targets" from project "C:\Users\Damien Mazeas\Desktop\portfolio\Orange\RobotControllerApp\RobotControllerApp.csproj" (target "ProcessFrameworkReferences" depends on it):
       Using "CreateWindowsSdkKnownFrameworkReferences" task from assembly "C:\Program Files\dotnet\sdk\10.0.103\Sdks\Microsoft.NET.Sdk\targets\..\tools\net10.0\Microsoft.NET.Build.Tasks.dll".
       Task "CreateWindowsSdkKnownFrameworkReferences"
       Done executing task "CreateWindowsSdkKnownFrameworkReferences".
   2:6>Done building target "AddWindowsSdkKnownFrameworkReferences" in project "RobotControllerApp.csproj".
   2:6>Target "_ComputeToolPackInputsToProcessFrameworkReferences" in file "C:\Program Files\dotnet\sdk\10.0.103\Sdks\Microsoft.NET.Sdk\targets\Microsoft.NET.Publish.targets" from project "C:\Users\Damien Mazeas\Desktop\portfolio\Orange\RobotControllerApp\RobotControllerApp.csproj" (target "ProcessFrameworkReferences" depends on it):
   2:6>Done building target "_ComputeToolPackInputsToProcessFrameworkReferences" in project "RobotControllerApp.csproj".
   2:6>Target "ProcessFrameworkReferences" in file "C:\Program Files\dotnet\sdk\10.0.103\Sdks\Microsoft.NET.Sdk\targets\Microsoft.NET.Sdk.FrameworkReferenceResolution.targets" from project "C:\Users\Damien Mazeas\Desktop\portfolio\Orange\RobotControllerApp\RobotControllerApp.csproj" (target "CollectPackageReferences" depends on it):
       Using "CheckForDuplicateFrameworkReferences" task from assembly "C:\Program Files\dotnet\sdk\10.0.103\Sdks\Microsoft.NET.Sdk\targets\..\tools\net10.0\Microsoft.NET.Build.Tasks.dll".
       Task "CheckForDuplicateFrameworkReferences"
       Done executing task "CheckForDuplicateFrameworkReferences".
       Using "ProcessFrameworkReferences" task from assembly "C:\Program Files\dotnet\sdk\10.0.103\Sdks\Microsoft.NET.Sdk\targets\..\tools\net10.0\Microsoft.NET.Build.Tasks.dll".
       Task "ProcessFrameworkReferences"
         Found 3 known framework references for target framework .NETCoreApp
         Found 6 known runtime packs for target framework .NETCoreApp
         Selected Microsoft.NETCore.App with RIDs 'linux-arm;linux-arm64;linux-musl-arm64;linux-musl-x64;linux-x64;osx-x64;tizen.4.0.0-armel;tizen.5.0.0-armel;win-arm64;win-x64;win-x86;linux-musl-arm;osx-arm64;linux-s390x;linux-loongarch64;linux-bionic-arm;linux-bionic-arm64;linux-bionic-x64;linux-bionic-x86;linux-ppc64le;freebsd-x64;freebsd-arm64'
         Selected targeting pack 'Microsoft.NETCore.App@8.0.24'
         Finding best RID match for pack Microsoft.NETCore.App@8.0.24 for target RID 'win-arm64' from 'linux-arm;linux-arm64;linux-musl-arm64;linux-musl-x64;linux-x64;osx-x64;tizen.4.0.0-armel;tizen.5.0.0-armel;win-arm64;win-x64;win-x86;linux-musl-arm;osx-arm64;linux-s390x;linux-loongarch64;linux-bionic-arm;linux-bionic-arm64;linux-bionic-x64;linux-bionic-x86;linux-ppc64le;freebsd-x64;freebsd-arm64' excluding ''
         Finding best RID match for pack Microsoft.NETCore.App@8.0.24 for target RID 'win-x86' from 'linux-arm;linux-arm64;linux-musl-arm64;linux-musl-x64;linux-x64;osx-x64;tizen.4.0.0-armel;tizen.5.0.0-armel;win-arm64;win-x64;win-x86;linux-musl-arm;osx-arm64;linux-s390x;linux-loongarch64;linux-bionic-arm;linux-bionic-arm64;linux-bionic-x64;linux-bionic-x86;linux-ppc64le;freebsd-x64;freebsd-arm64' excluding ''
         Finding best RID match for pack Microsoft.NETCore.App@8.0.24 for target RID 'win-x64' from 'linux-arm;linux-arm64;linux-musl-arm64;linux-musl-x64;linux-x64;osx-x64;tizen.4.0.0-armel;tizen.5.0.0-armel;win-arm64;win-x64;win-x86;linux-musl-arm;osx-arm64;linux-s390x;linux-loongarch64;linux-bionic-arm;linux-bionic-arm64;linux-bionic-x64;linux-bionic-x86;linux-ppc64le;freebsd-x64;freebsd-arm64' excluding ''
         Added runtime framework 'Microsoft.NETCore.App@8.0.24'
         Selected Microsoft.WindowsDesktop.App with RIDs 'win-x64;win-x86;win-arm64'
         Selected targeting pack 'Microsoft.WindowsDesktop.App@8.0.24'
         Finding best RID match for pack Microsoft.WindowsDesktop.App@8.0.24 for target RID 'win-arm64' from 'win-x64;win-x86;win-arm64' excluding ''
         Finding best RID match for pack Microsoft.WindowsDesktop.App@8.0.24 for target RID 'win-x86' from 'win-x64;win-x86;win-arm64' excluding ''
         Finding best RID match for pack Microsoft.WindowsDesktop.App@8.0.24 for target RID 'win-x64' from 'win-x64;win-x86;win-arm64' excluding ''
         Added runtime framework 'Microsoft.WindowsDesktop.App@8.0.24'
         Selected Microsoft.WindowsDesktop.App with RIDs 'win-x64;win-x86;win-arm64'
         Selected targeting pack 'Microsoft.WindowsDesktop.App.WPF@8.0.24'
         Finding best RID match for pack Microsoft.WindowsDesktop.App.WPF@8.0.24 for target RID 'win-arm64' from 'win-x64;win-x86;win-arm64' excluding ''
         Finding best RID match for pack Microsoft.WindowsDesktop.App.WPF@8.0.24 for target RID 'win-x86' from 'win-x64;win-x86;win-arm64' excluding ''
         Finding best RID match for pack Microsoft.WindowsDesktop.App.WPF@8.0.24 for target RID 'win-x64' from 'win-x64;win-x86;win-arm64' excluding ''
         Added runtime framework 'Microsoft.WindowsDesktop.App@8.0.24'
         Selected Microsoft.WindowsDesktop.App with RIDs 'win-x64;win-x86;win-arm64'
         Selected targeting pack 'Microsoft.WindowsDesktop.App.WindowsForms@8.0.24'
         Finding best RID match for pack Microsoft.WindowsDesktop.App.WindowsForms@8.0.24 for target RID 'win-arm64' from 'win-x64;win-x86;win-arm64' excluding ''
         Finding best RID match for pack Microsoft.WindowsDesktop.App.WindowsForms@8.0.24 for target RID 'win-x86' from 'win-x64;win-x86;win-arm64' excluding ''
         Finding best RID match for pack Microsoft.WindowsDesktop.App.WindowsForms@8.0.24 for target RID 'win-x64' from 'win-x64;win-x86;win-arm64' excluding ''
         Added runtime framework 'Microsoft.WindowsDesktop.App@8.0.24'
         Selected Microsoft.AspNetCore.App with RIDs 'win-x64;win-x86;osx-x64;linux-musl-x64;linux-musl-arm64;linux-x64;linux-arm;linux-arm64;linux-musl-arm;win-arm64;osx-arm64;linux-s390x;linux-loongarch64;linux-ppc64le;freebsd-x64;freebsd-arm64'
         Selected targeting pack 'Microsoft.AspNetCore.App@8.0.24'
         Finding best RID match for pack Microsoft.AspNetCore.App@8.0.24 for target RID 'win-arm64' from 'win-x64;win-x86;osx-x64;linux-musl-x64;linux-musl-arm64;linux-x64;linux-arm;linux-arm64;linux-musl-arm;win-arm64;osx-arm64;linux-s390x;linux-loongarch64;linux-ppc64le;freebsd-x64;freebsd-arm64' excluding 'android;linux-bionic'
         Finding best RID match for pack Microsoft.AspNetCore.App@8.0.24 for target RID 'win-x86' from 'win-x64;win-x86;osx-x64;linux-musl-x64;linux-musl-arm64;linux-x64;linux-arm;linux-arm64;linux-musl-arm;win-arm64;osx-arm64;linux-s390x;linux-loongarch64;linux-ppc64le;freebsd-x64;freebsd-arm64' excluding 'android;linux-bionic'
         Finding best RID match for pack Microsoft.AspNetCore.App@8.0.24 for target RID 'win-x64' from 'win-x64;win-x86;osx-x64;linux-musl-x64;linux-musl-arm64;linux-x64;linux-arm;linux-arm64;linux-musl-arm;win-arm64;osx-arm64;linux-s390x;linux-loongarch64;linux-ppc64le;freebsd-x64;freebsd-arm64' excluding 'android;linux-bionic'
         Added runtime framework 'Microsoft.AspNetCore.App@8.0.24'
         Selected Microsoft.Windows.SDK.NET.Ref with RIDs 'any'
         Selected targeting pack 'Microsoft.Windows.SDK.NET.Ref@10.0.19041.57'
         Finding best RID match for pack Microsoft.Windows.SDK.NET.Ref@10.0.19041.57 for target RID 'win-arm64' from 'any' excluding ''
         Finding best RID match for pack Microsoft.Windows.SDK.NET.Ref@10.0.19041.57 for target RID 'win-x86' from 'any' excluding ''
         Finding best RID match for pack Microsoft.Windows.SDK.NET.Ref@10.0.19041.57 for target RID 'win-x64' from 'any' excluding ''
         Selected Microsoft.Windows.SDK.NET.Ref with RIDs 'any'
         Selected targeting pack 'Microsoft.Windows.SDK.NET.Ref.Windows@10.0.19041.57'
         Finding best RID match for pack Microsoft.Windows.SDK.NET.Ref.Windows@10.0.19041.57 for target RID 'win-arm64' from 'any' excluding ''
         Finding best RID match for pack Microsoft.Windows.SDK.NET.Ref.Windows@10.0.19041.57 for target RID 'win-x86' from 'any' excluding ''
         Finding best RID match for pack Microsoft.Windows.SDK.NET.Ref.Windows@10.0.19041.57 for target RID 'win-x64' from 'any' excluding ''
         Selected Microsoft.Windows.SDK.NET.Ref with RIDs 'any'
         Selected targeting pack 'Microsoft.Windows.SDK.NET.Ref.Xaml@10.0.19041.57'
         Finding best RID match for pack Microsoft.Windows.SDK.NET.Ref.Xaml@10.0.19041.57 for target RID 'win-arm64' from 'any' excluding ''
         Finding best RID match for pack Microsoft.Windows.SDK.NET.Ref.Xaml@10.0.19041.57 for target RID 'win-x86' from 'any' excluding ''
         Finding best RID match for pack Microsoft.Windows.SDK.NET.Ref.Xaml@10.0.19041.57 for target RID 'win-x64' from 'any' excluding ''
         Selected Microsoft.Windows.SDK.NET.Ref with RIDs 'any'
         Selected targeting pack 'Microsoft.Windows.SDK.NET.Ref.CsWinRT3.Windows@10.0.19041.57'
         Finding best RID match for pack Microsoft.Windows.SDK.NET.Ref.CsWinRT3.Windows@10.0.19041.57 for target RID 'win-arm64' from 'any' excluding ''
         Finding best RID match for pack Microsoft.Windows.SDK.NET.Ref.CsWinRT3.Windows@10.0.19041.57 for target RID 'win-x86' from 'any' excluding ''
         Finding best RID match for pack Microsoft.Windows.SDK.NET.Ref.CsWinRT3.Windows@10.0.19041.57 for target RID 'win-x64' from 'any' excluding ''
         Selected Microsoft.Windows.SDK.NET.Ref with RIDs 'any'
         Selected targeting pack 'Microsoft.Windows.SDK.NET.Ref.CsWinRT3.Xaml@10.0.19041.57'
         Finding best RID match for pack Microsoft.Windows.SDK.NET.Ref.CsWinRT3.Xaml@10.0.19041.57 for target RID 'win-arm64' from 'any' excluding ''
         Finding best RID match for pack Microsoft.Windows.SDK.NET.Ref.CsWinRT3.Xaml@10.0.19041.57 for target RID 'win-x86' from 'any' excluding ''
         Finding best RID match for pack Microsoft.Windows.SDK.NET.Ref.CsWinRT3.Xaml@10.0.19041.57 for target RID 'win-x64' from 'any' excluding ''
         Adding tool pack Crossgen2 for runtime 8.0
         Found Crossgen2 pack 'Microsoft.NETCore.App.Crossgen2@8.0.24'
         Determining best RID for 'Microsoft.NETCore.App.Crossgen2@8.0.24' from among 'linux-musl-x64;linux-x64;win-x64;linux-arm;linux-arm64;linux-musl-arm;linux-musl-arm64;osx-arm64;osx-x64;win-arm64;win-x86;freebsd-x64;freebsd-arm64'
         Best RID for 'Microsoft.NETCore.App.Crossgen2@8.0.24' is 'win-x64'
         Added Crossgen2 runtime pack 'Microsoft.NETCore.App.Crossgen2.win-x64@8.0.24'
       Done executing task "ProcessFrameworkReferences".
       Using "ResolveAppHosts" task from assembly "C:\Program Files\dotnet\sdk\10.0.103\Sdks\Microsoft.NET.Sdk\targets\..\tools\net10.0\Microsoft.NET.Build.Tasks.dll".
       Task "ResolveAppHosts"
       Done executing task "ResolveAppHosts".
   2:6>Done building target "ProcessFrameworkReferences" in project "RobotControllerApp.csproj".
   2:6>Target "_CheckForObsoleteDotNetCliToolReferences" in file "C:\Program Files\dotnet\sdk\10.0.103\Sdks\Microsoft.NET.Sdk\targets\Microsoft.NET.ObsoleteReferences.targets" from project "C:\Users\Damien Mazeas\Desktop\portfolio\Orange\RobotControllerApp\RobotControllerApp.csproj" (target "CollectPackageReferences" depends on it):
   2:6>Done building target "_CheckForObsoleteDotNetCliToolReferences" in project "RobotControllerApp.csproj".
   2:6>Target "CollectPackageReferences" in file "C:\Program Files\dotnet\sdk\10.0.103\NuGet.targets" from project "C:\Users\Damien Mazeas\Desktop\portfolio\Orange\RobotControllerApp\RobotControllerApp.csproj" (target "_GetRestoreProjectStyle" depends on it):
       Using "CheckForDuplicateNuGetItemsTask" task from assembly "C:\Program Files\dotnet\sdk\10.0.103\NuGet.Build.Tasks.dll".
       Task "CheckForDuplicateNuGetItemsTask"
       Done executing task "CheckForDuplicateNuGetItemsTask".
   2:6>Done building target "CollectPackageReferences" in project "RobotControllerApp.csproj".
   2:6>Target "_GetRestoreProjectStyle" in file "C:\Program Files\dotnet\sdk\10.0.103\NuGet.targets" from project "C:\Users\Damien Mazeas\Desktop\portfolio\Orange\RobotControllerApp\RobotControllerApp.csproj" (target "EnableIntermediateOutputPathMismatchWarning" depends on it):
       Using "GetRestoreProjectStyleTask" task from assembly "C:\Program Files\dotnet\sdk\10.0.103\NuGet.Build.Tasks.dll".
       Task "GetRestoreProjectStyleTask"
       Done executing task "GetRestoreProjectStyleTask".
   2:6>Done building target "_GetRestoreProjectStyle" in project "RobotControllerApp.csproj".
   2:6>Target "EnableIntermediateOutputPathMismatchWarning" in file "C:\Program Files\dotnet\sdk\10.0.103\NuGet.targets" from project "C:\Users\Damien Mazeas\Desktop\portfolio\Orange\RobotControllerApp\RobotControllerApp.csproj" (target "_CheckForInvalidConfigurationAndPlatform" depends on it):
   2:6>Done building target "EnableIntermediateOutputPathMismatchWarning" in project "RobotControllerApp.csproj".
   2:6>Target "MsixCheckForInvalidCustomBeforeMicrosoftCommonTargets" in file "C:\NuGetPackages\microsoft.windows.sdk.buildtools.msix\1.7.20250829.1\build\Microsoft.Windows.SDK.BuildTools.MSIX.targets" from project "C:\Users\Damien Mazeas\Desktop\portfolio\Orange\RobotControllerApp\RobotControllerApp.csproj" (target "_CheckForInvalidConfigurationAndPlatform" depends on it):
   2:6>Done building target "MsixCheckForInvalidCustomBeforeMicrosoftCommonTargets" in project "RobotControllerApp.csproj".
   2:6>Target "CheckForDuplicateItems" in file "C:\Program Files\dotnet\sdk\10.0.103\Sdks\Microsoft.NET.Sdk\targets\Microsoft.NET.Sdk.DefaultItems.Shared.targets" from project "C:\Users\Damien Mazeas\Desktop\portfolio\Orange\RobotControllerApp\RobotControllerApp.csproj" (target "CheckForDuplicatePageItems" depends on it):
       Using "CheckForDuplicateItems" task from assembly "C:\Program Files\dotnet\sdk\10.0.103\Sdks\Microsoft.NET.Sdk\targets\..\tools\net10.0\Microsoft.NET.Build.Tasks.dll".
       Task "CheckForDuplicateItems"
       Done executing task "CheckForDuplicateItems".
       Task "CheckForDuplicateItems"
       Done executing task "CheckForDuplicateItems".
       Task "CheckForDuplicateItems"
       Done executing task "CheckForDuplicateItems".
   2:6>Done building target "CheckForDuplicateItems" in project "RobotControllerApp.csproj".
   2:6>Target "CheckForDuplicatePageItems" in file "C:\NuGetPackages\microsoft.windowsappsdk.winui\1.8.260204000\buildTransitive\Microsoft.WinUI.targets" from project "C:\Users\Damien Mazeas\Desktop\portfolio\Orange\RobotControllerApp\RobotControllerApp.csproj" (target "_CheckForInvalidConfigurationAndPlatform" depends on it):
       Task "CheckForDuplicateItems"
       Done executing task "CheckForDuplicateItems".
   2:6>Done building target "CheckForDuplicatePageItems" in project "RobotControllerApp.csproj".
   2:6>Target "CheckForInvalidCustomBeforeMicrosoftCommonTargets" in file "C:\NuGetPackages\microsoft.windowsappsdk.winui\1.8.260204000\buildTransitive\Microsoft.WinUI.targets" from project "C:\Users\Damien Mazeas\Desktop\portfolio\Orange\RobotControllerApp\RobotControllerApp.csproj" (target "_CheckForInvalidConfigurationAndPlatform" depends on it):
   2:6>Done building target "CheckForInvalidCustomBeforeMicrosoftCommonTargets" in project "RobotControllerApp.csproj".
       Target "ApplyImplicitVersions" skipped. Previously built successfully.
       Target "CheckForImplicitPackageReferenceOverrides" skipped. Previously built successfully.
       Target "CheckForDuplicateItems" skipped. Previously built successfully.
       Target "ProcessFrameworkReferences" skipped. Previously built successfully.
   2:6>Target "_CheckForInvalidConfigurationAndPlatform" in file "C:\Program Files\dotnet\sdk\10.0.103\Microsoft.Common.CurrentVersion.targets" from project "C:\Users\Damien Mazeas\Desktop\portfolio\Orange\RobotControllerApp\RobotControllerApp.csproj" (target "BeforeBuild" depends on it):
       Task "Message"
         Configuration=Debug
       Done executing task "Message".
       Task "Message"
         Platform=ARM64
       Done executing task "Message".
   2:6>Done building target "_CheckForInvalidConfigurationAndPlatform" in project "RobotControllerApp.csproj".
   2:6>Target "ValidateCommandLineProperties" in file "C:\Program Files\dotnet\sdk\10.0.103\Sdks\Microsoft.NET.Sdk\targets\Microsoft.NET.Sdk.targets" from project "C:\Users\Damien Mazeas\Desktop\portfolio\Orange\RobotControllerApp\RobotControllerApp.csproj" (target "BeforeBuild" depends on it):
   2:6>Done building target "ValidateCommandLineProperties" in project "RobotControllerApp.csproj".
   2:6>Target "BeforeBuild" in file "C:\Program Files\dotnet\sdk\10.0.103\Microsoft.Common.CurrentVersion.targets" from project "C:\Users\Damien Mazeas\Desktop\portfolio\Orange\RobotControllerApp\RobotControllerApp.csproj" (target "Build" depends on it):
   2:6>Done building target "BeforeBuild" in project "RobotControllerApp.csproj".
   2:6>Target "BuildOnlySettings" in file "C:\Program Files\dotnet\sdk\10.0.103\Microsoft.Common.CurrentVersion.targets" from project "C:\Users\Damien Mazeas\Desktop\portfolio\Orange\RobotControllerApp\RobotControllerApp.csproj" (target "CoreBuild" depends on it):
       C:\Program Files\dotnet\sdk\10.0.103\Microsoft.Common.CurrentVersion.targets(1168,7): message : Property reassignment: $(BuildingProject)="true" (previous value: "false") at C:\Program Files\dotnet\sdk\10.0.103\Microsoft.Common.CurrentVersion.targets (1168,7) [C:\Users\Damien Mazeas\Desktop\portfolio\Orange\RobotControllerApp\RobotControllerApp.csproj]
   2:6>Done building target "BuildOnlySettings" in project "RobotControllerApp.csproj".
   2:6>Target "GetFrameworkPaths" in file "C:\Program Files\dotnet\sdk\10.0.103\Sdks\Microsoft.NET.Sdk\targets\Microsoft.NET.DisableStandardFrameworkResolution.targets" from project "C:\Users\Damien Mazeas\Desktop\portfolio\Orange\RobotControllerApp\RobotControllerApp.csproj" (target "PrepareForBuild" depends on it):
   2:6>Done building target "GetFrameworkPaths" in project "RobotControllerApp.csproj".
   2:6>Target "GetReferenceAssemblyPaths" in file "C:\Program Files\dotnet\sdk\10.0.103\Sdks\Microsoft.NET.Sdk\targets\Microsoft.NET.DisableStandardFrameworkResolution.targets" from project "C:\Users\Damien Mazeas\Desktop\portfolio\Orange\RobotControllerApp\RobotControllerApp.csproj" (target "PrepareForBuild" depends on it):
   2:6>Done building target "GetReferenceAssemblyPaths" in project "RobotControllerApp.csproj".
   2:6>Target "PrepareForBuild" in file "C:\Program Files\dotnet\sdk\10.0.103\Microsoft.Common.CurrentVersion.targets" from project "C:\Users\Damien Mazeas\Desktop\portfolio\Orange\RobotControllerApp\RobotControllerApp.csproj" (target "CoreBuild" depends on it):
       Using "FindAppConfigFile" task from assembly "Microsoft.Build.Tasks.Core, Version=15.1.0.0, Culture=neutral, PublicKeyToken=b03f5f7f11d50a3a".
       Task "FindAppConfigFile"
       Done executing task "FindAppConfigFile".
       Using "MakeDir" task from assembly "Microsoft.Build.Tasks.Core, Version=15.1.0.0, Culture=neutral, PublicKeyToken=b03f5f7f11d50a3a".
       Task "MakeDir"
       Done executing task "MakeDir".
   2:6>Done building target "PrepareForBuild" in project "RobotControllerApp.csproj".
   2:6>Target "GenerateTargetFrameworkDefineConstants" in file "C:\Program Files\dotnet\sdk\10.0.103\Sdks\Microsoft.NET.Sdk\targets\Microsoft.NET.Sdk.BeforeCommon.targets" from project "C:\Users\Damien Mazeas\Desktop\portfolio\Orange\RobotControllerApp\RobotControllerApp.csproj" (target "AddImplicitDefineConstants" depends on it):
   2:6>Done building target "GenerateTargetFrameworkDefineConstants" in project "RobotControllerApp.csproj".
   2:6>Target "GenerateTargetPlatformDefineConstants" in file "C:\Program Files\dotnet\sdk\10.0.103\Sdks\Microsoft.NET.Sdk\targets\Microsoft.NET.Sdk.BeforeCommon.targets" from project "C:\Users\Damien Mazeas\Desktop\portfolio\Orange\RobotControllerApp\RobotControllerApp.csproj" (target "AddImplicitDefineConstants" depends on it):
   2:6>Done building target "GenerateTargetPlatformDefineConstants" in project "RobotControllerApp.csproj".
   2:6>Target "GenerateNETCompatibleDefineConstants" in file "C:\Program Files\dotnet\sdk\10.0.103\Sdks\Microsoft.NET.Sdk\targets\Microsoft.NET.Sdk.BeforeCommon.targets" from project "C:\Users\Damien Mazeas\Desktop\portfolio\Orange\RobotControllerApp\RobotControllerApp.csproj" (target "AddImplicitDefineConstants" depends on it):
   2:6>Done building target "GenerateNETCompatibleDefineConstants" in project "RobotControllerApp.csproj".
   2:6>Target "GeneratePlatformCompatibleDefineConstants" in file "C:\Program Files\dotnet\sdk\10.0.103\Sdks\Microsoft.NET.Sdk\targets\Microsoft.NET.Sdk.BeforeCommon.targets" from project "C:\Users\Damien Mazeas\Desktop\portfolio\Orange\RobotControllerApp\RobotControllerApp.csproj" (target "AddImplicitDefineConstants" depends on it):
   2:6>Done building target "GeneratePlatformCompatibleDefineConstants" in project "RobotControllerApp.csproj".
   2:6>Target "AddImplicitDefineConstants" in file "C:\Program Files\dotnet\sdk\10.0.103\Sdks\Microsoft.NET.Sdk\targets\Microsoft.NET.Sdk.BeforeCommon.targets" from project "C:\Users\Damien Mazeas\Desktop\portfolio\Orange\RobotControllerApp\RobotControllerApp.csproj" (target "CoreBuild" depends on it):
       C:\Program Files\dotnet\sdk\10.0.103\Sdks\Microsoft.NET.Sdk\targets\Microsoft.NET.Sdk.BeforeCommon.targets(295,7): message : Property reassignment: $(DefineConstants)="TRACE;MICROSOFT_WINDOWSAPPSDK_SELFCONTAINED;MICROSOFT_WINDOWSAPPSDK_AUTOINITIALIZE_UNDOCKEDREGFREEWINRT;DEBUG;NET;NET8_0;NETCOREAPP;WINDOWS;WINDOWS10_0_19041_0;NET5_0_OR_GREATER;NET6_0_OR_GREATER;NET7_0_OR_GREATER;NET8_0_OR_GREATER;NETCOREAPP1_0_OR_GREATER;NETCOREAPP1_1_OR_GREATER;NETCOREAPP2_0_OR_GREATER;NETCOREAPP2_1_OR_GREATER;NETCOREAPP2_2_OR_GREATER;NETCOREAPP3_0_OR_GREATER;NETCOREAPP3_1_OR_GREATER;WINDOWS10_0_19041_0_OR_GREATER;WINDOWS10_0_18362_0_OR_GREATER;WINDOWS10_0_17763_0_OR_GREATER;WINDOWS8_0_OR_GREATER;WINDOWS7_0_OR_GREATER" (previous value: "TRACE;MICROSOFT_WINDOWSAPPSDK_SELFCONTAINED;MICROSOFT_WINDOWSAPPSDK_AUTOINITIALIZE_UNDOCKEDREGFREEWINRT;DEBUG") at C:\Program Files\dotnet\sdk\10.0.103\Sdks\Microsoft.NET.Sdk\targets\Microsoft.NET.Sdk.BeforeCommon.targets (295,7) [C:\Users\Damien Mazeas\Desktop\portfolio\Orange\RobotControllerApp\RobotControllerApp.csproj]
   2:6>Done building target "AddImplicitDefineConstants" in project "RobotControllerApp.csproj".
   2:6>Target "BeforeResolveReferences" in file "C:\Program Files\dotnet\sdk\10.0.103\Microsoft.Common.CurrentVersion.targets" from project "C:\Users\Damien Mazeas\Desktop\portfolio\Orange\RobotControllerApp\RobotControllerApp.csproj" (target "ResolveReferences" depends on it):
   2:6>Done building target "BeforeResolveReferences" in project "RobotControllerApp.csproj".
   2:6>Target "IgnoreJavaScriptOutputAssembly" in file "C:\Program Files\dotnet\sdk\10.0.103\Microsoft.Common.CurrentVersion.targets" from project "C:\Users\Damien Mazeas\Desktop\portfolio\Orange\RobotControllerApp\RobotControllerApp.csproj" (target "AssignProjectConfiguration" depends on it):
   2:6>Done building target "IgnoreJavaScriptOutputAssembly" in project "RobotControllerApp.csproj".
       Target "ProcessFrameworkReferences" skipped. Previously built successfully.
   2:6>Target "_DefaultMicrosoftNETPlatformLibrary" in file "C:\Program Files\dotnet\sdk\10.0.103\Sdks\Microsoft.NET.Sdk\targets\Microsoft.NET.Sdk.Shared.targets" from project "C:\Users\Damien Mazeas\Desktop\portfolio\Orange\RobotControllerApp\RobotControllerApp.csproj" (target "ResolvePackageAssets" depends on it):
   2:6>Done building target "_DefaultMicrosoftNETPlatformLibrary" in project "RobotControllerApp.csproj".
   2:6>Target "_ComputePackageReferencePublish" in file "C:\Program Files\dotnet\sdk\10.0.103\Sdks\Microsoft.NET.Sdk\targets\Microsoft.NET.Sdk.Shared.targets" from project "C:\Users\Damien Mazeas\Desktop\portfolio\Orange\RobotControllerApp\RobotControllerApp.csproj" (target "ResolvePackageAssets" depends on it):
   2:6>Done building target "_ComputePackageReferencePublish" in project "RobotControllerApp.csproj".
   2:6>Target "ResolvePackageAssets" in file "C:\Program Files\dotnet\sdk\10.0.103\Sdks\Microsoft.NET.Sdk\targets\Microsoft.PackageDependencyResolution.targets" from project "C:\Users\Damien Mazeas\Desktop\portfolio\Orange\RobotControllerApp\RobotControllerApp.csproj" (target "ResolveLockFileReferences" depends on it):
       Using "ResolvePackageAssets" task from assembly "C:\Program Files\dotnet\sdk\10.0.103\Sdks\Microsoft.NET.Sdk\targets\..\tools\net10.0\Microsoft.NET.Build.Tasks.dll".
       Task "ResolvePackageAssets"
       Done executing task "ResolvePackageAssets".
   2:6>Done building target "ResolvePackageAssets" in project "RobotControllerApp.csproj".
   2:6>Target "_UpdateMuiFilesAfterNugetRestore" in file "C:\NuGetPackages\microsoft.windowsappsdk.winui\1.8.260204000\buildTransitive\Microsoft.WinUI.AppX.targets" from project "C:\Users\Damien Mazeas\Desktop\portfolio\Orange\RobotControllerApp\RobotControllerApp.csproj" (target "ResolveLockFileReferences" depends on it):
   2:6>Done building target "_UpdateMuiFilesAfterNugetRestore" in project "RobotControllerApp.csproj".
   2:6>Target "ResolveLockFileReferences" in file "C:\Program Files\dotnet\sdk\10.0.103\Sdks\Microsoft.NET.Sdk\targets\Microsoft.PackageDependencyResolution.targets" from project "C:\Users\Damien Mazeas\Desktop\portfolio\Orange\RobotControllerApp\RobotControllerApp.csproj" (target "ResolvePackageDependenciesForBuild" depends on it):
       Using "JoinItems" task from assembly "C:\Program Files\dotnet\sdk\10.0.103\Sdks\Microsoft.NET.Sdk\targets\..\tools\net10.0\Microsoft.NET.Build.Tasks.dll".
       Task "JoinItems"
       Done executing task "JoinItems".
   2:6>Done building target "ResolveLockFileReferences" in project "RobotControllerApp.csproj".
       Target "ResolvePackageAssets" skipped. Previously built successfully.
   2:6>Target "ResolveLockFileAnalyzers" in file "C:\Program Files\dotnet\sdk\10.0.103\Sdks\Microsoft.NET.Sdk\targets\Microsoft.PackageDependencyResolution.targets" from project "C:\Users\Damien Mazeas\Desktop\portfolio\Orange\RobotControllerApp\RobotControllerApp.csproj" (target "ResolvePackageDependenciesForBuild" depends on it):
   2:6>Done building target "ResolveLockFileAnalyzers" in project "RobotControllerApp.csproj".
       Target "ResolvePackageAssets" skipped. Previously built successfully.
   2:6>Target "ResolveLockFileCopyLocalFiles" in file "C:\Program Files\dotnet\sdk\10.0.103\Sdks\Microsoft.NET.Sdk\targets\Microsoft.PackageDependencyResolution.targets" from project "C:\Users\Damien Mazeas\Desktop\portfolio\Orange\RobotControllerApp\RobotControllerApp.csproj" (target "ResolvePackageDependenciesForBuild" depends on it):
   2:6>Done building target "ResolveLockFileCopyLocalFiles" in project "RobotControllerApp.csproj".
       Target "ProcessFrameworkReferences" skipped. Previously built successfully.
       Target "ResolvePackageAssets" skipped. Previously built successfully.
   2:6>Target "ResolveFrameworkReferences" in file "C:\Program Files\dotnet\sdk\10.0.103\Sdks\Microsoft.NET.Sdk\targets\Microsoft.NET.Sdk.FrameworkReferenceResolution.targets" from project "C:\Users\Damien Mazeas\Desktop\portfolio\Orange\RobotControllerApp\RobotControllerApp.csproj" (target "ResolveRuntimePackAssets" depends on it):
       Using "GetPackageDirectory" task from assembly "C:\Program Files\dotnet\sdk\10.0.103\Sdks\Microsoft.NET.Sdk\targets\..\tools\net10.0\Microsoft.NET.Build.Tasks.dll".
       Task "GetPackageDirectory"
       Done executing task "GetPackageDirectory".
       Task "GetPackageDirectory"
       Done executing task "GetPackageDirectory".
       Task "GetPackageDirectory"
       Done executing task "GetPackageDirectory".
       Task "GetPackageDirectory"
       Done executing task "GetPackageDirectory".
       Task "GetPackageDirectory"
       Done executing task "GetPackageDirectory".
       Task "GetPackageDirectory"
       Done executing task "GetPackageDirectory".
       Task "GetPackageDirectory"
       Done executing task "GetPackageDirectory".
       Task "GetPackageDirectory"
       Done executing task "GetPackageDirectory".
       Task "GetPackageDirectory"
       Done executing task "GetPackageDirectory".
       Task "GetPackageDirectory"
       Done executing task "GetPackageDirectory".
       Using "ResolveFrameworkReferences" task from assembly "C:\Program Files\dotnet\sdk\10.0.103\Sdks\Microsoft.NET.Sdk\targets\..\tools\net10.0\Microsoft.NET.Build.Tasks.dll".
       Task "ResolveFrameworkReferences"
       Done executing task "ResolveFrameworkReferences".
   2:6>Done building target "ResolveFrameworkReferences" in project "RobotControllerApp.csproj".
   2:6>Target "ResolveRuntimePackAssets" in file "C:\Program Files\dotnet\sdk\10.0.103\Sdks\Microsoft.NET.Sdk\targets\Microsoft.NET.Sdk.FrameworkReferenceResolution.targets" from project "C:\Users\Damien Mazeas\Desktop\portfolio\Orange\RobotControllerApp\RobotControllerApp.csproj" (target "ResolvePackageDependenciesForBuild" depends on it):
       Using "ResolveRuntimePackAssets" task from assembly "C:\Program Files\dotnet\sdk\10.0.103\Sdks\Microsoft.NET.Sdk\targets\..\tools\net10.0\Microsoft.NET.Build.Tasks.dll".
       Task "ResolveRuntimePackAssets"
       Done executing task "ResolveRuntimePackAssets".
   2:6>Done building target "ResolveRuntimePackAssets" in project "RobotControllerApp.csproj".
       Target "ResolvePackageAssets" skipped. Previously built successfully.
   2:6>Target "IncludeTransitiveProjectReferences" in file "C:\Program Files\dotnet\sdk\10.0.103\Sdks\Microsoft.NET.Sdk\targets\Microsoft.PackageDependencyResolution.targets" from project "C:\Users\Damien Mazeas\Desktop\portfolio\Orange\RobotControllerApp\RobotControllerApp.csproj" (target "ResolvePackageDependenciesForBuild" depends on it):
   2:6>Done building target "IncludeTransitiveProjectReferences" in project "RobotControllerApp.csproj".
   2:6>Target "ResolvePackageDependenciesForBuild" in file "C:\Program Files\dotnet\sdk\10.0.103\Sdks\Microsoft.NET.Sdk\targets\Microsoft.PackageDependencyResolution.targets" from project "C:\Users\Damien Mazeas\Desktop\portfolio\Orange\RobotControllerApp\RobotControllerApp.csproj" (target "AssignProjectConfiguration" depends on it):
   2:6>Done building target "ResolvePackageDependenciesForBuild" in project "RobotControllerApp.csproj".
   2:6>Target "AssignProjectConfiguration" in file "C:\Program Files\dotnet\sdk\10.0.103\Microsoft.Common.CurrentVersion.targets" from project "C:\Users\Damien Mazeas\Desktop\portfolio\Orange\RobotControllerApp\RobotControllerApp.csproj" (target "ResolveReferences" depends on it):
       Using "AssignProjectConfiguration" task from assembly "Microsoft.Build.Tasks.Core, Version=15.1.0.0, Culture=neutral, PublicKeyToken=b03f5f7f11d50a3a".
       Task "AssignProjectConfiguration"
       Done executing task "AssignProjectConfiguration".
   2:6>Done building target "AssignProjectConfiguration" in project "RobotControllerApp.csproj".
       Target "AssignProjectConfiguration" skipped. Previously built successfully.
   2:6>Target "_SplitProjectReferencesByFileExistence" in file "C:\Program Files\dotnet\sdk\10.0.103\Microsoft.Common.CurrentVersion.targets" from project "C:\Users\Damien Mazeas\Desktop\portfolio\Orange\RobotControllerApp\RobotControllerApp.csproj" (target "PrepareProjectReferences" depends on it):
   2:6>Done building target "_SplitProjectReferencesByFileExistence" in project "RobotControllerApp.csproj".
   2:6>Target "_AddOutputPathToGlobalPropertiesToRemove" in file "C:\Program Files\dotnet\sdk\10.0.103\Microsoft.Common.CurrentVersion.targets" from project "C:\Users\Damien Mazeas\Desktop\portfolio\Orange\RobotControllerApp\RobotControllerApp.csproj" (target "_GetProjectReferenceTargetFrameworkProperties" depends on it):
   2:6>Done building target "_AddOutputPathToGlobalPropertiesToRemove" in project "RobotControllerApp.csproj".
   2:6>Target "_GetProjectReferenceTargetFrameworkProperties" in file "C:\Program Files\dotnet\sdk\10.0.103\Microsoft.Common.CurrentVersion.targets" from project "C:\Users\Damien Mazeas\Desktop\portfolio\Orange\RobotControllerApp\RobotControllerApp.csproj" (target "PrepareProjectReferences" depends on it):
       Task "MSBuild"
       Done executing task "MSBuild".
       Using "SetRidAgnosticValueForProjects" task from assembly "Microsoft.Build.Tasks.Core, Version=15.1.0.0, Culture=neutral, PublicKeyToken=b03f5f7f11d50a3a".
       Task "SetRidAgnosticValueForProjects"
       Done executing task "SetRidAgnosticValueForProjects".
   2:6>Done building target "_GetProjectReferenceTargetFrameworkProperties" in project "RobotControllerApp.csproj".
   2:6>Target "_CalculateIsVSTestTestProject" in file "C:\Program Files\dotnet\sdk\10.0.103\Sdks\Microsoft.NET.Sdk\targets\Microsoft.NET.Sdk.targets" from project "C:\Users\Damien Mazeas\Desktop\portfolio\Orange\RobotControllerApp\RobotControllerApp.csproj" (target "ValidateExecutableReferences" depends on it):
   2:6>Done building target "_CalculateIsVSTestTestProject" in project "RobotControllerApp.csproj".
   2:6>Target "ValidateExecutableReferences" in file "C:\Program Files\dotnet\sdk\10.0.103\Sdks\Microsoft.NET.Sdk\targets\Microsoft.NET.Sdk.targets" from project "C:\Users\Damien Mazeas\Desktop\portfolio\Orange\RobotControllerApp\RobotControllerApp.csproj" (target "PrepareProjectReferences" depends on it):
       Using "ValidateExecutableReferences" task from assembly "C:\Program Files\dotnet\sdk\10.0.103\Sdks\Microsoft.NET.Sdk\targets\..\tools\net10.0\Microsoft.NET.Build.Tasks.dll".
       Task "ValidateExecutableReferences"
       Done executing task "ValidateExecutableReferences".
   2:6>Done building target "ValidateExecutableReferences" in project "RobotControllerApp.csproj".
   2:6>Target "PrepareProjectReferences" in file "C:\Program Files\dotnet\sdk\10.0.103\Microsoft.Common.CurrentVersion.targets" from project "C:\Users\Damien Mazeas\Desktop\portfolio\Orange\RobotControllerApp\RobotControllerApp.csproj" (target "ResolveProjectReferences" depends on it):
   2:6>Done building target "PrepareProjectReferences" in project "RobotControllerApp.csproj".
   2:6>Target "ResolveProjectReferences" in file "C:\Program Files\dotnet\sdk\10.0.103\Microsoft.Common.CurrentVersion.targets" from project "C:\Users\Damien Mazeas\Desktop\portfolio\Orange\RobotControllerApp\RobotControllerApp.csproj" (target "ResolveReferences" depends on it):
   2:6>Done building target "ResolveProjectReferences" in project "RobotControllerApp.csproj".
   2:6>Target "RemoveManagedWinRTComponentWinMDReferences" in file "C:\Program Files\dotnet\sdk\10.0.103\Sdks\Microsoft.NET.Sdk\targets\Microsoft.NET.Windows.targets" from project "C:\Users\Damien Mazeas\Desktop\portfolio\Orange\RobotControllerApp\RobotControllerApp.csproj" (target "ResolveReferences" depends on it):
   2:6>Done building target "RemoveManagedWinRTComponentWinMDReferences" in project "RobotControllerApp.csproj".
       Target "PrepareProjectReferences" skipped. Previously built successfully.
   2:6>Target "GetReferenceTargetPlatformMonikers" in file "C:\Program Files\dotnet\sdk\10.0.103\Microsoft.Common.CurrentVersion.targets" from project "C:\Users\Damien Mazeas\Desktop\portfolio\Orange\RobotControllerApp\RobotControllerApp.csproj" (target "FindInvalidProjectReferences" depends on it):
       Task "MSBuild"
       Done executing task "MSBuild".
   2:6>Done building target "GetReferenceTargetPlatformMonikers" in project "RobotControllerApp.csproj".
   2:6>Target "FindInvalidProjectReferences" in file "C:\Program Files\dotnet\sdk\10.0.103\Microsoft.Common.CurrentVersion.targets" from project "C:\Users\Damien Mazeas\Desktop\portfolio\Orange\RobotControllerApp\RobotControllerApp.csproj" (target "ResolveReferences" depends on it):
       Using "FindInvalidProjectReferences" task from assembly "Microsoft.Build.Tasks.Core, Version=15.1.0.0, Culture=neutral, PublicKeyToken=b03f5f7f11d50a3a".
       Task "FindInvalidProjectReferences"
       Done executing task "FindInvalidProjectReferences".
   2:6>Done building target "FindInvalidProjectReferences" in project "RobotControllerApp.csproj".
       Target "ResolveProjectReferences" skipped. Previously built successfully.
       Target "FindInvalidProjectReferences" skipped. Previously built successfully.
       Target "GetFrameworkPaths" skipped. Previously built successfully.
       Target "GetReferenceAssemblyPaths" skipped. Previously built successfully.
       Target "PrepareForBuild" skipped. Previously built successfully.
   2:6>Target "ResolveSDKReferences" in file "C:\Program Files\dotnet\sdk\10.0.103\Microsoft.Common.CurrentVersion.targets" from project "C:\Users\Damien Mazeas\Desktop\portfolio\Orange\RobotControllerApp\RobotControllerApp.csproj" (target "ResolveAssemblyReferences" depends on it):
   2:6>Done building target "ResolveSDKReferences" in project "RobotControllerApp.csproj".
       Target "ResolveSDKReferences" skipped. Previously built successfully.
   2:6>Target "ExpandSDKReferences" in file "C:\Program Files\dotnet\sdk\10.0.103\Microsoft.Common.CurrentVersion.targets" from project "C:\Users\Damien Mazeas\Desktop\portfolio\Orange\RobotControllerApp\RobotControllerApp.csproj" (target "ResolveAssemblyReferences" depends on it):
   2:6>Done building target "ExpandSDKReferences" in project "RobotControllerApp.csproj".
       Target "ResolvePackageDependenciesForBuild" skipped. Previously built successfully.
       Target "GetFrameworkPaths" skipped. Previously built successfully.
       Target "GetReferenceAssemblyPaths" skipped. Previously built successfully.
       Target "ResolveFrameworkReferences" skipped. Previously built successfully.
   2:6>Target "ResolveTargetingPackAssets" in file "C:\Program Files\dotnet\sdk\10.0.103\Sdks\Microsoft.NET.Sdk\targets\Microsoft.NET.Sdk.FrameworkReferenceResolution.targets" from project "C:\Users\Damien Mazeas\Desktop\portfolio\Orange\RobotControllerApp\RobotControllerApp.csproj" (target "_HandlePackageFileConflicts" depends on it):
       Using "ResolveTargetingPackAssets" task from assembly "C:\Program Files\dotnet\sdk\10.0.103\Sdks\Microsoft.NET.Sdk\targets\..\tools\net10.0\Microsoft.NET.Build.Tasks.dll".
       Task "ResolveTargetingPackAssets"
       Done executing task "ResolveTargetingPackAssets".
   2:6>Done building target "ResolveTargetingPackAssets" in project "RobotControllerApp.csproj".
   2:6>Target "ResolveOffByDefaultAnalyzers" in file "C:\Program Files\dotnet\sdk\10.0.103\Sdks\Microsoft.NET.Sdk\targets\Microsoft.NET.Sdk.FrameworkReferenceResolution.targets" from project "C:\Users\Damien Mazeas\Desktop\portfolio\Orange\RobotControllerApp\RobotControllerApp.csproj" (target "_HandlePackageFileConflicts" depends on it):
   2:6>Done building target "ResolveOffByDefaultAnalyzers" in project "RobotControllerApp.csproj".
   2:6>Target "_HandlePackageFileConflicts" in file "C:\Program Files\dotnet\sdk\10.0.103\Sdks\Microsoft.NET.Sdk\targets\Microsoft.NET.ConflictResolution.targets" from project "C:\Users\Damien Mazeas\Desktop\portfolio\Orange\RobotControllerApp\RobotControllerApp.csproj" (target "ResolveAssemblyReferences" depends on it):
       Using "ResolvePackageFileConflicts" task from assembly "C:\Program Files\dotnet\sdk\10.0.103\Sdks\Microsoft.NET.Sdk\targets\..\tools\net10.0\Microsoft.NET.Build.Tasks.dll".
       Task "ResolvePackageFileConflicts"
         Encountered conflict between 'Reference:C:\NuGetPackages\system.diagnostics.diagnosticsource\9.0.0\lib\net8.0\System.Diagnostics.DiagnosticSource.dll' and 'Reference:C:\Program Files\dotnet\packs\Microsoft.NETCore.App.Ref\8.0.24\ref/net8.0/System.Diagnostics.DiagnosticSource.dll'. Choosing 'Reference:C:\NuGetPackages\system.diagnostics.diagnosticsource\9.0.0\lib\net8.0\System.Diagnostics.DiagnosticSource.dll' because AssemblyVersion '9.0.0.0' is greater than '8.0.0.0'.
         Encountered conflict between 'Reference:C:\NuGetPackages\microsoft.extensions.dependencyinjection.abstractions\9.0.0\lib\net8.0\Microsoft.Extensions.DependencyInjection.Abstractions.dll' and 'Reference:C:\Program Files\dotnet\packs\Microsoft.AspNetCore.App.Ref\8.0.24\ref\net8.0\Microsoft.Extensions.DependencyInjection.Abstractions.dll'. Choosing 'Reference:C:\NuGetPackages\microsoft.extensions.dependencyinjection.abstractions\9.0.0\lib\net8.0\Microsoft.Extensions.DependencyInjection.Abstractions.dll' because AssemblyVersion '9.0.0.0' is greater than '8.0.0.0'.
         Encountered conflict between 'Reference:C:\NuGetPackages\microsoft.extensions.logging.abstractions\9.0.0\lib\net8.0\Microsoft.Extensions.Logging.Abstractions.dll' and 'Reference:C:\Program Files\dotnet\packs\Microsoft.AspNetCore.App.Ref\8.0.24\ref\net8.0\Microsoft.Extensions.Logging.Abstractions.dll'. Choosing 'Reference:C:\NuGetPackages\microsoft.extensions.logging.abstractions\9.0.0\lib\net8.0\Microsoft.Extensions.Logging.Abstractions.dll' because AssemblyVersion '9.0.0.0' is greater than '8.0.0.0'.
         Encountered conflict between 'Analyzer:C:\NuGetPackages\microsoft.extensions.logging.abstractions\9.0.0\analyzers\dotnet\roslyn4.4\cs\Microsoft.Extensions.Logging.Generators.dll' and 'Analyzer:C:\Program Files\dotnet\packs\Microsoft.AspNetCore.App.Ref\8.0.24\analyzers/dotnet/roslyn4.4/cs/Microsoft.Extensions.Logging.Generators.dll'. Choosing 'Analyzer:C:\NuGetPackages\microsoft.extensions.logging.abstractions\9.0.0\analyzers\dotnet\roslyn4.4\cs\Microsoft.Extensions.Logging.Generators.dll' because AssemblyVersion '9.0.11.2809' is greater than '8.0.14.7010'.
         Encountered conflict between 'CopyLocal:C:\NuGetPackages\system.diagnostics.diagnosticsource\9.0.0\lib\net8.0\System.Diagnostics.DiagnosticSource.dll' and 'CopyLocal:C:\NuGetPackages\microsoft.netcore.app.runtime.win-arm64\8.0.24\runtimes\win-arm64\lib\net8.0\System.Diagnostics.DiagnosticSource.dll'. Choosing 'CopyLocal:C:\NuGetPackages\system.diagnostics.diagnosticsource\9.0.0\lib\net8.0\System.Diagnostics.DiagnosticSource.dll' because AssemblyVersion '9.0.0.0' is greater than '8.0.0.0'.
         Encountered conflict between 'CopyLocal:C:\NuGetPackages\microsoft.extensions.dependencyinjection.abstractions\9.0.0\lib\net8.0\Microsoft.Extensions.DependencyInjection.Abstractions.dll' and 'CopyLocal:C:\NuGetPackages\microsoft.aspnetcore.app.runtime.win-arm64\8.0.24\runtimes\win-arm64\lib\net8.0\Microsoft.Extensions.DependencyInjection.Abstractions.dll'. Choosing 'CopyLocal:C:\NuGetPackages\microsoft.extensions.dependencyinjection.abstractions\9.0.0\lib\net8.0\Microsoft.Extensions.DependencyInjection.Abstractions.dll' because AssemblyVersion '9.0.0.0' is greater than '8.0.0.0'.
         Encountered conflict between 'CopyLocal:C:\NuGetPackages\microsoft.extensions.logging.abstractions\9.0.0\lib\net8.0\Microsoft.Extensions.Logging.Abstractions.dll' and 'CopyLocal:C:\NuGetPackages\microsoft.aspnetcore.app.runtime.win-arm64\8.0.24\runtimes\win-arm64\lib\net8.0\Microsoft.Extensions.Logging.Abstractions.dll'. Choosing 'CopyLocal:C:\NuGetPackages\microsoft.extensions.logging.abstractions\9.0.0\lib\net8.0\Microsoft.Extensions.Logging.Abstractions.dll' because AssemblyVersion '9.0.0.0' is greater than '8.0.0.0'.
       Done executing task "ResolvePackageFileConflicts".
   2:6>Done building target "_HandlePackageFileConflicts" in project "RobotControllerApp.csproj".
       Target "ResolveTargetingPackAssets" skipped. Previously built successfully.
   2:6>Target "ResolveAssemblyReferences" in file "C:\Program Files\dotnet\sdk\10.0.103\Microsoft.Common.CurrentVersion.targets" from project "C:\Users\Damien Mazeas\Desktop\portfolio\Orange\RobotControllerApp\RobotControllerApp.csproj" (target "ResolveReferences" depends on it):
       Using "ResolveAssemblyReference" task from assembly "Microsoft.Build.Tasks.Core, Version=15.1.0.0, Culture=neutral, PublicKeyToken=b03f5f7f11d50a3a".
       Task "ResolveAssemblyReference"
         TargetFrameworkMoniker:
             .NETCoreApp,Version=v8.0
         TargetFrameworkMonikerDisplayName:
             .NET 8.0
         TargetedRuntimeVersion:
             
         Assemblies:
             C:\NuGetPackages\microsoft.web.webview2\1.0.3179.45\buildTransitive\..\\lib_manual\net8.0-windows10.0.17763.0\Microsoft.Web.WebView2.Core.Projection.dll
             C:\NuGetPackages\bouncycastle.cryptography\2.6.2\lib\net6.0\BouncyCastle.Cryptography.dll
                 Private = 'false'
                 HintPath = 'C:\NuGetPackages\bouncycastle.cryptography\2.6.2\lib\net6.0\BouncyCastle.Cryptography.dll'
             C:\NuGetPackages\concentus\2.2.2\lib\net8.0\Concentus.dll
                 Private = 'false'
                 HintPath = 'C:\NuGetPackages\concentus\2.2.2\lib\net8.0\Concentus.dll'
             C:\NuGetPackages\dnsclient\1.8.0\lib\net8.0\DnsClient.dll
                 Private = 'false'
                 HintPath = 'C:\NuGetPackages\dnsclient\1.8.0\lib\net8.0\DnsClient.dll'
             C:\NuGetPackages\microsoft.extensions.dependencyinjection.abstractions\9.0.0\lib\net8.0\Microsoft.Extensions.DependencyInjection.Abstractions.dll
                 Private = 'false'
                 HintPath = 'C:\NuGetPackages\microsoft.extensions.dependencyinjection.abstractions\9.0.0\lib\net8.0\Microsoft.Extensions.DependencyInjection.Abstractions.dll'
             C:\NuGetPackages\microsoft.extensions.logging.abstractions\9.0.0\lib\net8.0\Microsoft.Extensions.Logging.Abstractions.dll
                 Private = 'false'
                 HintPath = 'C:\NuGetPackages\microsoft.extensions.logging.abstractions\9.0.0\lib\net8.0\Microsoft.Extensions.Logging.Abstractions.dll'
             C:\NuGetPackages\microsoft.windowsappsdk.ai\1.8.47\lib\net6.0-windows10.0.17763.0\Microsoft.Graphics.Imaging.Projection.dll
                 Private = 'false'
                 HintPath = 'C:\NuGetPackages\microsoft.windowsappsdk.ai\1.8.47\lib\net6.0-windows10.0.17763.0\Microsoft.Graphics.Imaging.Projection.dll'
             C:\NuGetPackages\microsoft.windowsappsdk.ai\1.8.47\lib\net6.0-windows10.0.17763.0\Microsoft.Windows.AI.ContentSafety.Projection.dll
                 Private = 'false'
                 HintPath = 'C:\NuGetPackages\microsoft.windowsappsdk.ai\1.8.47\lib\net6.0-windows10.0.17763.0\Microsoft.Windows.AI.ContentSafety.Projection.dll'
             C:\NuGetPackages\microsoft.windowsappsdk.ai\1.8.47\lib\net6.0-windows10.0.17763.0\Microsoft.Windows.AI.Foundation.Projection.dll
                 Private = 'false'
                 HintPath = 'C:\NuGetPackages\microsoft.windowsappsdk.ai\1.8.47\lib\net6.0-windows10.0.17763.0\Microsoft.Windows.AI.Foundation.Projection.dll'
             C:\NuGetPackages\microsoft.windowsappsdk.ai\1.8.47\lib\net6.0-windows10.0.17763.0\Microsoft.Windows.AI.Imaging.Projection.dll
                 Private = 'false'
                 HintPath = 'C:\NuGetPackages\microsoft.windowsappsdk.ai\1.8.47\lib\net6.0-windows10.0.17763.0\Microsoft.Windows.AI.Imaging.Projection.dll'
             C:\NuGetPackages\microsoft.windowsappsdk.ai\1.8.47\lib\net6.0-windows10.0.17763.0\Microsoft.Windows.AI.Projection.dll
                 Private = 'false'
                 HintPath = 'C:\NuGetPackages\microsoft.windowsappsdk.ai\1.8.47\lib\net6.0-windows10.0.17763.0\Microsoft.Windows.AI.Projection.dll'
             C:\NuGetPackages\microsoft.windowsappsdk.ai\1.8.47\lib\net6.0-windows10.0.17763.0\Microsoft.Windows.AI.Text.Projection.dll
                 Private = 'false'
                 HintPath = 'C:\NuGetPackages\microsoft.windowsappsdk.ai\1.8.47\lib\net6.0-windows10.0.17763.0\Microsoft.Windows.AI.Text.Projection.dll'
             C:\NuGetPackages\microsoft.windowsappsdk.foundation\1.8.260203002\lib\net6.0-windows10.0.17763.0\Microsoft.Security.Authentication.OAuth.Projection.dll
                 Private = 'false'
                 HintPath = 'C:\NuGetPackages\microsoft.windowsappsdk.foundation\1.8.260203002\lib\net6.0-windows10.0.17763.0\Microsoft.Security.Authentication.OAuth.Projection.dll'
             C:\NuGetPackages\microsoft.windowsappsdk.foundation\1.8.260203002\lib\net6.0-windows10.0.17763.0\Microsoft.Windows.AppLifecycle.Projection.dll
                 Private = 'false'
                 HintPath = 'C:\NuGetPackages\microsoft.windowsappsdk.foundation\1.8.260203002\lib\net6.0-windows10.0.17763.0\Microsoft.Windows.AppLifecycle.Projection.dll'
             C:\NuGetPackages\microsoft.windowsappsdk.foundation\1.8.260203002\lib\net6.0-windows10.0.17763.0\Microsoft.Windows.AppNotifications.Builder.Projection.dll
                 Private = 'false'
                 HintPath = 'C:\NuGetPackages\microsoft.windowsappsdk.foundation\1.8.260203002\lib\net6.0-windows10.0.17763.0\Microsoft.Windows.AppNotifications.Builder.Projection.dll'
             C:\NuGetPackages\microsoft.windowsappsdk.foundation\1.8.260203002\lib\net6.0-windows10.0.17763.0\Microsoft.Windows.AppNotifications.Projection.dll
                 Private = 'false'
                 HintPath = 'C:\NuGetPackages\microsoft.windowsappsdk.foundation\1.8.260203002\lib\net6.0-windows10.0.17763.0\Microsoft.Windows.AppNotifications.Projection.dll'
             C:\NuGetPackages\microsoft.windowsappsdk.foundation\1.8.260203002\lib\net6.0-windows10.0.17763.0\Microsoft.Windows.ApplicationModel.Background.Projection.dll
                 Private = 'false'
                 HintPath = 'C:\NuGetPackages\microsoft.windowsappsdk.foundation\1.8.260203002\lib\net6.0-windows10.0.17763.0\Microsoft.Windows.ApplicationModel.Background.Projection.dll'
             C:\NuGetPackages\microsoft.windowsappsdk.foundation\1.8.260203002\lib\net6.0-windows10.0.17763.0\Microsoft.Windows.ApplicationModel.DynamicDependency.Projection.dll
                 Private = 'false'
                 HintPath = 'C:\NuGetPackages\microsoft.windowsappsdk.foundation\1.8.260203002\lib\net6.0-windows10.0.17763.0\Microsoft.Windows.ApplicationModel.DynamicDependency.Projection.dll'
             C:\NuGetPackages\microsoft.windowsappsdk.foundation\1.8.260203002\lib\net6.0-windows10.0.17763.0\Microsoft.Windows.ApplicationModel.Resources.Projection.dll
                 Private = 'false'
                 HintPath = 'C:\NuGetPackages\microsoft.windowsappsdk.foundation\1.8.260203002\lib\net6.0-windows10.0.17763.0\Microsoft.Windows.ApplicationModel.Resources.Projection.dll'
             C:\NuGetPackages\microsoft.windowsappsdk.foundation\1.8.260203002\lib\net6.0-windows10.0.17763.0\Microsoft.Windows.ApplicationModel.WindowsAppRuntime.Projection.dll
                 Private = 'false'
                 HintPath = 'C:\NuGetPackages\microsoft.windowsappsdk.foundation\1.8.260203002\lib\net6.0-windows10.0.17763.0\Microsoft.Windows.ApplicationModel.WindowsAppRuntime.Projection.dll'
             C:\NuGetPackages\microsoft.windowsappsdk.foundation\1.8.260203002\lib\net6.0-windows10.0.17763.0\Microsoft.Windows.BadgeNotifications.Projection.dll
                 Private = 'false'
                 HintPath = 'C:\NuGetPackages\microsoft.windowsappsdk.foundation\1.8.260203002\lib\net6.0-windows10.0.17763.0\Microsoft.Windows.BadgeNotifications.Projection.dll'
             C:\NuGetPackages\microsoft.windowsappsdk.foundation\1.8.260203002\lib\net6.0-windows10.0.17763.0\Microsoft.Windows.Foundation.Projection.dll
                 Private = 'false'
                 HintPath = 'C:\NuGetPackages\microsoft.windowsappsdk.foundation\1.8.260203002\lib\net6.0-windows10.0.17763.0\Microsoft.Windows.Foundation.Projection.dll'
             C:\NuGetPackages\microsoft.windowsappsdk.foundation\1.8.260203002\lib\net6.0-windows10.0.17763.0\Microsoft.Windows.Management.Deployment.Projection.dll
                 Private = 'false'
                 HintPath = 'C:\NuGetPackages\microsoft.windowsappsdk.foundation\1.8.260203002\lib\net6.0-windows10.0.17763.0\Microsoft.Windows.Management.Deployment.Projection.dll'
             C:\NuGetPackages\microsoft.windowsappsdk.foundation\1.8.260203002\lib\net6.0-windows10.0.17763.0\Microsoft.Windows.Media.Capture.Projection.dll
                 Private = 'false'
                 HintPath = 'C:\NuGetPackages\microsoft.windowsappsdk.foundation\1.8.260203002\lib\net6.0-windows10.0.17763.0\Microsoft.Windows.Media.Capture.Projection.dll'
             C:\NuGetPackages\microsoft.windowsappsdk.foundation\1.8.260203002\lib\net6.0-windows10.0.17763.0\Microsoft.Windows.PushNotifications.Projection.dll
                 Private = 'false'
                 HintPath = 'C:\NuGetPackages\microsoft.windowsappsdk.foundation\1.8.260203002\lib\net6.0-windows10.0.17763.0\Microsoft.Windows.PushNotifications.Projection.dll'
             C:\NuGetPackages\microsoft.windowsappsdk.foundation\1.8.260203002\lib\net6.0-windows10.0.17763.0\Microsoft.Windows.Security.AccessControl.Projection.dll
                 Private = 'false'
                 HintPath = 'C:\NuGetPackages\microsoft.windowsappsdk.foundation\1.8.260203002\lib\net6.0-windows10.0.17763.0\Microsoft.Windows.Security.AccessControl.Projection.dll'
             C:\NuGetPackages\microsoft.windowsappsdk.foundation\1.8.260203002\lib\net6.0-windows10.0.17763.0\Microsoft.Windows.Storage.Pickers.Projection.dll
                 Private = 'false'
                 HintPath = 'C:\NuGetPackages\microsoft.windowsappsdk.foundation\1.8.260203002\lib\net6.0-windows10.0.17763.0\Microsoft.Windows.Storage.Pickers.Projection.dll'
             C:\NuGetPackages\microsoft.windowsappsdk.foundation\1.8.260203002\lib\net6.0-windows10.0.17763.0\Microsoft.Windows.Storage.Projection.dll
                 Private = 'false'
                 HintPath = 'C:\NuGetPackages\microsoft.windowsappsdk.foundation\1.8.260203002\lib\net6.0-windows10.0.17763.0\Microsoft.Windows.Storage.Projection.dll'
             C:\NuGetPackages\microsoft.windowsappsdk.foundation\1.8.260203002\lib\net6.0-windows10.0.17763.0\Microsoft.Windows.System.Power.Projection.dll
                 Private = 'false'
                 HintPath = 'C:\NuGetPackages\microsoft.windowsappsdk.foundation\1.8.260203002\lib\net6.0-windows10.0.17763.0\Microsoft.Windows.System.Power.Projection.dll'
             C:\NuGetPackages\microsoft.windowsappsdk.foundation\1.8.260203002\lib\net6.0-windows10.0.17763.0\Microsoft.Windows.System.Projection.dll
                 Private = 'false'
                 HintPath = 'C:\NuGetPackages\microsoft.windowsappsdk.foundation\1.8.260203002\lib\net6.0-windows10.0.17763.0\Microsoft.Windows.System.Projection.dll'
             C:\NuGetPackages\microsoft.windowsappsdk.foundation\1.8.260203002\lib\net6.0-windows10.0.17763.0\Microsoft.WindowsAppRuntime.Bootstrap.Net.dll
                 Private = 'false'
                 HintPath = 'C:\NuGetPackages\microsoft.windowsappsdk.foundation\1.8.260203002\lib\net6.0-windows10.0.17763.0\Microsoft.WindowsAppRuntime.Bootstrap.Net.dll'
             C:\NuGetPackages\microsoft.windowsappsdk.interactiveexperiences\1.8.260125001\lib\net6.0-windows10.0.18362.0\Microsoft.InteractiveExperiences.Projection.dll
                 Private = 'false'
                 HintPath = 'C:\NuGetPackages\microsoft.windowsappsdk.interactiveexperiences\1.8.260125001\lib\net6.0-windows10.0.18362.0\Microsoft.InteractiveExperiences.Projection.dll'
             C:\NuGetPackages\microsoft.windowsappsdk.ml\1.8.2124\lib\net8.0-windows10.0.17763.0\Microsoft.ML.OnnxRuntime.dll
                 Private = 'false'
                 HintPath = 'C:\NuGetPackages\microsoft.windowsappsdk.ml\1.8.2124\lib\net8.0-windows10.0.17763.0\Microsoft.ML.OnnxRuntime.dll'
             C:\NuGetPackages\microsoft.windowsappsdk.ml\1.8.2124\lib\net8.0-windows10.0.17763.0\Microsoft.Windows.AI.MachineLearning.Projection.dll
                 Private = 'false'
                 HintPath = 'C:\NuGetPackages\microsoft.windowsappsdk.ml\1.8.2124\lib\net8.0-windows10.0.17763.0\Microsoft.Windows.AI.MachineLearning.Projection.dll'
             C:\NuGetPackages\microsoft.windowsappsdk.widgets\1.8.251231004\lib\net6.0-windows10.0.17763.0\Microsoft.Windows.Widgets.Projection.dll
                 Private = 'false'
                 HintPath = 'C:\NuGetPackages\microsoft.windowsappsdk.widgets\1.8.251231004\lib\net6.0-windows10.0.17763.0\Microsoft.Windows.Widgets.Projection.dll'
             C:\NuGetPackages\microsoft.windowsappsdk.winui\1.8.260204000\lib\net6.0-windows10.0.17763.0\Microsoft.WinUI.dll
                 Private = 'false'
                 HintPath = 'C:\NuGetPackages\microsoft.windowsappsdk.winui\1.8.260204000\lib\net6.0-windows10.0.17763.0\Microsoft.WinUI.dll'
             C:\NuGetPackages\sipsorcery\10.0.3\lib\net8.0\SIPSorcery.dll
                 Private = 'false'
                 HintPath = 'C:\NuGetPackages\sipsorcery\10.0.3\lib\net8.0\SIPSorcery.dll'
             C:\NuGetPackages\sipsorcery.websocketsharp\0.0.1\lib\netstandard2.0\websocket-sharp.dll
                 Private = 'false'
                 HintPath = 'C:\NuGetPackages\sipsorcery.websocketsharp\0.0.1\lib\netstandard2.0\websocket-sharp.dll'
             C:\NuGetPackages\sipsorcerymedia.abstractions\8.0.12\lib\net8.0\SIPSorceryMedia.Abstractions.dll
                 Private = 'false'
                 HintPath = 'C:\NuGetPackages\sipsorcerymedia.abstractions\8.0.12\lib\net8.0\SIPSorceryMedia.Abstractions.dll'
             C:\NuGetPackages\system.diagnostics.diagnosticsource\9.0.0\lib\net8.0\System.Diagnostics.DiagnosticSource.dll
                 Private = 'false'
                 HintPath = 'C:\NuGetPackages\system.diagnostics.diagnosticsource\9.0.0\lib\net8.0\System.Diagnostics.DiagnosticSource.dll'
             C:\NuGetPackages\system.numerics.tensors\9.0.0\lib\net8.0\System.Numerics.Tensors.dll
                 Private = 'false'
                 HintPath = 'C:\NuGetPackages\system.numerics.tensors\9.0.0\lib\net8.0\System.Numerics.Tensors.dll'
             C:\Program Files\dotnet\packs\Microsoft.NETCore.App.Ref\8.0.24\ref/net8.0/Microsoft.CSharp.dll
                 Private = 'false'
             C:\Program Files\dotnet\packs\Microsoft.NETCore.App.Ref\8.0.24\ref/net8.0/Microsoft.VisualBasic.Core.dll
                 Private = 'false'
             C:\Program Files\dotnet\packs\Microsoft.NETCore.App.Ref\8.0.24\ref/net8.0/Microsoft.VisualBasic.dll
                 Private = 'false'
             C:\Program Files\dotnet\packs\Microsoft.NETCore.App.Ref\8.0.24\ref/net8.0/Microsoft.Win32.Primitives.dll
                 Private = 'false'
             C:\Program Files\dotnet\packs\Microsoft.NETCore.App.Ref\8.0.24\ref/net8.0/Microsoft.Win32.Registry.dll
                 Private = 'false'
             C:\Program Files\dotnet\packs\Microsoft.NETCore.App.Ref\8.0.24\ref/net8.0/System.AppContext.dll
                 Private = 'false'
             C:\Program Files\dotnet\packs\Microsoft.NETCore.App.Ref\8.0.24\ref/net8.0/System.Buffers.dll
                 Private = 'false'
             C:\Program Files\dotnet\packs\Microsoft.NETCore.App.Ref\8.0.24\ref/net8.0/System.Collections.Concurrent.dll
                 Private = 'false'
             C:\Program Files\dotnet\packs\Microsoft.NETCore.App.Ref\8.0.24\ref/net8.0/System.Collections.Immutable.dll
                 Private = 'false'
             C:\Program Files\dotnet\packs\Microsoft.NETCore.App.Ref\8.0.24\ref/net8.0/System.Collections.NonGeneric.dll
                 Private = 'false'
             C:\Program Files\dotnet\packs\Microsoft.NETCore.App.Ref\8.0.24\ref/net8.0/System.Collections.Specialized.dll
                 Private = 'false'
             C:\Program Files\dotnet\packs\Microsoft.NETCore.App.Ref\8.0.24\ref/net8.0/System.Collections.dll
                 Private = 'false'
             C:\Program Files\dotnet\packs\Microsoft.NETCore.App.Ref\8.0.24\ref/net8.0/System.ComponentModel.Annotations.dll
                 Private = 'false'
             C:\Program Files\dotnet\packs\Microsoft.NETCore.App.Ref\8.0.24\ref/net8.0/System.ComponentModel.DataAnnotations.dll
                 Private = 'false'
             C:\Program Files\dotnet\packs\Microsoft.NETCore.App.Ref\8.0.24\ref/net8.0/System.ComponentModel.EventBasedAsync.dll
                 Private = 'false'
             C:\Program Files\dotnet\packs\Microsoft.NETCore.App.Ref\8.0.24\ref/net8.0/System.ComponentModel.Primitives.dll
                 Private = 'false'
             C:\Program Files\dotnet\packs\Microsoft.NETCore.App.Ref\8.0.24\ref/net8.0/System.ComponentModel.TypeConverter.dll
                 Private = 'false'
             C:\Program Files\dotnet\packs\Microsoft.NETCore.App.Ref\8.0.24\ref/net8.0/System.ComponentModel.dll
                 Private = 'false'
             C:\Program Files\dotnet\packs\Microsoft.NETCore.App.Ref\8.0.24\ref/net8.0/System.Configuration.dll
                 Private = 'false'
             C:\Program Files\dotnet\packs\Microsoft.NETCore.App.Ref\8.0.24\ref/net8.0/System.Console.dll
                 Private = 'false'
             C:\Program Files\dotnet\packs\Microsoft.NETCore.App.Ref\8.0.24\ref/net8.0/System.Core.dll
                 Private = 'false'
             C:\Program Files\dotnet\packs\Microsoft.NETCore.App.Ref\8.0.24\ref/net8.0/System.Data.Common.dll
                 Private = 'false'
             C:\Program Files\dotnet\packs\Microsoft.NETCore.App.Ref\8.0.24\ref/net8.0/System.Data.DataSetExtensions.dll
                 Private = 'false'
             C:\Program Files\dotnet\packs\Microsoft.NETCore.App.Ref\8.0.24\ref/net8.0/System.Data.dll
                 Private = 'false'
             C:\Program Files\dotnet\packs\Microsoft.NETCore.App.Ref\8.0.24\ref/net8.0/System.Diagnostics.Contracts.dll
                 Private = 'false'
             C:\Program Files\dotnet\packs\Microsoft.NETCore.App.Ref\8.0.24\ref/net8.0/System.Diagnostics.Debug.dll
                 Private = 'false'
             C:\Program Files\dotnet\packs\Microsoft.NETCore.App.Ref\8.0.24\ref/net8.0/System.Diagnostics.FileVersionInfo.dll
                 Private = 'false'
             C:\Program Files\dotnet\packs\Microsoft.NETCore.App.Ref\8.0.24\ref/net8.0/System.Diagnostics.Process.dll
                 Private = 'false'
             C:\Program Files\dotnet\packs\Microsoft.NETCore.App.Ref\8.0.24\ref/net8.0/System.Diagnostics.StackTrace.dll
                 Private = 'false'
             C:\Program Files\dotnet\packs\Microsoft.NETCore.App.Ref\8.0.24\ref/net8.0/System.Diagnostics.TextWriterTraceListener.dll
                 Private = 'false'
             C:\Program Files\dotnet\packs\Microsoft.NETCore.App.Ref\8.0.24\ref/net8.0/System.Diagnostics.Tools.dll
                 Private = 'false'
             C:\Program Files\dotnet\packs\Microsoft.NETCore.App.Ref\8.0.24\ref/net8.0/System.Diagnostics.TraceSource.dll
                 Private = 'false'
             C:\Program Files\dotnet\packs\Microsoft.NETCore.App.Ref\8.0.24\ref/net8.0/System.Diagnostics.Tracing.dll
                 Private = 'false'
             C:\Program Files\dotnet\packs\Microsoft.NETCore.App.Ref\8.0.24\ref/net8.0/System.Drawing.Primitives.dll
                 Private = 'false'
             C:\Program Files\dotnet\packs\Microsoft.NETCore.App.Ref\8.0.24\ref/net8.0/System.Drawing.dll
                 Private = 'false'
             C:\Program Files\dotnet\packs\Microsoft.NETCore.App.Ref\8.0.24\ref/net8.0/System.Dynamic.Runtime.dll
                 Private = 'false'
             C:\Program Files\dotnet\packs\Microsoft.NETCore.App.Ref\8.0.24\ref/net8.0/System.Formats.Asn1.dll
                 Private = 'false'
             C:\Program Files\dotnet\packs\Microsoft.NETCore.App.Ref\8.0.24\ref/net8.0/System.Formats.Tar.dll
                 Private = 'false'
             C:\Program Files\dotnet\packs\Microsoft.NETCore.App.Ref\8.0.24\ref/net8.0/System.Globalization.Calendars.dll
                 Private = 'false'
             C:\Program Files\dotnet\packs\Microsoft.NETCore.App.Ref\8.0.24\ref/net8.0/System.Globalization.Extensions.dll
                 Private = 'false'
             C:\Program Files\dotnet\packs\Microsoft.NETCore.App.Ref\8.0.24\ref/net8.0/System.Globalization.dll
                 Private = 'false'
             C:\Program Files\dotnet\packs\Microsoft.NETCore.App.Ref\8.0.24\ref/net8.0/System.IO.Compression.Brotli.dll
                 Private = 'false'
             C:\Program Files\dotnet\packs\Microsoft.NETCore.App.Ref\8.0.24\ref/net8.0/System.IO.Compression.FileSystem.dll
                 Private = 'false'
             C:\Program Files\dotnet\packs\Microsoft.NETCore.App.Ref\8.0.24\ref/net8.0/System.IO.Compression.ZipFile.dll
                 Private = 'false'
             C:\Program Files\dotnet\packs\Microsoft.NETCore.App.Ref\8.0.24\ref/net8.0/System.IO.Compression.dll
                 Private = 'false'
             C:\Program Files\dotnet\packs\Microsoft.NETCore.App.Ref\8.0.24\ref/net8.0/System.IO.FileSystem.AccessControl.dll
                 Private = 'false'
             C:\Program Files\dotnet\packs\Microsoft.NETCore.App.Ref\8.0.24\ref/net8.0/System.IO.FileSystem.DriveInfo.dll
                 Private = 'false'
             C:\Program Files\dotnet\packs\Microsoft.NETCore.App.Ref\8.0.24\ref/net8.0/System.IO.FileSystem.Primitives.dll
                 Private = 'false'
             C:\Program Files\dotnet\packs\Microsoft.NETCore.App.Ref\8.0.24\ref/net8.0/System.IO.FileSystem.Watcher.dll
                 Private = 'false'
             C:\Program Files\dotnet\packs\Microsoft.NETCore.App.Ref\8.0.24\ref/net8.0/System.IO.FileSystem.dll
                 Private = 'false'
             C:\Program Files\dotnet\packs\Microsoft.NETCore.App.Ref\8.0.24\ref/net8.0/System.IO.IsolatedStorage.dll
                 Private = 'false'
             C:\Program Files\dotnet\packs\Microsoft.NETCore.App.Ref\8.0.24\ref/net8.0/System.IO.MemoryMappedFiles.dll
                 Private = 'false'
             C:\Program Files\dotnet\packs\Microsoft.NETCore.App.Ref\8.0.24\ref/net8.0/System.IO.Pipes.AccessControl.dll
                 Private = 'false'
             C:\Program Files\dotnet\packs\Microsoft.NETCore.App.Ref\8.0.24\ref/net8.0/System.IO.Pipes.dll
                 Private = 'false'
             C:\Program Files\dotnet\packs\Microsoft.NETCore.App.Ref\8.0.24\ref/net8.0/System.IO.UnmanagedMemoryStream.dll
                 Private = 'false'
             C:\Program Files\dotnet\packs\Microsoft.NETCore.App.Ref\8.0.24\ref/net8.0/System.IO.dll
                 Private = 'false'
             C:\Program Files\dotnet\packs\Microsoft.NETCore.App.Ref\8.0.24\ref/net8.0/System.Linq.Expressions.dll
                 Private = 'false'
             C:\Program Files\dotnet\packs\Microsoft.NETCore.App.Ref\8.0.24\ref/net8.0/System.Linq.Parallel.dll
                 Private = 'false'
             C:\Program Files\dotnet\packs\Microsoft.NETCore.App.Ref\8.0.24\ref/net8.0/System.Linq.Queryable.dll
                 Private = 'false'
             C:\Program Files\dotnet\packs\Microsoft.NETCore.App.Ref\8.0.24\ref/net8.0/System.Linq.dll
                 Private = 'false'
             C:\Program Files\dotnet\packs\Microsoft.NETCore.App.Ref\8.0.24\ref/net8.0/System.Memory.dll
                 Private = 'false'
             C:\Program Files\dotnet\packs\Microsoft.NETCore.App.Ref\8.0.24\ref/net8.0/System.Net.Http.Json.dll
                 Private = 'false'
             C:\Program Files\dotnet\packs\Microsoft.NETCore.App.Ref\8.0.24\ref/net8.0/System.Net.Http.dll
                 Private = 'false'
             C:\Program Files\dotnet\packs\Microsoft.NETCore.App.Ref\8.0.24\ref/net8.0/System.Net.HttpListener.dll
                 Private = 'false'
             C:\Program Files\dotnet\packs\Microsoft.NETCore.App.Ref\8.0.24\ref/net8.0/System.Net.Mail.dll
                 Private = 'false'
             C:\Program Files\dotnet\packs\Microsoft.NETCore.App.Ref\8.0.24\ref/net8.0/System.Net.NameResolution.dll
                 Private = 'false'
             C:\Program Files\dotnet\packs\Microsoft.NETCore.App.Ref\8.0.24\ref/net8.0/System.Net.NetworkInformation.dll
                 Private = 'false'
             C:\Program Files\dotnet\packs\Microsoft.NETCore.App.Ref\8.0.24\ref/net8.0/System.Net.Ping.dll
                 Private = 'false'
             C:\Program Files\dotnet\packs\Microsoft.NETCore.App.Ref\8.0.24\ref/net8.0/System.Net.Primitives.dll
                 Private = 'false'
             C:\Program Files\dotnet\packs\Microsoft.NETCore.App.Ref\8.0.24\ref/net8.0/System.Net.Quic.dll
                 Private = 'false'
             C:\Program Files\dotnet\packs\Microsoft.NETCore.App.Ref\8.0.24\ref/net8.0/System.Net.Requests.dll
                 Private = 'false'
             C:\Program Files\dotnet\packs\Microsoft.NETCore.App.Ref\8.0.24\ref/net8.0/System.Net.Security.dll
                 Private = 'false'
             C:\Program Files\dotnet\packs\Microsoft.NETCore.App.Ref\8.0.24\ref/net8.0/System.Net.ServicePoint.dll
                 Private = 'false'
             C:\Program Files\dotnet\packs\Microsoft.NETCore.App.Ref\8.0.24\ref/net8.0/System.Net.Sockets.dll
                 Private = 'false'
             C:\Program Files\dotnet\packs\Microsoft.NETCore.App.Ref\8.0.24\ref/net8.0/System.Net.WebClient.dll
                 Private = 'false'
             C:\Program Files\dotnet\packs\Microsoft.NETCore.App.Ref\8.0.24\ref/net8.0/System.Net.WebHeaderCollection.dll
                 Private = 'false'
             C:\Program Files\dotnet\packs\Microsoft.NETCore.App.Ref\8.0.24\ref/net8.0/System.Net.WebProxy.dll
                 Private = 'false'
             C:\Program Files\dotnet\packs\Microsoft.NETCore.App.Ref\8.0.24\ref/net8.0/System.Net.WebSockets.Client.dll
                 Private = 'false'
             C:\Program Files\dotnet\packs\Microsoft.NETCore.App.Ref\8.0.24\ref/net8.0/System.Net.WebSockets.dll
                 Private = 'false'
             C:\Program Files\dotnet\packs\Microsoft.NETCore.App.Ref\8.0.24\ref/net8.0/System.Net.dll
                 Private = 'false'
             C:\Program Files\dotnet\packs\Microsoft.NETCore.App.Ref\8.0.24\ref/net8.0/System.Numerics.Vectors.dll
                 Private = 'false'
             C:\Program Files\dotnet\packs\Microsoft.NETCore.App.Ref\8.0.24\ref/net8.0/System.Numerics.dll
                 Private = 'false'
             C:\Program Files\dotnet\packs\Microsoft.NETCore.App.Ref\8.0.24\ref/net8.0/System.ObjectModel.dll
                 Private = 'false'
             C:\Program Files\dotnet\packs\Microsoft.NETCore.App.Ref\8.0.24\ref/net8.0/System.Reflection.DispatchProxy.dll
                 Private = 'false'
             C:\Program Files\dotnet\packs\Microsoft.NETCore.App.Ref\8.0.24\ref/net8.0/System.Reflection.Emit.ILGeneration.dll
                 Private = 'false'
             C:\Program Files\dotnet\packs\Microsoft.NETCore.App.Ref\8.0.24\ref/net8.0/System.Reflection.Emit.Lightweight.dll
                 Private = 'false'
             C:\Program Files\dotnet\packs\Microsoft.NETCore.App.Ref\8.0.24\ref/net8.0/System.Reflection.Emit.dll
                 Private = 'false'
             C:\Program Files\dotnet\packs\Microsoft.NETCore.App.Ref\8.0.24\ref/net8.0/System.Reflection.Extensions.dll
                 Private = 'false'
             C:\Program Files\dotnet\packs\Microsoft.NETCore.App.Ref\8.0.24\ref/net8.0/System.Reflection.Metadata.dll
                 Private = 'false'
             C:\Program Files\dotnet\packs\Microsoft.NETCore.App.Ref\8.0.24\ref/net8.0/System.Reflection.Primitives.dll
                 Private = 'false'
             C:\Program Files\dotnet\packs\Microsoft.NETCore.App.Ref\8.0.24\ref/net8.0/System.Reflection.TypeExtensions.dll
                 Private = 'false'
             C:\Program Files\dotnet\packs\Microsoft.NETCore.App.Ref\8.0.24\ref/net8.0/System.Reflection.dll
                 Private = 'false'
             C:\Program Files\dotnet\packs\Microsoft.NETCore.App.Ref\8.0.24\ref/net8.0/System.Resources.Reader.dll
                 Private = 'false'
             C:\Program Files\dotnet\packs\Microsoft.NETCore.App.Ref\8.0.24\ref/net8.0/System.Resources.ResourceManager.dll
                 Private = 'false'
             C:\Program Files\dotnet\packs\Microsoft.NETCore.App.Ref\8.0.24\ref/net8.0/System.Resources.Writer.dll
                 Private = 'false'
             C:\Program Files\dotnet\packs\Microsoft.NETCore.App.Ref\8.0.24\ref/net8.0/System.Runtime.CompilerServices.Unsafe.dll
                 Private = 'false'
             C:\Program Files\dotnet\packs\Microsoft.NETCore.App.Ref\8.0.24\ref/net8.0/System.Runtime.CompilerServices.VisualC.dll
                 Private = 'false'
             C:\Program Files\dotnet\packs\Microsoft.NETCore.App.Ref\8.0.24\ref/net8.0/System.Runtime.Extensions.dll
                 Private = 'false'
             C:\Program Files\dotnet\packs\Microsoft.NETCore.App.Ref\8.0.24\ref/net8.0/System.Runtime.Handles.dll
                 Private = 'false'
             C:\Program Files\dotnet\packs\Microsoft.NETCore.App.Ref\8.0.24\ref/net8.0/System.Runtime.InteropServices.JavaScript.dll
                 Private = 'false'
             C:\Program Files\dotnet\packs\Microsoft.NETCore.App.Ref\8.0.24\ref/net8.0/System.Runtime.InteropServices.RuntimeInformation.dll
                 Private = 'false'
             C:\Program Files\dotnet\packs\Microsoft.NETCore.App.Ref\8.0.24\ref/net8.0/System.Runtime.InteropServices.dll
                 Private = 'false'
             C:\Program Files\dotnet\packs\Microsoft.NETCore.App.Ref\8.0.24\ref/net8.0/System.Runtime.Intrinsics.dll
                 Private = 'false'
             C:\Program Files\dotnet\packs\Microsoft.NETCore.App.Ref\8.0.24\ref/net8.0/System.Runtime.Loader.dll
                 Private = 'false'
             C:\Program Files\dotnet\packs\Microsoft.NETCore.App.Ref\8.0.24\ref/net8.0/System.Runtime.Numerics.dll
                 Private = 'false'
             C:\Program Files\dotnet\packs\Microsoft.NETCore.App.Ref\8.0.24\ref/net8.0/System.Runtime.Serialization.Formatters.dll
                 Private = 'false'
             C:\Program Files\dotnet\packs\Microsoft.NETCore.App.Ref\8.0.24\ref/net8.0/System.Runtime.Serialization.Json.dll
                 Private = 'false'
             C:\Program Files\dotnet\packs\Microsoft.NETCore.App.Ref\8.0.24\ref/net8.0/System.Runtime.Serialization.Primitives.dll
                 Private = 'false'
             C:\Program Files\dotnet\packs\Microsoft.NETCore.App.Ref\8.0.24\ref/net8.0/System.Runtime.Serialization.Xml.dll
                 Private = 'false'
             C:\Program Files\dotnet\packs\Microsoft.NETCore.App.Ref\8.0.24\ref/net8.0/System.Runtime.Serialization.dll
                 Private = 'false'
             C:\Program Files\dotnet\packs\Microsoft.NETCore.App.Ref\8.0.24\ref/net8.0/System.Runtime.dll
                 Private = 'false'
             C:\Program Files\dotnet\packs\Microsoft.NETCore.App.Ref\8.0.24\ref/net8.0/System.Security.AccessControl.dll
                 Private = 'false'
             C:\Program Files\dotnet\packs\Microsoft.NETCore.App.Ref\8.0.24\ref/net8.0/System.Security.Claims.dll
                 Private = 'false'
             C:\Program Files\dotnet\packs\Microsoft.NETCore.App.Ref\8.0.24\ref/net8.0/System.Security.Cryptography.Algorithms.dll
                 Private = 'false'
             C:\Program Files\dotnet\packs\Microsoft.NETCore.App.Ref\8.0.24\ref/net8.0/System.Security.Cryptography.Cng.dll
                 Private = 'false'
             C:\Program Files\dotnet\packs\Microsoft.NETCore.App.Ref\8.0.24\ref/net8.0/System.Security.Cryptography.Csp.dll
                 Private = 'false'
             C:\Program Files\dotnet\packs\Microsoft.NETCore.App.Ref\8.0.24\ref/net8.0/System.Security.Cryptography.Encoding.dll
                 Private = 'false'
             C:\Program Files\dotnet\packs\Microsoft.NETCore.App.Ref\8.0.24\ref/net8.0/System.Security.Cryptography.OpenSsl.dll
                 Private = 'false'
             C:\Program Files\dotnet\packs\Microsoft.NETCore.App.Ref\8.0.24\ref/net8.0/System.Security.Cryptography.Primitives.dll
                 Private = 'false'
             C:\Program Files\dotnet\packs\Microsoft.NETCore.App.Ref\8.0.24\ref/net8.0/System.Security.Cryptography.X509Certificates.dll
                 Private = 'false'
             C:\Program Files\dotnet\packs\Microsoft.NETCore.App.Ref\8.0.24\ref/net8.0/System.Security.Cryptography.dll
                 Private = 'false'
             C:\Program Files\dotnet\packs\Microsoft.NETCore.App.Ref\8.0.24\ref/net8.0/System.Security.Principal.Windows.dll
                 Private = 'false'
             C:\Program Files\dotnet\packs\Microsoft.NETCore.App.Ref\8.0.24\ref/net8.0/System.Security.Principal.dll
                 Private = 'false'
             C:\Program Files\dotnet\packs\Microsoft.NETCore.App.Ref\8.0.24\ref/net8.0/System.Security.SecureString.dll
                 Private = 'false'
             C:\Program Files\dotnet\packs\Microsoft.NETCore.App.Ref\8.0.24\ref/net8.0/System.Security.dll
                 Private = 'false'
             C:\Program Files\dotnet\packs\Microsoft.NETCore.App.Ref\8.0.24\ref/net8.0/System.ServiceModel.Web.dll
                 Private = 'false'
             C:\Program Files\dotnet\packs\Microsoft.NETCore.App.Ref\8.0.24\ref/net8.0/System.ServiceProcess.dll
                 Private = 'false'
             C:\Program Files\dotnet\packs\Microsoft.NETCore.App.Ref\8.0.24\ref/net8.0/System.Text.Encoding.CodePages.dll
                 Private = 'false'
             C:\Program Files\dotnet\packs\Microsoft.NETCore.App.Ref\8.0.24\ref/net8.0/System.Text.Encoding.Extensions.dll
                 Private = 'false'
             C:\Program Files\dotnet\packs\Microsoft.NETCore.App.Ref\8.0.24\ref/net8.0/System.Text.Encoding.dll
                 Private = 'false'
             C:\Program Files\dotnet\packs\Microsoft.NETCore.App.Ref\8.0.24\ref/net8.0/System.Text.Encodings.Web.dll
                 Private = 'false'
             C:\Program Files\dotnet\packs\Microsoft.NETCore.App.Ref\8.0.24\ref/net8.0/System.Text.Json.dll
                 Private = 'false'
             C:\Program Files\dotnet\packs\Microsoft.NETCore.App.Ref\8.0.24\ref/net8.0/System.Text.RegularExpressions.dll
                 Private = 'false'
             C:\Program Files\dotnet\packs\Microsoft.NETCore.App.Ref\8.0.24\ref/net8.0/System.Threading.Channels.dll
                 Private = 'false'
             C:\Program Files\dotnet\packs\Microsoft.NETCore.App.Ref\8.0.24\ref/net8.0/System.Threading.Overlapped.dll
                 Private = 'false'
             C:\Program Files\dotnet\packs\Microsoft.NETCore.App.Ref\8.0.24\ref/net8.0/System.Threading.Tasks.Dataflow.dll
                 Private = 'false'
             C:\Program Files\dotnet\packs\Microsoft.NETCore.App.Ref\8.0.24\ref/net8.0/System.Threading.Tasks.Extensions.dll
                 Private = 'false'
             C:\Program Files\dotnet\packs\Microsoft.NETCore.App.Ref\8.0.24\ref/net8.0/System.Threading.Tasks.Parallel.dll
                 Private = 'false'
             C:\Program Files\dotnet\packs\Microsoft.NETCore.App.Ref\8.0.24\ref/net8.0/System.Threading.Tasks.dll
                 Private = 'false'
             C:\Program Files\dotnet\packs\Microsoft.NETCore.App.Ref\8.0.24\ref/net8.0/System.Threading.Thread.dll
                 Private = 'false'
             C:\Program Files\dotnet\packs\Microsoft.NETCore.App.Ref\8.0.24\ref/net8.0/System.Threading.ThreadPool.dll
                 Private = 'false'
             C:\Program Files\dotnet\packs\Microsoft.NETCore.App.Ref\8.0.24\ref/net8.0/System.Threading.Timer.dll
                 Private = 'false'
             C:\Program Files\dotnet\packs\Microsoft.NETCore.App.Ref\8.0.24\ref/net8.0/System.Threading.dll
                 Private = 'false'
             C:\Program Files\dotnet\packs\Microsoft.NETCore.App.Ref\8.0.24\ref/net8.0/System.Transactions.Local.dll
                 Private = 'false'
             C:\Program Files\dotnet\packs\Microsoft.NETCore.App.Ref\8.0.24\ref/net8.0/System.Transactions.dll
                 Private = 'false'
             C:\Program Files\dotnet\packs\Microsoft.NETCore.App.Ref\8.0.24\ref/net8.0/System.ValueTuple.dll
                 Private = 'false'
             C:\Program Files\dotnet\packs\Microsoft.NETCore.App.Ref\8.0.24\ref/net8.0/System.Web.HttpUtility.dll
                 Private = 'false'
             C:\Program Files\dotnet\packs\Microsoft.NETCore.App.Ref\8.0.24\ref/net8.0/System.Web.dll
                 Private = 'false'
             C:\Program Files\dotnet\packs\Microsoft.NETCore.App.Ref\8.0.24\ref/net8.0/System.Windows.dll
                 Private = 'false'
             C:\Program Files\dotnet\packs\Microsoft.NETCore.App.Ref\8.0.24\ref/net8.0/System.Xml.Linq.dll
                 Private = 'false'
             C:\Program Files\dotnet\packs\Microsoft.NETCore.App.Ref\8.0.24\ref/net8.0/System.Xml.ReaderWriter.dll
                 Private = 'false'
             C:\Program Files\dotnet\packs\Microsoft.NETCore.App.Ref\8.0.24\ref/net8.0/System.Xml.Serialization.dll
                 Private = 'false'
             C:\Program Files\dotnet\packs\Microsoft.NETCore.App.Ref\8.0.24\ref/net8.0/System.Xml.XDocument.dll
                 Private = 'false'
             C:\Program Files\dotnet\packs\Microsoft.NETCore.App.Ref\8.0.24\ref/net8.0/System.Xml.XPath.XDocument.dll
                 Private = 'false'
             C:\Program Files\dotnet\packs\Microsoft.NETCore.App.Ref\8.0.24\ref/net8.0/System.Xml.XPath.dll
                 Private = 'false'
             C:\Program Files\dotnet\packs\Microsoft.NETCore.App.Ref\8.0.24\ref/net8.0/System.Xml.XmlDocument.dll
                 Private = 'false'
             C:\Program Files\dotnet\packs\Microsoft.NETCore.App.Ref\8.0.24\ref/net8.0/System.Xml.XmlSerializer.dll
                 Private = 'false'
             C:\Program Files\dotnet\packs\Microsoft.NETCore.App.Ref\8.0.24\ref/net8.0/System.Xml.dll
                 Private = 'false'
             C:\Program Files\dotnet\packs\Microsoft.NETCore.App.Ref\8.0.24\ref/net8.0/System.dll
                 Private = 'false'
             C:\Program Files\dotnet\packs\Microsoft.NETCore.App.Ref\8.0.24\ref/net8.0/WindowsBase.dll
                 Private = 'false'
             C:\Program Files\dotnet\packs\Microsoft.NETCore.App.Ref\8.0.24\ref/net8.0/mscorlib.dll
                 Private = 'false'
             C:\Program Files\dotnet\packs\Microsoft.NETCore.App.Ref\8.0.24\ref/net8.0/netstandard.dll
                 Private = 'false'
             C:\NuGetPackages\microsoft.windows.sdk.net.ref\10.0.19041.57\lib/net8.0/Microsoft.Windows.SDK.NET.dll
                 Private = 'false'
             C:\NuGetPackages\microsoft.windows.sdk.net.ref\10.0.19041.57\lib/net8.0/WinRT.Runtime.dll
                 Private = 'false'
             C:\Program Files\dotnet\packs\Microsoft.AspNetCore.App.Ref\8.0.24\ref\net8.0\Microsoft.AspNetCore.Antiforgery.dll
                 Private = 'false'
             C:\Program Files\dotnet\packs\Microsoft.AspNetCore.App.Ref\8.0.24\ref\net8.0\Microsoft.AspNetCore.Authentication.Abstractions.dll
                 Private = 'false'
             C:\Program Files\dotnet\packs\Microsoft.AspNetCore.App.Ref\8.0.24\ref\net8.0\Microsoft.AspNetCore.Authentication.BearerToken.dll
                 Private = 'false'
             C:\Program Files\dotnet\packs\Microsoft.AspNetCore.App.Ref\8.0.24\ref\net8.0\Microsoft.AspNetCore.Authentication.Cookies.dll
                 Private = 'false'
             C:\Program Files\dotnet\packs\Microsoft.AspNetCore.App.Ref\8.0.24\ref\net8.0\Microsoft.AspNetCore.Authentication.Core.dll
                 Private = 'false'
             C:\Program Files\dotnet\packs\Microsoft.AspNetCore.App.Ref\8.0.24\ref\net8.0\Microsoft.AspNetCore.Authentication.OAuth.dll
                 Private = 'false'
             C:\Program Files\dotnet\packs\Microsoft.AspNetCore.App.Ref\8.0.24\ref\net8.0\Microsoft.AspNetCore.Authentication.dll
                 Private = 'false'
             C:\Program Files\dotnet\packs\Microsoft.AspNetCore.App.Ref\8.0.24\ref\net8.0\Microsoft.AspNetCore.Authorization.Policy.dll
                 Private = 'false'
             C:\Program Files\dotnet\packs\Microsoft.AspNetCore.App.Ref\8.0.24\ref\net8.0\Microsoft.AspNetCore.Authorization.dll
                 Private = 'false'
             C:\Program Files\dotnet\packs\Microsoft.AspNetCore.App.Ref\8.0.24\ref\net8.0\Microsoft.AspNetCore.Components.Authorization.dll
                 Private = 'false'
             C:\Program Files\dotnet\packs\Microsoft.AspNetCore.App.Ref\8.0.24\ref\net8.0\Microsoft.AspNetCore.Components.Endpoints.dll
                 Private = 'false'
             C:\Program Files\dotnet\packs\Microsoft.AspNetCore.App.Ref\8.0.24\ref\net8.0\Microsoft.AspNetCore.Components.Forms.dll
                 Private = 'false'
             C:\Program Files\dotnet\packs\Microsoft.AspNetCore.App.Ref\8.0.24\ref\net8.0\Microsoft.AspNetCore.Components.Server.dll
                 Private = 'false'
             C:\Program Files\dotnet\packs\Microsoft.AspNetCore.App.Ref\8.0.24\ref\net8.0\Microsoft.AspNetCore.Components.Web.dll
                 Private = 'false'
             C:\Program Files\dotnet\packs\Microsoft.AspNetCore.App.Ref\8.0.24\ref\net8.0\Microsoft.AspNetCore.Components.dll
                 Private = 'false'
             C:\Program Files\dotnet\packs\Microsoft.AspNetCore.App.Ref\8.0.24\ref\net8.0\Microsoft.AspNetCore.Connections.Abstractions.dll
                 Private = 'false'
             C:\Program Files\dotnet\packs\Microsoft.AspNetCore.App.Ref\8.0.24\ref\net8.0\Microsoft.AspNetCore.CookiePolicy.dll
                 Private = 'false'
             C:\Program Files\dotnet\packs\Microsoft.AspNetCore.App.Ref\8.0.24\ref\net8.0\Microsoft.AspNetCore.Cors.dll
                 Private = 'false'
             C:\Program Files\dotnet\packs\Microsoft.AspNetCore.App.Ref\8.0.24\ref\net8.0\Microsoft.AspNetCore.Cryptography.Internal.dll
                 Private = 'false'
             C:\Program Files\dotnet\packs\Microsoft.AspNetCore.App.Ref\8.0.24\ref\net8.0\Microsoft.AspNetCore.Cryptography.KeyDerivation.dll
                 Private = 'false'
             C:\Program Files\dotnet\packs\Microsoft.AspNetCore.App.Ref\8.0.24\ref\net8.0\Microsoft.AspNetCore.DataProtection.Abstractions.dll
                 Private = 'false'
             C:\Program Files\dotnet\packs\Microsoft.AspNetCore.App.Ref\8.0.24\ref\net8.0\Microsoft.AspNetCore.DataProtection.Extensions.dll
                 Private = 'false'
             C:\Program Files\dotnet\packs\Microsoft.AspNetCore.App.Ref\8.0.24\ref\net8.0\Microsoft.AspNetCore.DataProtection.dll
                 Private = 'false'
             C:\Program Files\dotnet\packs\Microsoft.AspNetCore.App.Ref\8.0.24\ref\net8.0\Microsoft.AspNetCore.Diagnostics.Abstractions.dll
                 Private = 'false'
             C:\Program Files\dotnet\packs\Microsoft.AspNetCore.App.Ref\8.0.24\ref\net8.0\Microsoft.AspNetCore.Diagnostics.HealthChecks.dll
                 Private = 'false'
             C:\Program Files\dotnet\packs\Microsoft.AspNetCore.App.Ref\8.0.24\ref\net8.0\Microsoft.AspNetCore.Diagnostics.dll
                 Private = 'false'
             C:\Program Files\dotnet\packs\Microsoft.AspNetCore.App.Ref\8.0.24\ref\net8.0\Microsoft.AspNetCore.HostFiltering.dll
                 Private = 'false'
             C:\Program Files\dotnet\packs\Microsoft.AspNetCore.App.Ref\8.0.24\ref\net8.0\Microsoft.AspNetCore.Hosting.Abstractions.dll
                 Private = 'false'
             C:\Program Files\dotnet\packs\Microsoft.AspNetCore.App.Ref\8.0.24\ref\net8.0\Microsoft.AspNetCore.Hosting.Server.Abstractions.dll
                 Private = 'false'
             C:\Program Files\dotnet\packs\Microsoft.AspNetCore.App.Ref\8.0.24\ref\net8.0\Microsoft.AspNetCore.Hosting.dll
                 Private = 'false'
             C:\Program Files\dotnet\packs\Microsoft.AspNetCore.App.Ref\8.0.24\ref\net8.0\Microsoft.AspNetCore.Html.Abstractions.dll
                 Private = 'false'
             C:\Program Files\dotnet\packs\Microsoft.AspNetCore.App.Ref\8.0.24\ref\net8.0\Microsoft.AspNetCore.Http.Abstractions.dll
                 Private = 'false'
             C:\Program Files\dotnet\packs\Microsoft.AspNetCore.App.Ref\8.0.24\ref\net8.0\Microsoft.AspNetCore.Http.Connections.Common.dll
                 Private = 'false'
             C:\Program Files\dotnet\packs\Microsoft.AspNetCore.App.Ref\8.0.24\ref\net8.0\Microsoft.AspNetCore.Http.Connections.dll
                 Private = 'false'
             C:\Program Files\dotnet\packs\Microsoft.AspNetCore.App.Ref\8.0.24\ref\net8.0\Microsoft.AspNetCore.Http.Extensions.dll
                 Private = 'false'
             C:\Program Files\dotnet\packs\Microsoft.AspNetCore.App.Ref\8.0.24\ref\net8.0\Microsoft.AspNetCore.Http.Features.dll
                 Private = 'false'
             C:\Program Files\dotnet\packs\Microsoft.AspNetCore.App.Ref\8.0.24\ref\net8.0\Microsoft.AspNetCore.Http.Results.dll
                 Private = 'false'
             C:\Program Files\dotnet\packs\Microsoft.AspNetCore.App.Ref\8.0.24\ref\net8.0\Microsoft.AspNetCore.Http.dll
                 Private = 'false'
             C:\Program Files\dotnet\packs\Microsoft.AspNetCore.App.Ref\8.0.24\ref\net8.0\Microsoft.AspNetCore.HttpLogging.dll
                 Private = 'false'
             C:\Program Files\dotnet\packs\Microsoft.AspNetCore.App.Ref\8.0.24\ref\net8.0\Microsoft.AspNetCore.HttpOverrides.dll
                 Private = 'false'
             C:\Program Files\dotnet\packs\Microsoft.AspNetCore.App.Ref\8.0.24\ref\net8.0\Microsoft.AspNetCore.HttpsPolicy.dll
                 Private = 'false'
             C:\Program Files\dotnet\packs\Microsoft.AspNetCore.App.Ref\8.0.24\ref\net8.0\Microsoft.AspNetCore.Identity.dll
                 Private = 'false'
             C:\Program Files\dotnet\packs\Microsoft.AspNetCore.App.Ref\8.0.24\ref\net8.0\Microsoft.AspNetCore.Localization.Routing.dll
                 Private = 'false'
             C:\Program Files\dotnet\packs\Microsoft.AspNetCore.App.Ref\8.0.24\ref\net8.0\Microsoft.AspNetCore.Localization.dll
                 Private = 'false'
             C:\Program Files\dotnet\packs\Microsoft.AspNetCore.App.Ref\8.0.24\ref\net8.0\Microsoft.AspNetCore.Metadata.dll
                 Private = 'false'
             C:\Program Files\dotnet\packs\Microsoft.AspNetCore.App.Ref\8.0.24\ref\net8.0\Microsoft.AspNetCore.Mvc.Abstractions.dll
                 Private = 'false'
             C:\Program Files\dotnet\packs\Microsoft.AspNetCore.App.Ref\8.0.24\ref\net8.0\Microsoft.AspNetCore.Mvc.ApiExplorer.dll
                 Private = 'false'
             C:\Program Files\dotnet\packs\Microsoft.AspNetCore.App.Ref\8.0.24\ref\net8.0\Microsoft.AspNetCore.Mvc.Core.dll
                 Private = 'false'
             C:\Program Files\dotnet\packs\Microsoft.AspNetCore.App.Ref\8.0.24\ref\net8.0\Microsoft.AspNetCore.Mvc.Cors.dll
                 Private = 'false'
             C:\Program Files\dotnet\packs\Microsoft.AspNetCore.App.Ref\8.0.24\ref\net8.0\Microsoft.AspNetCore.Mvc.DataAnnotations.dll
                 Private = 'false'
             C:\Program Files\dotnet\packs\Microsoft.AspNetCore.App.Ref\8.0.24\ref\net8.0\Microsoft.AspNetCore.Mvc.Formatters.Json.dll
                 Private = 'false'
             C:\Program Files\dotnet\packs\Microsoft.AspNetCore.App.Ref\8.0.24\ref\net8.0\Microsoft.AspNetCore.Mvc.Formatters.Xml.dll
                 Private = 'false'
             C:\Program Files\dotnet\packs\Microsoft.AspNetCore.App.Ref\8.0.24\ref\net8.0\Microsoft.AspNetCore.Mvc.Localization.dll
                 Private = 'false'
             C:\Program Files\dotnet\packs\Microsoft.AspNetCore.App.Ref\8.0.24\ref\net8.0\Microsoft.AspNetCore.Mvc.Razor.dll
                 Private = 'false'
             C:\Program Files\dotnet\packs\Microsoft.AspNetCore.App.Ref\8.0.24\ref\net8.0\Microsoft.AspNetCore.Mvc.RazorPages.dll
                 Private = 'false'
             C:\Program Files\dotnet\packs\Microsoft.AspNetCore.App.Ref\8.0.24\ref\net8.0\Microsoft.AspNetCore.Mvc.TagHelpers.dll
                 Private = 'false'
             C:\Program Files\dotnet\packs\Microsoft.AspNetCore.App.Ref\8.0.24\ref\net8.0\Microsoft.AspNetCore.Mvc.ViewFeatures.dll
                 Private = 'false'
             C:\Program Files\dotnet\packs\Microsoft.AspNetCore.App.Ref\8.0.24\ref\net8.0\Microsoft.AspNetCore.Mvc.dll
                 Private = 'false'
             C:\Program Files\dotnet\packs\Microsoft.AspNetCore.App.Ref\8.0.24\ref\net8.0\Microsoft.AspNetCore.OutputCaching.dll
                 Private = 'false'
             C:\Program Files\dotnet\packs\Microsoft.AspNetCore.App.Ref\8.0.24\ref\net8.0\Microsoft.AspNetCore.RateLimiting.dll
                 Private = 'false'
             C:\Program Files\dotnet\packs\Microsoft.AspNetCore.App.Ref\8.0.24\ref\net8.0\Microsoft.AspNetCore.Razor.Runtime.dll
                 Private = 'false'
             C:\Program Files\dotnet\packs\Microsoft.AspNetCore.App.Ref\8.0.24\ref\net8.0\Microsoft.AspNetCore.Razor.dll
                 Private = 'false'
             C:\Program Files\dotnet\packs\Microsoft.AspNetCore.App.Ref\8.0.24\ref\net8.0\Microsoft.AspNetCore.RequestDecompression.dll
                 Private = 'false'
             C:\Program Files\dotnet\packs\Microsoft.AspNetCore.App.Ref\8.0.24\ref\net8.0\Microsoft.AspNetCore.ResponseCaching.Abstractions.dll
                 Private = 'false'
             C:\Program Files\dotnet\packs\Microsoft.AspNetCore.App.Ref\8.0.24\ref\net8.0\Microsoft.AspNetCore.ResponseCaching.dll
                 Private = 'false'
             C:\Program Files\dotnet\packs\Microsoft.AspNetCore.App.Ref\8.0.24\ref\net8.0\Microsoft.AspNetCore.ResponseCompression.dll
                 Private = 'false'
             C:\Program Files\dotnet\packs\Microsoft.AspNetCore.App.Ref\8.0.24\ref\net8.0\Microsoft.AspNetCore.Rewrite.dll
                 Private = 'false'
             C:\Program Files\dotnet\packs\Microsoft.AspNetCore.App.Ref\8.0.24\ref\net8.0\Microsoft.AspNetCore.Routing.Abstractions.dll
                 Private = 'false'
             C:\Program Files\dotnet\packs\Microsoft.AspNetCore.App.Ref\8.0.24\ref\net8.0\Microsoft.AspNetCore.Routing.dll
                 Private = 'false'
             C:\Program Files\dotnet\packs\Microsoft.AspNetCore.App.Ref\8.0.24\ref\net8.0\Microsoft.AspNetCore.Server.HttpSys.dll
                 Private = 'false'
             C:\Program Files\dotnet\packs\Microsoft.AspNetCore.App.Ref\8.0.24\ref\net8.0\Microsoft.AspNetCore.Server.IIS.dll
                 Private = 'false'
             C:\Program Files\dotnet\packs\Microsoft.AspNetCore.App.Ref\8.0.24\ref\net8.0\Microsoft.AspNetCore.Server.IISIntegration.dll
                 Private = 'false'
             C:\Program Files\dotnet\packs\Microsoft.AspNetCore.App.Ref\8.0.24\ref\net8.0\Microsoft.AspNetCore.Server.Kestrel.Core.dll
                 Private = 'false'
             C:\Program Files\dotnet\packs\Microsoft.AspNetCore.App.Ref\8.0.24\ref\net8.0\Microsoft.AspNetCore.Server.Kestrel.Transport.NamedPipes.dll
                 Private = 'false'
             C:\Program Files\dotnet\packs\Microsoft.AspNetCore.App.Ref\8.0.24\ref\net8.0\Microsoft.AspNetCore.Server.Kestrel.Transport.Quic.dll
                 Private = 'false'
             C:\Program Files\dotnet\packs\Microsoft.AspNetCore.App.Ref\8.0.24\ref\net8.0\Microsoft.AspNetCore.Server.Kestrel.Transport.Sockets.dll
                 Private = 'false'
             C:\Program Files\dotnet\packs\Microsoft.AspNetCore.App.Ref\8.0.24\ref\net8.0\Microsoft.AspNetCore.Server.Kestrel.dll
                 Private = 'false'
             C:\Program Files\dotnet\packs\Microsoft.AspNetCore.App.Ref\8.0.24\ref\net8.0\Microsoft.AspNetCore.Session.dll
                 Private = 'false'
             C:\Program Files\dotnet\packs\Microsoft.AspNetCore.App.Ref\8.0.24\ref\net8.0\Microsoft.AspNetCore.SignalR.Common.dll
                 Private = 'false'
             C:\Program Files\dotnet\packs\Microsoft.AspNetCore.App.Ref\8.0.24\ref\net8.0\Microsoft.AspNetCore.SignalR.Core.dll
                 Private = 'false'
             C:\Program Files\dotnet\packs\Microsoft.AspNetCore.App.Ref\8.0.24\ref\net8.0\Microsoft.AspNetCore.SignalR.Protocols.Json.dll
                 Private = 'false'
             C:\Program Files\dotnet\packs\Microsoft.AspNetCore.App.Ref\8.0.24\ref\net8.0\Microsoft.AspNetCore.SignalR.dll
                 Private = 'false'
             C:\Program Files\dotnet\packs\Microsoft.AspNetCore.App.Ref\8.0.24\ref\net8.0\Microsoft.AspNetCore.StaticFiles.dll
                 Private = 'false'
             C:\Program Files\dotnet\packs\Microsoft.AspNetCore.App.Ref\8.0.24\ref\net8.0\Microsoft.AspNetCore.WebSockets.dll
                 Private = 'false'
             C:\Program Files\dotnet\packs\Microsoft.AspNetCore.App.Ref\8.0.24\ref\net8.0\Microsoft.AspNetCore.WebUtilities.dll
                 Private = 'false'
             C:\Program Files\dotnet\packs\Microsoft.AspNetCore.App.Ref\8.0.24\ref\net8.0\Microsoft.AspNetCore.dll
                 Private = 'false'
             C:\Program Files\dotnet\packs\Microsoft.AspNetCore.App.Ref\8.0.24\ref\net8.0\Microsoft.Extensions.Caching.Abstractions.dll
                 Private = 'false'
             C:\Program Files\dotnet\packs\Microsoft.AspNetCore.App.Ref\8.0.24\ref\net8.0\Microsoft.Extensions.Caching.Memory.dll
                 Private = 'false'
             C:\Program Files\dotnet\packs\Microsoft.AspNetCore.App.Ref\8.0.24\ref\net8.0\Microsoft.Extensions.Configuration.Abstractions.dll
                 Private = 'false'
             C:\Program Files\dotnet\packs\Microsoft.AspNetCore.App.Ref\8.0.24\ref\net8.0\Microsoft.Extensions.Configuration.Binder.dll
                 Private = 'false'
             C:\Program Files\dotnet\packs\Microsoft.AspNetCore.App.Ref\8.0.24\ref\net8.0\Microsoft.Extensions.Configuration.CommandLine.dll
                 Private = 'false'
             C:\Program Files\dotnet\packs\Microsoft.AspNetCore.App.Ref\8.0.24\ref\net8.0\Microsoft.Extensions.Configuration.EnvironmentVariables.dll
                 Private = 'false'
             C:\Program Files\dotnet\packs\Microsoft.AspNetCore.App.Ref\8.0.24\ref\net8.0\Microsoft.Extensions.Configuration.FileExtensions.dll
                 Private = 'false'
             C:\Program Files\dotnet\packs\Microsoft.AspNetCore.App.Ref\8.0.24\ref\net8.0\Microsoft.Extensions.Configuration.Ini.dll
                 Private = 'false'
             C:\Program Files\dotnet\packs\Microsoft.AspNetCore.App.Ref\8.0.24\ref\net8.0\Microsoft.Extensions.Configuration.Json.dll
                 Private = 'false'
             C:\Program Files\dotnet\packs\Microsoft.AspNetCore.App.Ref\8.0.24\ref\net8.0\Microsoft.Extensions.Configuration.KeyPerFile.dll
                 Private = 'false'
             C:\Program Files\dotnet\packs\Microsoft.AspNetCore.App.Ref\8.0.24\ref\net8.0\Microsoft.Extensions.Configuration.UserSecrets.dll
                 Private = 'false'
             C:\Program Files\dotnet\packs\Microsoft.AspNetCore.App.Ref\8.0.24\ref\net8.0\Microsoft.Extensions.Configuration.Xml.dll
                 Private = 'false'
             C:\Program Files\dotnet\packs\Microsoft.AspNetCore.App.Ref\8.0.24\ref\net8.0\Microsoft.Extensions.Configuration.dll
                 Private = 'false'
             C:\Program Files\dotnet\packs\Microsoft.AspNetCore.App.Ref\8.0.24\ref\net8.0\Microsoft.Extensions.DependencyInjection.dll
                 Private = 'false'
             C:\Program Files\dotnet\packs\Microsoft.AspNetCore.App.Ref\8.0.24\ref\net8.0\Microsoft.Extensions.Diagnostics.Abstractions.dll
                 Private = 'false'
             C:\Program Files\dotnet\packs\Microsoft.AspNetCore.App.Ref\8.0.24\ref\net8.0\Microsoft.Extensions.Diagnostics.HealthChecks.Abstractions.dll
                 Private = 'false'
             C:\Program Files\dotnet\packs\Microsoft.AspNetCore.App.Ref\8.0.24\ref\net8.0\Microsoft.Extensions.Diagnostics.HealthChecks.dll
                 Private = 'false'
             C:\Program Files\dotnet\packs\Microsoft.AspNetCore.App.Ref\8.0.24\ref\net8.0\Microsoft.Extensions.Diagnostics.dll
                 Private = 'false'
             C:\Program Files\dotnet\packs\Microsoft.AspNetCore.App.Ref\8.0.24\ref\net8.0\Microsoft.Extensions.Features.dll
                 Private = 'false'
             C:\Program Files\dotnet\packs\Microsoft.AspNetCore.App.Ref\8.0.24\ref\net8.0\Microsoft.Extensions.FileProviders.Abstractions.dll
                 Private = 'false'
             C:\Program Files\dotnet\packs\Microsoft.AspNetCore.App.Ref\8.0.24\ref\net8.0\Microsoft.Extensions.FileProviders.Composite.dll
                 Private = 'false'
             C:\Program Files\dotnet\packs\Microsoft.AspNetCore.App.Ref\8.0.24\ref\net8.0\Microsoft.Extensions.FileProviders.Embedded.dll
                 Private = 'false'
             C:\Program Files\dotnet\packs\Microsoft.AspNetCore.App.Ref\8.0.24\ref\net8.0\Microsoft.Extensions.FileProviders.Physical.dll
                 Private = 'false'
             C:\Program Files\dotnet\packs\Microsoft.AspNetCore.App.Ref\8.0.24\ref\net8.0\Microsoft.Extensions.FileSystemGlobbing.dll
                 Private = 'false'
             C:\Program Files\dotnet\packs\Microsoft.AspNetCore.App.Ref\8.0.24\ref\net8.0\Microsoft.Extensions.Hosting.Abstractions.dll
                 Private = 'false'
             C:\Program Files\dotnet\packs\Microsoft.AspNetCore.App.Ref\8.0.24\ref\net8.0\Microsoft.Extensions.Hosting.dll
                 Private = 'false'
             C:\Program Files\dotnet\packs\Microsoft.AspNetCore.App.Ref\8.0.24\ref\net8.0\Microsoft.Extensions.Http.dll
                 Private = 'false'
             C:\Program Files\dotnet\packs\Microsoft.AspNetCore.App.Ref\8.0.24\ref\net8.0\Microsoft.Extensions.Identity.Core.dll
                 Private = 'false'
             C:\Program Files\dotnet\packs\Microsoft.AspNetCore.App.Ref\8.0.24\ref\net8.0\Microsoft.Extensions.Identity.Stores.dll
                 Private = 'false'
             C:\Program Files\dotnet\packs\Microsoft.AspNetCore.App.Ref\8.0.24\ref\net8.0\Microsoft.Extensions.Localization.Abstractions.dll
                 Private = 'false'
             C:\Program Files\dotnet\packs\Microsoft.AspNetCore.App.Ref\8.0.24\ref\net8.0\Microsoft.Extensions.Localization.dll
                 Private = 'false'
             C:\Program Files\dotnet\packs\Microsoft.AspNetCore.App.Ref\8.0.24\ref\net8.0\Microsoft.Extensions.Logging.Configuration.dll
                 Private = 'false'
             C:\Program Files\dotnet\packs\Microsoft.AspNetCore.App.Ref\8.0.24\ref\net8.0\Microsoft.Extensions.Logging.Console.dll
                 Private = 'false'
             C:\Program Files\dotnet\packs\Microsoft.AspNetCore.App.Ref\8.0.24\ref\net8.0\Microsoft.Extensions.Logging.Debug.dll
                 Private = 'false'
             C:\Program Files\dotnet\packs\Microsoft.AspNetCore.App.Ref\8.0.24\ref\net8.0\Microsoft.Extensions.Logging.EventLog.dll
                 Private = 'false'
             C:\Program Files\dotnet\packs\Microsoft.AspNetCore.App.Ref\8.0.24\ref\net8.0\Microsoft.Extensions.Logging.EventSource.dll
                 Private = 'false'
             C:\Program Files\dotnet\packs\Microsoft.AspNetCore.App.Ref\8.0.24\ref\net8.0\Microsoft.Extensions.Logging.TraceSource.dll
                 Private = 'false'
             C:\Program Files\dotnet\packs\Microsoft.AspNetCore.App.Ref\8.0.24\ref\net8.0\Microsoft.Extensions.Logging.dll
                 Private = 'false'
             C:\Program Files\dotnet\packs\Microsoft.AspNetCore.App.Ref\8.0.24\ref\net8.0\Microsoft.Extensions.ObjectPool.dll
                 Private = 'false'
             C:\Program Files\dotnet\packs\Microsoft.AspNetCore.App.Ref\8.0.24\ref\net8.0\Microsoft.Extensions.Options.ConfigurationExtensions.dll
                 Private = 'false'
             C:\Program Files\dotnet\packs\Microsoft.AspNetCore.App.Ref\8.0.24\ref\net8.0\Microsoft.Extensions.Options.DataAnnotations.dll
                 Private = 'false'
             C:\Program Files\dotnet\packs\Microsoft.AspNetCore.App.Ref\8.0.24\ref\net8.0\Microsoft.Extensions.Options.dll
                 Private = 'false'
             C:\Program Files\dotnet\packs\Microsoft.AspNetCore.App.Ref\8.0.24\ref\net8.0\Microsoft.Extensions.Primitives.dll
                 Private = 'false'
             C:\Program Files\dotnet\packs\Microsoft.AspNetCore.App.Ref\8.0.24\ref\net8.0\Microsoft.Extensions.WebEncoders.dll
                 Private = 'false'
             C:\Program Files\dotnet\packs\Microsoft.AspNetCore.App.Ref\8.0.24\ref\net8.0\Microsoft.JSInterop.dll
                 Private = 'false'
             C:\Program Files\dotnet\packs\Microsoft.AspNetCore.App.Ref\8.0.24\ref\net8.0\Microsoft.Net.Http.Headers.dll
                 Private = 'false'
             C:\Program Files\dotnet\packs\Microsoft.AspNetCore.App.Ref\8.0.24\ref\net8.0\System.Diagnostics.EventLog.dll
                 Private = 'false'
             C:\Program Files\dotnet\packs\Microsoft.AspNetCore.App.Ref\8.0.24\ref\net8.0\System.IO.Pipelines.dll
                 Private = 'false'
             C:\Program Files\dotnet\packs\Microsoft.AspNetCore.App.Ref\8.0.24\ref\net8.0\System.Security.Cryptography.Xml.dll
                 Private = 'false'
             C:\Program Files\dotnet\packs\Microsoft.AspNetCore.App.Ref\8.0.24\ref\net8.0\System.Threading.RateLimiting.dll
                 Private = 'false'
         AssemblyFiles:
         CandidateAssemblyFiles:
         TargetFrameworkDirectories:
             
         NonCultureResourceDirectories:
             
         InstalledAssemblyTables:
         IgnoreInstalledAssemblyTable:
             False
         SearchPaths:
             {CandidateAssemblyFiles}
             {HintPathFromItem}
             {TargetFrameworkDirectory}
             {RawFileName}
         AllowedAssemblyExtensions:
             .winmd
             .dll
             .exe
         AllowedRelatedFileExtensions:
             .pdb
             .xml
             .pri
             .dll.config
             .exe.config
         AppConfigFile:
             
         AutoUnify:
             True
         EnableCustomCulture:
             False
         EnableCustomCulture:
             False
         CopyLocalDependenciesWhenParentReferenceInGac:
             True
         FindDependencies:
             True
         TargetProcessorArchitecture:
             arm64
         StateFile:
             obj\ARM64\Debug\net8.0-windows10.0.19041.0\win-arm64\RobotControllerApp.csproj.AssemblyReference.cache
         InstalledAssemblySubsetTables:
         IgnoreInstalledAssemblySubsetTable:
             False
         TargetFrameworkSubsets:
         FullTargetFrameworkSubsetNames:
             Full
         ProfileName:
             
         FullFrameworkFolders:
         LatestTargetFrameworkDirectories:
         ProfileTablesLocation:
         Primary reference "Microsoft.Web.WebView2.Core.Projection, Version=1.0.3179.45, Culture=neutral, PublicKeyToken=2a8ab48044d2601e".
             Resolved file path is "C:\NuGetPackages\microsoft.web.webview2\1.0.3179.45\lib_manual\net8.0-windows10.0.17763.0\Microsoft.Web.WebView2.Core.Projection.dll".
             Reference found at search path location "{RawFileName}".
         Primary reference "BouncyCastle.Cryptography, Version=2.0.0.0, Culture=neutral, PublicKeyToken=072edcf4a5328938".
             Resolved file path is "C:\NuGetPackages\bouncycastle.cryptography\2.6.2\lib\net6.0\BouncyCastle.Cryptography.dll".
             Reference found at search path location "{HintPathFromItem}".
             Found related file "C:\NuGetPackages\bouncycastle.cryptography\2.6.2\lib\net6.0\BouncyCastle.Cryptography.xml".
             This reference is not "CopyLocal" because at least one source item had "Private" set to "false" and no source items had "Private" set to "true".
         Primary reference "Concentus, Version=2.2.2.0, Culture=neutral, PublicKeyToken=2f7fb9b49ffdfe20".
             Resolved file path is "C:\NuGetPackages\concentus\2.2.2\lib\net8.0\Concentus.dll".
             Reference found at search path location "{HintPathFromItem}".
             Found related file "C:\NuGetPackages\concentus\2.2.2\lib\net8.0\Concentus.xml".
             This reference is not "CopyLocal" because at least one source item had "Private" set to "false" and no source items had "Private" set to "true".
         Primary reference "DnsClient, Version=1.8.0.0, Culture=neutral, PublicKeyToken=4574bb5573c51424".
             Resolved file path is "C:\NuGetPackages\dnsclient\1.8.0\lib\net8.0\DnsClient.dll".
             Reference found at search path location "{HintPathFromItem}".
             Found related file "C:\NuGetPackages\dnsclient\1.8.0\lib\net8.0\DnsClient.xml".
             This reference is not "CopyLocal" because at least one source item had "Private" set to "false" and no source items had "Private" set to "true".
         Primary reference "Microsoft.Extensions.DependencyInjection.Abstractions, Version=9.0.0.0, Culture=neutral, PublicKeyToken=adb9793829ddae60".
             Resolved file path is "C:\NuGetPackages\microsoft.extensions.dependencyinjection.abstractions\9.0.0\lib\net8.0\Microsoft.Extensions.DependencyInjection.Abstractions.dll".
             Reference found at search path location "{HintPathFromItem}".
             Found related file "C:\NuGetPackages\microsoft.extensions.dependencyinjection.abstractions\9.0.0\lib\net8.0\Microsoft.Extensions.DependencyInjection.Abstractions.xml".
             This reference is not "CopyLocal" because at least one source item had "Private" set to "false" and no source items had "Private" set to "true".
         Primary reference "Microsoft.Extensions.Logging.Abstractions, Version=9.0.0.0, Culture=neutral, PublicKeyToken=adb9793829ddae60".
             Resolved file path is "C:\NuGetPackages\microsoft.extensions.logging.abstractions\9.0.0\lib\net8.0\Microsoft.Extensions.Logging.Abstractions.dll".
             Reference found at search path location "{HintPathFromItem}".
             Found related file "C:\NuGetPackages\microsoft.extensions.logging.abstractions\9.0.0\lib\net8.0\Microsoft.Extensions.Logging.Abstractions.xml".
             This reference is not "CopyLocal" because at least one source item had "Private" set to "false" and no source items had "Private" set to "true".
         Primary reference "Microsoft.Graphics.Imaging.Projection, Version=1.8.46.13936, Culture=neutral, PublicKeyToken=null".
             Resolved file path is "C:\NuGetPackages\microsoft.windowsappsdk.ai\1.8.47\lib\net6.0-windows10.0.17763.0\Microsoft.Graphics.Imaging.Projection.dll".
             Reference found at search path location "{HintPathFromItem}".
             This reference is not "CopyLocal" because at least one source item had "Private" set to "false" and no source items had "Private" set to "true".
         Primary reference "Microsoft.Windows.AI.ContentSafety.Projection, Version=1.8.46.13936, Culture=neutral, PublicKeyToken=null".
             Resolved file path is "C:\NuGetPackages\microsoft.windowsappsdk.ai\1.8.47\lib\net6.0-windows10.0.17763.0\Microsoft.Windows.AI.ContentSafety.Projection.dll".
             Reference found at search path location "{HintPathFromItem}".
             This reference is not "CopyLocal" because at least one source item had "Private" set to "false" and no source items had "Private" set to "true".
         Primary reference "Microsoft.Windows.AI.Foundation.Projection, Version=1.8.46.13936, Culture=neutral, PublicKeyToken=null".
             Resolved file path is "C:\NuGetPackages\microsoft.windowsappsdk.ai\1.8.47\lib\net6.0-windows10.0.17763.0\Microsoft.Windows.AI.Foundation.Projection.dll".
             Reference found at search path location "{HintPathFromItem}".
             This reference is not "CopyLocal" because at least one source item had "Private" set to "false" and no source items had "Private" set to "true".
         Primary reference "Microsoft.Windows.AI.Imaging.Projection, Version=1.8.46.13936, Culture=neutral, PublicKeyToken=null".
             Resolved file path is "C:\NuGetPackages\microsoft.windowsappsdk.ai\1.8.47\lib\net6.0-windows10.0.17763.0\Microsoft.Windows.AI.Imaging.Projection.dll".
             Reference found at search path location "{HintPathFromItem}".
             This reference is not "CopyLocal" because at least one source item had "Private" set to "false" and no source items had "Private" set to "true".
         Primary reference "Microsoft.Windows.AI.Projection, Version=1.8.46.13936, Culture=neutral, PublicKeyToken=null".
             Resolved file path is "C:\NuGetPackages\microsoft.windowsappsdk.ai\1.8.47\lib\net6.0-windows10.0.17763.0\Microsoft.Windows.AI.Projection.dll".
             Reference found at search path location "{HintPathFromItem}".
             This reference is not "CopyLocal" because at least one source item had "Private" set to "false" and no source items had "Private" set to "true".
         Primary reference "Microsoft.Windows.AI.Text.Projection, Version=1.8.46.13936, Culture=neutral, PublicKeyToken=null".
             Resolved file path is "C:\NuGetPackages\microsoft.windowsappsdk.ai\1.8.47\lib\net6.0-windows10.0.17763.0\Microsoft.Windows.AI.Text.Projection.dll".
             Reference found at search path location "{HintPathFromItem}".
             This reference is not "CopyLocal" because at least one source item had "Private" set to "false" and no source items had "Private" set to "true".
         Primary reference "Microsoft.Security.Authentication.OAuth.Projection, Version=1.8.0.0, Culture=neutral, PublicKeyToken=61733769cca94f40".
             Resolved file path is "C:\NuGetPackages\microsoft.windowsappsdk.foundation\1.8.260203002\lib\net6.0-windows10.0.17763.0\Microsoft.Security.Authentication.OAuth.Projection.dll".
             Reference found at search path location "{HintPathFromItem}".
             This reference is not "CopyLocal" because at least one source item had "Private" set to "false" and no source items had "Private" set to "true".
         Primary reference "Microsoft.Windows.AppLifecycle.Projection, Version=1.8.0.0, Culture=neutral, PublicKeyToken=61733769cca94f40".
             Resolved file path is "C:\NuGetPackages\microsoft.windowsappsdk.foundation\1.8.260203002\lib\net6.0-windows10.0.17763.0\Microsoft.Windows.AppLifecycle.Projection.dll".
             Reference found at search path location "{HintPathFromItem}".
             Found related file "C:\NuGetPackages\microsoft.windowsappsdk.foundation\1.8.260203002\lib\net6.0-windows10.0.17763.0\Microsoft.Windows.AppLifecycle.Projection.xml".
             This reference is not "CopyLocal" because at least one source item had "Private" set to "false" and no source items had "Private" set to "true".
         Primary reference "Microsoft.Windows.AppNotifications.Builder.Projection, Version=1.8.0.0, Culture=neutral, PublicKeyToken=61733769cca94f40".
             Resolved file path is "C:\NuGetPackages\microsoft.windowsappsdk.foundation\1.8.260203002\lib\net6.0-windows10.0.17763.0\Microsoft.Windows.AppNotifications.Builder.Projection.dll".
             Reference found at search path location "{HintPathFromItem}".
             Found related file "C:\NuGetPackages\microsoft.windowsappsdk.foundation\1.8.260203002\lib\net6.0-windows10.0.17763.0\Microsoft.Windows.AppNotifications.Builder.Projection.xml".
             This reference is not "CopyLocal" because at least one source item had "Private" set to "false" and no source items had "Private" set to "true".
         Primary reference "Microsoft.Windows.AppNotifications.Projection, Version=1.8.0.0, Culture=neutral, PublicKeyToken=61733769cca94f40".
             Resolved file path is "C:\NuGetPackages\microsoft.windowsappsdk.foundation\1.8.260203002\lib\net6.0-windows10.0.17763.0\Microsoft.Windows.AppNotifications.Projection.dll".
             Reference found at search path location "{HintPathFromItem}".
             Found related file "C:\NuGetPackages\microsoft.windowsappsdk.foundation\1.8.260203002\lib\net6.0-windows10.0.17763.0\Microsoft.Windows.AppNotifications.Projection.xml".
             This reference is not "CopyLocal" because at least one source item had "Private" set to "false" and no source items had "Private" set to "true".
         Primary reference "Microsoft.Windows.ApplicationModel.Background.Projection, Version=1.8.0.0, Culture=neutral, PublicKeyToken=61733769cca94f40".
             Resolved file path is "C:\NuGetPackages\microsoft.windowsappsdk.foundation\1.8.260203002\lib\net6.0-windows10.0.17763.0\Microsoft.Windows.ApplicationModel.Background.Projection.dll".
             Reference found at search path location "{HintPathFromItem}".
             This reference is not "CopyLocal" because at least one source item had "Private" set to "false" and no source items had "Private" set to "true".
         Primary reference "Microsoft.Windows.ApplicationModel.DynamicDependency.Projection, Version=1.8.0.0, Culture=neutral, PublicKeyToken=61733769cca94f40".
             Resolved file path is "C:\NuGetPackages\microsoft.windowsappsdk.foundation\1.8.260203002\lib\net6.0-windows10.0.17763.0\Microsoft.Windows.ApplicationModel.DynamicDependency.Projection.dll".
             Reference found at search path location "{HintPathFromItem}".
             Found related file "C:\NuGetPackages\microsoft.windowsappsdk.foundation\1.8.260203002\lib\net6.0-windows10.0.17763.0\Microsoft.Windows.ApplicationModel.DynamicDependency.Projection.xml".
             This reference is not "CopyLocal" because at least one source item had "Private" set to "false" and no source items had "Private" set to "true".
         Primary reference "Microsoft.Windows.ApplicationModel.Resources.Projection, Version=1.8.0.0, Culture=neutral, PublicKeyToken=61733769cca94f40".
             Resolved file path is "C:\NuGetPackages\microsoft.windowsappsdk.foundation\1.8.260203002\lib\net6.0-windows10.0.17763.0\Microsoft.Windows.ApplicationModel.Resources.Projection.dll".
             Reference found at search path location "{HintPathFromItem}".
             Found related file "C:\NuGetPackages\microsoft.windowsappsdk.foundation\1.8.260203002\lib\net6.0-windows10.0.17763.0\Microsoft.Windows.ApplicationModel.Resources.Projection.xml".
             This reference is not "CopyLocal" because at least one source item had "Private" set to "false" and no source items had "Private" set to "true".
         Primary reference "Microsoft.Windows.ApplicationModel.WindowsAppRuntime.Projection, Version=1.8.0.0, Culture=neutral, PublicKeyToken=61733769cca94f40".
             Resolved file path is "C:\NuGetPackages\microsoft.windowsappsdk.foundation\1.8.260203002\lib\net6.0-windows10.0.17763.0\Microsoft.Windows.ApplicationModel.WindowsAppRuntime.Projection.dll".
             Reference found at search path location "{HintPathFromItem}".
             Found related file "C:\NuGetPackages\microsoft.windowsappsdk.foundation\1.8.260203002\lib\net6.0-windows10.0.17763.0\Microsoft.Windows.ApplicationModel.WindowsAppRuntime.Projection.xml".
             This reference is not "CopyLocal" because at least one source item had "Private" set to "false" and no source items had "Private" set to "true".
         Primary reference "Microsoft.Windows.BadgeNotifications.Projection, Version=1.8.0.0, Culture=neutral, PublicKeyToken=61733769cca94f40".
             Resolved file path is "C:\NuGetPackages\microsoft.windowsappsdk.foundation\1.8.260203002\lib\net6.0-windows10.0.17763.0\Microsoft.Windows.BadgeNotifications.Projection.dll".
             Reference found at search path location "{HintPathFromItem}".
             This reference is not "CopyLocal" because at least one source item had "Private" set to "false" and no source items had "Private" set to "true".
         Primary reference "Microsoft.Windows.Foundation.Projection, Version=1.8.0.0, Culture=neutral, PublicKeyToken=61733769cca94f40".
             Resolved file path is "C:\NuGetPackages\microsoft.windowsappsdk.foundation\1.8.260203002\lib\net6.0-windows10.0.17763.0\Microsoft.Windows.Foundation.Projection.dll".
             Reference found at search path location "{HintPathFromItem}".
             This reference is not "CopyLocal" because at least one source item had "Private" set to "false" and no source items had "Private" set to "true".
         Primary reference "Microsoft.Windows.Management.Deployment.Projection, Version=1.8.0.0, Culture=neutral, PublicKeyToken=61733769cca94f40".
             Resolved file path is "C:\NuGetPackages\microsoft.windowsappsdk.foundation\1.8.260203002\lib\net6.0-windows10.0.17763.0\Microsoft.Windows.Management.Deployment.Projection.dll".
             Reference found at search path location "{HintPathFromItem}".
             Found related file "C:\NuGetPackages\microsoft.windowsappsdk.foundation\1.8.260203002\lib\net6.0-windows10.0.17763.0\Microsoft.Windows.Management.Deployment.Projection.xml".
             This reference is not "CopyLocal" because at least one source item had "Private" set to "false" and no source items had "Private" set to "true".
         Primary reference "Microsoft.Windows.Media.Capture.Projection, Version=1.8.0.0, Culture=neutral, PublicKeyToken=61733769cca94f40".
             Resolved file path is "C:\NuGetPackages\microsoft.windowsappsdk.foundation\1.8.260203002\lib\net6.0-windows10.0.17763.0\Microsoft.Windows.Media.Capture.Projection.dll".
             Reference found at search path location "{HintPathFromItem}".
             This reference is not "CopyLocal" because at least one source item had "Private" set to "false" and no source items had "Private" set to "true".
         Primary reference "Microsoft.Windows.PushNotifications.Projection, Version=1.8.0.0, Culture=neutral, PublicKeyToken=61733769cca94f40".
             Resolved file path is "C:\NuGetPackages\microsoft.windowsappsdk.foundation\1.8.260203002\lib\net6.0-windows10.0.17763.0\Microsoft.Windows.PushNotifications.Projection.dll".
             Reference found at search path location "{HintPathFromItem}".
             Found related file "C:\NuGetPackages\microsoft.windowsappsdk.foundation\1.8.260203002\lib\net6.0-windows10.0.17763.0\Microsoft.Windows.PushNotifications.Projection.xml".
             This reference is not "CopyLocal" because at least one source item had "Private" set to "false" and no source items had "Private" set to "true".
         Primary reference "Microsoft.Windows.Security.AccessControl.Projection, Version=1.8.0.0, Culture=neutral, PublicKeyToken=61733769cca94f40".
             Resolved file path is "C:\NuGetPackages\microsoft.windowsappsdk.foundation\1.8.260203002\lib\net6.0-windows10.0.17763.0\Microsoft.Windows.Security.AccessControl.Projection.dll".
             Reference found at search path location "{HintPathFromItem}".
             Found related file "C:\NuGetPackages\microsoft.windowsappsdk.foundation\1.8.260203002\lib\net6.0-windows10.0.17763.0\Microsoft.Windows.Security.AccessControl.Projection.xml".
             This reference is not "CopyLocal" because at least one source item had "Private" set to "false" and no source items had "Private" set to "true".
         Primary reference "Microsoft.Windows.Storage.Pickers.Projection, Version=1.8.0.0, Culture=neutral, PublicKeyToken=61733769cca94f40".
             Resolved file path is "C:\NuGetPackages\microsoft.windowsappsdk.foundation\1.8.260203002\lib\net6.0-windows10.0.17763.0\Microsoft.Windows.Storage.Pickers.Projection.dll".
             Reference found at search path location "{HintPathFromItem}".
             This reference is not "CopyLocal" because at least one source item had "Private" set to "false" and no source items had "Private" set to "true".
         Primary reference "Microsoft.Windows.Storage.Projection, Version=1.8.0.0, Culture=neutral, PublicKeyToken=61733769cca94f40".
             Resolved file path is "C:\NuGetPackages\microsoft.windowsappsdk.foundation\1.8.260203002\lib\net6.0-windows10.0.17763.0\Microsoft.Windows.Storage.Projection.dll".
             Reference found at search path location "{HintPathFromItem}".
             Found related file "C:\NuGetPackages\microsoft.windowsappsdk.foundation\1.8.260203002\lib\net6.0-windows10.0.17763.0\Microsoft.Windows.Storage.Projection.xml".
             This reference is not "CopyLocal" because at least one source item had "Private" set to "false" and no source items had "Private" set to "true".
         Primary reference "Microsoft.Windows.System.Power.Projection, Version=1.8.0.0, Culture=neutral, PublicKeyToken=61733769cca94f40".
             Resolved file path is "C:\NuGetPackages\microsoft.windowsappsdk.foundation\1.8.260203002\lib\net6.0-windows10.0.17763.0\Microsoft.Windows.System.Power.Projection.dll".
             Reference found at search path location "{HintPathFromItem}".
             Found related file "C:\NuGetPackages\microsoft.windowsappsdk.foundation\1.8.260203002\lib\net6.0-windows10.0.17763.0\Microsoft.Windows.System.Power.Projection.xml".
             This reference is not "CopyLocal" because at least one source item had "Private" set to "false" and no source items had "Private" set to "true".
         Primary reference "Microsoft.Windows.System.Projection, Version=1.8.0.0, Culture=neutral, PublicKeyToken=61733769cca94f40".
             Resolved file path is "C:\NuGetPackages\microsoft.windowsappsdk.foundation\1.8.260203002\lib\net6.0-windows10.0.17763.0\Microsoft.Windows.System.Projection.dll".
             Reference found at search path location "{HintPathFromItem}".
             Found related file "C:\NuGetPackages\microsoft.windowsappsdk.foundation\1.8.260203002\lib\net6.0-windows10.0.17763.0\Microsoft.Windows.System.Projection.xml".
             This reference is not "CopyLocal" because at least one source item had "Private" set to "false" and no source items had "Private" set to "true".
         Primary reference "Microsoft.WindowsAppRuntime.Bootstrap.Net, Version=1.8.0.0, Culture=neutral, PublicKeyToken=61733769cca94f40".
             Resolved file path is "C:\NuGetPackages\microsoft.windowsappsdk.foundation\1.8.260203002\lib\net6.0-windows10.0.17763.0\Microsoft.WindowsAppRuntime.Bootstrap.Net.dll".
             Reference found at search path location "{HintPathFromItem}".
             This reference is not "CopyLocal" because at least one source item had "Private" set to "false" and no source items had "Private" set to "true".
         Primary reference "Microsoft.InteractiveExperiences.Projection, Version=10.0.0.0, Culture=neutral, PublicKeyToken=31bf3856ad364e35".
             Resolved file path is "C:\NuGetPackages\microsoft.windowsappsdk.interactiveexperiences\1.8.260125001\lib\net6.0-windows10.0.18362.0\Microsoft.InteractiveExperiences.Projection.dll".
             Reference found at search path location "{HintPathFromItem}".
             Found related file "C:\NuGetPackages\microsoft.windowsappsdk.interactiveexperiences\1.8.260125001\lib\net6.0-windows10.0.18362.0\Microsoft.InteractiveExperiences.Projection.xml".
             This reference is not "CopyLocal" because at least one source item had "Private" set to "false" and no source items had "Private" set to "true".
         Primary reference "Microsoft.ML.OnnxRuntime, Version=0.0.0.0, Culture=neutral, PublicKeyToken=f27f157f0a5b7bb6".
             Resolved file path is "C:\NuGetPackages\microsoft.windowsappsdk.ml\1.8.2124\lib\net8.0-windows10.0.17763.0\Microsoft.ML.OnnxRuntime.dll".
             Reference found at search path location "{HintPathFromItem}".
             This reference is not "CopyLocal" because at least one source item had "Private" set to "false" and no source items had "Private" set to "true".
         Primary reference "Microsoft.Windows.AI.MachineLearning.Projection, Version=1.8.2124.44804, Culture=neutral, PublicKeyToken=null".
             Resolved file path is "C:\NuGetPackages\microsoft.windowsappsdk.ml\1.8.2124\lib\net8.0-windows10.0.17763.0\Microsoft.Windows.AI.MachineLearning.Projection.dll".
             Reference found at search path location "{HintPathFromItem}".
             This reference is not "CopyLocal" because at least one source item had "Private" set to "false" and no source items had "Private" set to "true".
         Primary reference "Microsoft.Windows.Widgets.Projection, Version=1.0.0.0, Culture=neutral, PublicKeyToken=null".
             Resolved file path is "C:\NuGetPackages\microsoft.windowsappsdk.widgets\1.8.251231004\lib\net6.0-windows10.0.17763.0\Microsoft.Windows.Widgets.Projection.dll".
             Reference found at search path location "{HintPathFromItem}".
             Found related file "C:\NuGetPackages\microsoft.windowsappsdk.widgets\1.8.251231004\lib\net6.0-windows10.0.17763.0\Microsoft.Windows.Widgets.Projection.xml".
             This reference is not "CopyLocal" because at least one source item had "Private" set to "false" and no source items had "Private" set to "true".
         Primary reference "Microsoft.WinUI, Version=3.0.0.0, Culture=neutral, PublicKeyToken=de31ebe4ad15742b".
             Resolved file path is "C:\NuGetPackages\microsoft.windowsappsdk.winui\1.8.260204000\lib\net6.0-windows10.0.17763.0\Microsoft.WinUI.dll".
             Reference found at search path location "{HintPathFromItem}".
             Found related file "C:\NuGetPackages\microsoft.windowsappsdk.winui\1.8.260204000\lib\net6.0-windows10.0.17763.0\Microsoft.WinUI.xml".
             This reference is not "CopyLocal" because at least one source item had "Private" set to "false" and no source items had "Private" set to "true".
         Primary reference "SIPSorcery, Version=10.0.3.0, Culture=neutral, PublicKeyToken=null".
             Resolved file path is "C:\NuGetPackages\sipsorcery\10.0.3\lib\net8.0\SIPSorcery.dll".
             Reference found at search path location "{HintPathFromItem}".
             Found related file "C:\NuGetPackages\sipsorcery\10.0.3\lib\net8.0\SIPSorcery.xml".
             This reference is not "CopyLocal" because at least one source item had "Private" set to "false" and no source items had "Private" set to "true".
         Primary reference "websocket-sharp, Version=0.0.1.0, Culture=neutral, PublicKeyToken=null".
             Resolved file path is "C:\NuGetPackages\sipsorcery.websocketsharp\0.0.1\lib\netstandard2.0\websocket-sharp.dll".
             Reference found at search path location "{HintPathFromItem}".
             This reference is not "CopyLocal" because at least one source item had "Private" set to "false" and no source items had "Private" set to "true".
         Primary reference "SIPSorceryMedia.Abstractions, Version=8.0.12.0, Culture=neutral, PublicKeyToken=null".
             Resolved file path is "C:\NuGetPackages\sipsorcerymedia.abstractions\8.0.12\lib\net8.0\SIPSorceryMedia.Abstractions.dll".
             Reference found at search path location "{HintPathFromItem}".
             Found related file "C:\NuGetPackages\sipsorcerymedia.abstractions\8.0.12\lib\net8.0\SIPSorceryMedia.Abstractions.xml".
             This reference is not "CopyLocal" because at least one source item had "Private" set to "false" and no source items had "Private" set to "true".
         Primary reference "System.Diagnostics.DiagnosticSource, Version=9.0.0.0, Culture=neutral, PublicKeyToken=cc7b13ffcd2ddd51".
             Resolved file path is "C:\NuGetPackages\system.diagnostics.diagnosticsource\9.0.0\lib\net8.0\System.Diagnostics.DiagnosticSource.dll".
             Reference found at search path location "{HintPathFromItem}".
             Found related file "C:\NuGetPackages\system.diagnostics.diagnosticsource\9.0.0\lib\net8.0\System.Diagnostics.DiagnosticSource.xml".
             This reference is not "CopyLocal" because at least one source item had "Private" set to "false" and no source items had "Private" set to "true".
         Primary reference "System.Numerics.Tensors, Version=9.0.0.0, Culture=neutral, PublicKeyToken=cc7b13ffcd2ddd51".
             Resolved file path is "C:\NuGetPackages\system.numerics.tensors\9.0.0\lib\net8.0\System.Numerics.Tensors.dll".
             Reference found at search path location "{HintPathFromItem}".
             Found related file "C:\NuGetPackages\system.numerics.tensors\9.0.0\lib\net8.0\System.Numerics.Tensors.xml".
             This reference is not "CopyLocal" because at least one source item had "Private" set to "false" and no source items had "Private" set to "true".
         Primary reference "Microsoft.CSharp, Version=8.0.0.0, Culture=neutral, PublicKeyToken=b03f5f7f11d50a3a".
             Resolved file path is "C:\Program Files\dotnet\packs\Microsoft.NETCore.App.Ref\8.0.24\ref\net8.0\Microsoft.CSharp.dll".
             Reference found at search path location "{RawFileName}".
             This reference is not "CopyLocal" because at least one source item had "Private" set to "false" and no source items had "Private" set to "true".
         Primary reference "Microsoft.VisualBasic.Core, Version=13.0.0.0, Culture=neutral, PublicKeyToken=b03f5f7f11d50a3a".
             Resolved file path is "C:\Program Files\dotnet\packs\Microsoft.NETCore.App.Ref\8.0.24\ref\net8.0\Microsoft.VisualBasic.Core.dll".
             Reference found at search path location "{RawFileName}".
             This reference is not "CopyLocal" because at least one source item had "Private" set to "false" and no source items had "Private" set to "true".
         Primary reference "Microsoft.VisualBasic, Version=10.0.0.0, Culture=neutral, PublicKeyToken=b03f5f7f11d50a3a".
             Resolved file path is "C:\Program Files\dotnet\packs\Microsoft.NETCore.App.Ref\8.0.24\ref\net8.0\Microsoft.VisualBasic.dll".
             Reference found at search path location "{RawFileName}".
             This reference is not "CopyLocal" because at least one source item had "Private" set to "false" and no source items had "Private" set to "true".
         Primary reference "Microsoft.Win32.Primitives, Version=8.0.0.0, Culture=neutral, PublicKeyToken=b03f5f7f11d50a3a".
             Resolved file path is "C:\Program Files\dotnet\packs\Microsoft.NETCore.App.Ref\8.0.24\ref\net8.0\Microsoft.Win32.Primitives.dll".
             Reference found at search path location "{RawFileName}".
             This reference is not "CopyLocal" because at least one source item had "Private" set to "false" and no source items had "Private" set to "true".
         Primary reference "Microsoft.Win32.Registry, Version=8.0.0.0, Culture=neutral, PublicKeyToken=b03f5f7f11d50a3a".
             Resolved file path is "C:\Program Files\dotnet\packs\Microsoft.NETCore.App.Ref\8.0.24\ref\net8.0\Microsoft.Win32.Registry.dll".
             Reference found at search path location "{RawFileName}".
             This reference is not "CopyLocal" because at least one source item had "Private" set to "false" and no source items had "Private" set to "true".
         Primary reference "System.AppContext, Version=8.0.0.0, Culture=neutral, PublicKeyToken=b03f5f7f11d50a3a".
             Resolved file path is "C:\Program Files\dotnet\packs\Microsoft.NETCore.App.Ref\8.0.24\ref\net8.0\System.AppContext.dll".
             Reference found at search path location "{RawFileName}".
             This reference is not "CopyLocal" because at least one source item had "Private" set to "false" and no source items had "Private" set to "true".
         Primary reference "System.Buffers, Version=8.0.0.0, Culture=neutral, PublicKeyToken=cc7b13ffcd2ddd51".
             Resolved file path is "C:\Program Files\dotnet\packs\Microsoft.NETCore.App.Ref\8.0.24\ref\net8.0\System.Buffers.dll".
             Reference found at search path location "{RawFileName}".
             This reference is not "CopyLocal" because at least one source item had "Private" set to "false" and no source items had "Private" set to "true".
         Unified primary reference "System.Collections.Concurrent, Version=8.0.0.0, Culture=neutral, PublicKeyToken=b03f5f7f11d50a3a".
             Using this version instead of original version "6.0.0.0" in "C:\NuGetPackages\bouncycastle.cryptography\2.6.2\lib\net6.0\BouncyCastle.Cryptography.dll" because AutoUnify is 'true'.
             Using this version instead of original version "6.0.0.0" in "C:\NuGetPackages\microsoft.windowsappsdk.ai\1.8.47\lib\net6.0-windows10.0.17763.0\Microsoft.Graphics.Imaging.Projection.dll" because AutoUnify is 'true'.
             Using this version instead of original version "6.0.0.0" in "C:\NuGetPackages\microsoft.windowsappsdk.ai\1.8.47\lib\net6.0-windows10.0.17763.0\Microsoft.Windows.AI.ContentSafety.Projection.dll" because AutoUnify is 'true'.
             Using this version instead of original version "6.0.0.0" in "C:\NuGetPackages\microsoft.windowsappsdk.ai\1.8.47\lib\net6.0-windows10.0.17763.0\Microsoft.Windows.AI.Foundation.Projection.dll" because AutoUnify is 'true'.
             Using this version instead of original version "6.0.0.0" in "C:\NuGetPackages\microsoft.windowsappsdk.ai\1.8.47\lib\net6.0-windows10.0.17763.0\Microsoft.Windows.AI.Imaging.Projection.dll" because AutoUnify is 'true'.
             Using this version instead of original version "6.0.0.0" in "C:\NuGetPackages\microsoft.windowsappsdk.ai\1.8.47\lib\net6.0-windows10.0.17763.0\Microsoft.Windows.AI.Projection.dll" because AutoUnify is 'true'.
             Using this version instead of original version "6.0.0.0" in "C:\NuGetPackages\microsoft.windowsappsdk.ai\1.8.47\lib\net6.0-windows10.0.17763.0\Microsoft.Windows.AI.Text.Projection.dll" because AutoUnify is 'true'.
             Using this version instead of original version "6.0.0.0" in "C:\NuGetPackages\microsoft.windowsappsdk.foundation\1.8.260203002\lib\net6.0-windows10.0.17763.0\Microsoft.Security.Authentication.OAuth.Projection.dll" because AutoUnify is 'true'.
             Using this version instead of original version "6.0.0.0" in "C:\NuGetPackages\microsoft.windowsappsdk.foundation\1.8.260203002\lib\net6.0-windows10.0.17763.0\Microsoft.Windows.AppLifecycle.Projection.dll" because AutoUnify is 'true'.
             Using this version instead of original version "6.0.0.0" in "C:\NuGetPackages\microsoft.windowsappsdk.foundation\1.8.260203002\lib\net6.0-windows10.0.17763.0\Microsoft.Windows.AppNotifications.Builder.Projection.dll" because AutoUnify is 'true'.
             Using this version instead of original version "6.0.0.0" in "C:\NuGetPackages\microsoft.windowsappsdk.foundation\1.8.260203002\lib\net6.0-windows10.0.17763.0\Microsoft.Windows.AppNotifications.Projection.dll" because AutoUnify is 'true'.
             Using this version instead of original version "6.0.0.0" in "C:\NuGetPackages\microsoft.windowsappsdk.foundation\1.8.260203002\lib\net6.0-windows10.0.17763.0\Microsoft.Windows.ApplicationModel.Background.Projection.dll" because AutoUnify is 'true'.
             Using this version instead of original version "6.0.0.0" in "C:\NuGetPackages\microsoft.windowsappsdk.foundation\1.8.260203002\lib\net6.0-windows10.0.17763.0\Microsoft.Windows.ApplicationModel.DynamicDependency.Projection.dll" because AutoUnify is 'true'.
             Using this version instead of original version "6.0.0.0" in "C:\NuGetPackages\microsoft.windowsappsdk.foundation\1.8.260203002\lib\net6.0-windows10.0.17763.0\Microsoft.Windows.ApplicationModel.Resources.Projection.dll" because AutoUnify is 'true'.
             Using this version instead of original version "6.0.0.0" in "C:\NuGetPackages\microsoft.windowsappsdk.foundation\1.8.260203002\lib\net6.0-windows10.0.17763.0\Microsoft.Windows.ApplicationModel.WindowsAppRuntime.Projection.dll" because AutoUnify is 'true'.
             Using this version instead of original version "6.0.0.0" in "C:\NuGetPackages\microsoft.windowsappsdk.foundation\1.8.260203002\lib\net6.0-windows10.0.17763.0\Microsoft.Windows.BadgeNotifications.Projection.dll" because AutoUnify is 'true'.
             Using this version instead of original version "6.0.0.0" in "C:\NuGetPackages\microsoft.windowsappsdk.foundation\1.8.260203002\lib\net6.0-windows10.0.17763.0\Microsoft.Windows.Management.Deployment.Projection.dll" because AutoUnify is 'true'.
             Using this version instead of original version "6.0.0.0" in "C:\NuGetPackages\microsoft.windowsappsdk.foundation\1.8.260203002\lib\net6.0-windows10.0.17763.0\Microsoft.Windows.Media.Capture.Projection.dll" because AutoUnify is 'true'.
             Using this version instead of original version "6.0.0.0" in "C:\NuGetPackages\microsoft.windowsappsdk.foundation\1.8.260203002\lib\net6.0-windows10.0.17763.0\Microsoft.Windows.PushNotifications.Projection.dll" because AutoUnify is 'true'.
             Using this version instead of original version "6.0.0.0" in "C:\NuGetPackages\microsoft.windowsappsdk.foundation\1.8.260203002\lib\net6.0-windows10.0.17763.0\Microsoft.Windows.Storage.Pickers.Projection.dll" because AutoUnify is 'true'.
             Using this version instead of original version "6.0.0.0" in "C:\NuGetPackages\microsoft.windowsappsdk.foundation\1.8.260203002\lib\net6.0-windows10.0.17763.0\Microsoft.Windows.Storage.Projection.dll" because AutoUnify is 'true'.
             Using this version instead of original version "6.0.0.0" in "C:\NuGetPackages\microsoft.windowsappsdk.foundation\1.8.260203002\lib\net6.0-windows10.0.17763.0\Microsoft.Windows.System.Projection.dll" because AutoUnify is 'true'.
             Using this version instead of original version "6.0.0.0" in "C:\NuGetPackages\microsoft.windowsappsdk.interactiveexperiences\1.8.260125001\lib\net6.0-windows10.0.18362.0\Microsoft.InteractiveExperiences.Projection.dll" because AutoUnify is 'true'.
             Using this version instead of original version "6.0.0.0" in "C:\NuGetPackages\microsoft.windowsappsdk.ml\1.8.2124\lib\net8.0-windows10.0.17763.0\Microsoft.Windows.AI.MachineLearning.Projection.dll" because AutoUnify is 'true'.
             Using this version instead of original version "6.0.0.0" in "C:\NuGetPackages\microsoft.windowsappsdk.widgets\1.8.251231004\lib\net6.0-windows10.0.17763.0\Microsoft.Windows.Widgets.Projection.dll" because AutoUnify is 'true'.
             Using this version instead of original version "6.0.0.0" in "C:\NuGetPackages\microsoft.windowsappsdk.winui\1.8.260204000\lib\net6.0-windows10.0.17763.0\Microsoft.WinUI.dll" because AutoUnify is 'true'.
             Resolved file path is "C:\Program Files\dotnet\packs\Microsoft.NETCore.App.Ref\8.0.24\ref\net8.0\System.Collections.Concurrent.dll".
             Reference found at search path location "{RawFileName}".
             This reference is not "CopyLocal" because at least one source item had "Private" set to "false" and no source items had "Private" set to "true".
         Primary reference "System.Collections.Immutable, Version=8.0.0.0, Culture=neutral, PublicKeyToken=b03f5f7f11d50a3a".
             Resolved file path is "C:\Program Files\dotnet\packs\Microsoft.NETCore.App.Ref\8.0.24\ref\net8.0\System.Collections.Immutable.dll".
             Reference found at search path location "{RawFileName}".
             This reference is not "CopyLocal" because at least one source item had "Private" set to "false" and no source items had "Private" set to "true".
         Primary reference "System.Collections.NonGeneric, Version=8.0.0.0, Culture=neutral, PublicKeyToken=b03f5f7f11d50a3a".
             Resolved file path is "C:\Program Files\dotnet\packs\Microsoft.NETCore.App.Ref\8.0.24\ref\net8.0\System.Collections.NonGeneric.dll".
             Reference found at search path location "{RawFileName}".
             This reference is not "CopyLocal" because at least one source item had "Private" set to "false" and no source items had "Private" set to "true".
         Primary reference "System.Collections.Specialized, Version=8.0.0.0, Culture=neutral, PublicKeyToken=b03f5f7f11d50a3a".
             Resolved file path is "C:\Program Files\dotnet\packs\Microsoft.NETCore.App.Ref\8.0.24\ref\net8.0\System.Collections.Specialized.dll".
             Reference found at search path location "{RawFileName}".
             This reference is not "CopyLocal" because at least one source item had "Private" set to "false" and no source items had "Private" set to "true".
         Unified primary reference "System.Collections, Version=8.0.0.0, Culture=neutral, PublicKeyToken=b03f5f7f11d50a3a".
             Using this version instead of original version "6.0.0.0" in "C:\NuGetPackages\bouncycastle.cryptography\2.6.2\lib\net6.0\BouncyCastle.Cryptography.dll" because AutoUnify is 'true'.
             Using this version instead of original version "6.0.0.0" in "C:\NuGetPackages\microsoft.windowsappsdk.interactiveexperiences\1.8.260125001\lib\net6.0-windows10.0.18362.0\Microsoft.InteractiveExperiences.Projection.dll" because AutoUnify is 'true'.
             Using this version instead of original version "6.0.0.0" in "C:\NuGetPackages\microsoft.windowsappsdk.winui\1.8.260204000\lib\net6.0-windows10.0.17763.0\Microsoft.WinUI.dll" because AutoUnify is 'true'.
             Resolved file path is "C:\Program Files\dotnet\packs\Microsoft.NETCore.App.Ref\8.0.24\ref\net8.0\System.Collections.dll".
             Reference found at search path location "{RawFileName}".
             This reference is not "CopyLocal" because at least one source item had "Private" set to "false" and no source items had "Private" set to "true".
         Primary reference "System.ComponentModel.Annotations, Version=8.0.0.0, Culture=neutral, PublicKeyToken=b03f5f7f11d50a3a".
             Resolved file path is "C:\Program Files\dotnet\packs\Microsoft.NETCore.App.Ref\8.0.24\ref\net8.0\System.ComponentModel.Annotations.dll".
             Reference found at search path location "{RawFileName}".
             This reference is not "CopyLocal" because at least one source item had "Private" set to "false" and no source items had "Private" set to "true".
         Primary reference "System.ComponentModel.DataAnnotations, Version=4.0.0.0, Culture=neutral, PublicKeyToken=31bf3856ad364e35".
             Resolved file path is "C:\Program Files\dotnet\packs\Microsoft.NETCore.App.Ref\8.0.24\ref\net8.0\System.ComponentModel.DataAnnotations.dll".
             Reference found at search path location "{RawFileName}".
             This reference is not "CopyLocal" because at least one source item had "Private" set to "false" and no source items had "Private" set to "true".
         Primary reference "System.ComponentModel.EventBasedAsync, Version=8.0.0.0, Culture=neutral, PublicKeyToken=b03f5f7f11d50a3a".
             Resolved file path is "C:\Program Files\dotnet\packs\Microsoft.NETCore.App.Ref\8.0.24\ref\net8.0\System.ComponentModel.EventBasedAsync.dll".
             Reference found at search path location "{RawFileName}".
             This reference is not "CopyLocal" because at least one source item had "Private" set to "false" and no source items had "Private" set to "true".
         Primary reference "System.ComponentModel.Primitives, Version=8.0.0.0, Culture=neutral, PublicKeyToken=b03f5f7f11d50a3a".
             Resolved file path is "C:\Program Files\dotnet\packs\Microsoft.NETCore.App.Ref\8.0.24\ref\net8.0\System.ComponentModel.Primitives.dll".
             Reference found at search path location "{RawFileName}".
             This reference is not "CopyLocal" because at least one source item had "Private" set to "false" and no source items had "Private" set to "true".
         Primary reference "System.ComponentModel.TypeConverter, Version=8.0.0.0, Culture=neutral, PublicKeyToken=b03f5f7f11d50a3a".
             Resolved file path is "C:\Program Files\dotnet\packs\Microsoft.NETCore.App.Ref\8.0.24\ref\net8.0\System.ComponentModel.TypeConverter.dll".
             Reference found at search path location "{RawFileName}".
             This reference is not "CopyLocal" because at least one source item had "Private" set to "false" and no source items had "Private" set to "true".
         Primary reference "System.ComponentModel, Version=8.0.0.0, Culture=neutral, PublicKeyToken=b03f5f7f11d50a3a".
             Resolved file path is "C:\Program Files\dotnet\packs\Microsoft.NETCore.App.Ref\8.0.24\ref\net8.0\System.ComponentModel.dll".
             Reference found at search path location "{RawFileName}".
             This reference is not "CopyLocal" because at least one source item had "Private" set to "false" and no source items had "Private" set to "true".
         Primary reference "System.Configuration, Version=4.0.0.0, Culture=neutral, PublicKeyToken=b03f5f7f11d50a3a".
             Resolved file path is "C:\Program Files\dotnet\packs\Microsoft.NETCore.App.Ref\8.0.24\ref\net8.0\System.Configuration.dll".
             Reference found at search path location "{RawFileName}".
             This reference is not "CopyLocal" because at least one source item had "Private" set to "false" and no source items had "Private" set to "true".
         Unified primary reference "System.Console, Version=8.0.0.0, Culture=neutral, PublicKeyToken=b03f5f7f11d50a3a".
             Using this version instead of original version "6.0.0.0" in "C:\NuGetPackages\bouncycastle.cryptography\2.6.2\lib\net6.0\BouncyCastle.Cryptography.dll" because AutoUnify is 'true'.
             Resolved file path is "C:\Program Files\dotnet\packs\Microsoft.NETCore.App.Ref\8.0.24\ref\net8.0\System.Console.dll".
             Reference found at search path location "{RawFileName}".
             This reference is not "CopyLocal" because at least one source item had "Private" set to "false" and no source items had "Private" set to "true".
         Primary reference "System.Core, Version=4.0.0.0, Culture=neutral, PublicKeyToken=b77a5c561934e089".
             Resolved file path is "C:\Program Files\dotnet\packs\Microsoft.NETCore.App.Ref\8.0.24\ref\net8.0\System.Core.dll".
             Reference found at search path location "{RawFileName}".
             This reference is not "CopyLocal" because at least one source item had "Private" set to "false" and no source items had "Private" set to "true".
         Primary reference "System.Data.Common, Version=8.0.0.0, Culture=neutral, PublicKeyToken=b03f5f7f11d50a3a".
             Resolved file path is "C:\Program Files\dotnet\packs\Microsoft.NETCore.App.Ref\8.0.24\ref\net8.0\System.Data.Common.dll".
             Reference found at search path location "{RawFileName}".
             This reference is not "CopyLocal" because at least one source item had "Private" set to "false" and no source items had "Private" set to "true".
         Primary reference "System.Data.DataSetExtensions, Version=8.0.0.0, Culture=neutral, PublicKeyToken=b77a5c561934e089".
             Resolved file path is "C:\Program Files\dotnet\packs\Microsoft.NETCore.App.Ref\8.0.24\ref\net8.0\System.Data.DataSetExtensions.dll".
             Reference found at search path location "{RawFileName}".
             This reference is not "CopyLocal" because at least one source item had "Private" set to "false" and no source items had "Private" set to "true".
         Primary reference "System.Data, Version=4.0.0.0, Culture=neutral, PublicKeyToken=b77a5c561934e089".
             Resolved file path is "C:\Program Files\dotnet\packs\Microsoft.NETCore.App.Ref\8.0.24\ref\net8.0\System.Data.dll".
             Reference found at search path location "{RawFileName}".
             This reference is not "CopyLocal" because at least one source item had "Private" set to "false" and no source items had "Private" set to "true".
         Primary reference "System.Diagnostics.Contracts, Version=8.0.0.0, Culture=neutral, PublicKeyToken=b03f5f7f11d50a3a".
             Resolved file path is "C:\Program Files\dotnet\packs\Microsoft.NETCore.App.Ref\8.0.24\ref\net8.0\System.Diagnostics.Contracts.dll".
             Reference found at search path location "{RawFileName}".
             This reference is not "CopyLocal" because at least one source item had "Private" set to "false" and no source items had "Private" set to "true".
         Primary reference "System.Diagnostics.Debug, Version=8.0.0.0, Culture=neutral, PublicKeyToken=b03f5f7f11d50a3a".
             Resolved file path is "C:\Program Files\dotnet\packs\Microsoft.NETCore.App.Ref\8.0.24\ref\net8.0\System.Diagnostics.Debug.dll".
             Reference found at search path location "{RawFileName}".
             This reference is not "CopyLocal" because at least one source item had "Private" set to "false" and no source items had "Private" set to "true".
         Primary reference "System.Diagnostics.FileVersionInfo, Version=8.0.0.0, Culture=neutral, PublicKeyToken=b03f5f7f11d50a3a".
             Resolved file path is "C:\Program Files\dotnet\packs\Microsoft.NETCore.App.Ref\8.0.24\ref\net8.0\System.Diagnostics.FileVersionInfo.dll".
             Reference found at search path location "{RawFileName}".
             This reference is not "CopyLocal" because at least one source item had "Private" set to "false" and no source items had "Private" set to "true".
         Primary reference "System.Diagnostics.Process, Version=8.0.0.0, Culture=neutral, PublicKeyToken=b03f5f7f11d50a3a".
             Resolved file path is "C:\Program Files\dotnet\packs\Microsoft.NETCore.App.Ref\8.0.24\ref\net8.0\System.Diagnostics.Process.dll".
             Reference found at search path location "{RawFileName}".
             This reference is not "CopyLocal" because at least one source item had "Private" set to "false" and no source items had "Private" set to "true".
         Primary reference "System.Diagnostics.StackTrace, Version=8.0.0.0, Culture=neutral, PublicKeyToken=b03f5f7f11d50a3a".
             Resolved file path is "C:\Program Files\dotnet\packs\Microsoft.NETCore.App.Ref\8.0.24\ref\net8.0\System.Diagnostics.StackTrace.dll".
             Reference found at search path location "{RawFileName}".
             This reference is not "CopyLocal" because at least one source item had "Private" set to "false" and no source items had "Private" set to "true".
         Primary reference "System.Diagnostics.TextWriterTraceListener, Version=8.0.0.0, Culture=neutral, PublicKeyToken=b03f5f7f11d50a3a".
             Resolved file path is "C:\Program Files\dotnet\packs\Microsoft.NETCore.App.Ref\8.0.24\ref\net8.0\System.Diagnostics.TextWriterTraceListener.dll".
             Reference found at search path location "{RawFileName}".
             This reference is not "CopyLocal" because at least one source item had "Private" set to "false" and no source items had "Private" set to "true".
         Primary reference "System.Diagnostics.Tools, Version=8.0.0.0, Culture=neutral, PublicKeyToken=b03f5f7f11d50a3a".
             Resolved file path is "C:\Program Files\dotnet\packs\Microsoft.NETCore.App.Ref\8.0.24\ref\net8.0\System.Diagnostics.Tools.dll".
             Reference found at search path location "{RawFileName}".
             This reference is not "CopyLocal" because at least one source item had "Private" set to "false" and no source items had "Private" set to "true".
         Primary reference "System.Diagnostics.TraceSource, Version=8.0.0.0, Culture=neutral, PublicKeyToken=b03f5f7f11d50a3a".
             Resolved file path is "C:\Program Files\dotnet\packs\Microsoft.NETCore.App.Ref\8.0.24\ref\net8.0\System.Diagnostics.TraceSource.dll".
             Reference found at search path location "{RawFileName}".
             This reference is not "CopyLocal" because at least one source item had "Private" set to "false" and no source items had "Private" set to "true".
         Primary reference "System.Diagnostics.Tracing, Version=8.0.0.0, Culture=neutral, PublicKeyToken=b03f5f7f11d50a3a".
             Resolved file path is "C:\Program Files\dotnet\packs\Microsoft.NETCore.App.Ref\8.0.24\ref\net8.0\System.Diagnostics.Tracing.dll".
             Reference found at search path location "{RawFileName}".
             This reference is not "CopyLocal" because at least one source item had "Private" set to "false" and no source items had "Private" set to "true".
         Primary reference "System.Drawing.Primitives, Version=8.0.0.0, Culture=neutral, PublicKeyToken=b03f5f7f11d50a3a".
             Resolved file path is "C:\Program Files\dotnet\packs\Microsoft.NETCore.App.Ref\8.0.24\ref\net8.0\System.Drawing.Primitives.dll".
             Reference found at search path location "{RawFileName}".
             This reference is not "CopyLocal" because at least one source item had "Private" set to "false" and no source items had "Private" set to "true".
         Primary reference "System.Drawing, Version=4.0.0.0, Culture=neutral, PublicKeyToken=b03f5f7f11d50a3a".
             Resolved file path is "C:\Program Files\dotnet\packs\Microsoft.NETCore.App.Ref\8.0.24\ref\net8.0\System.Drawing.dll".
             Reference found at search path location "{RawFileName}".
             This reference is not "CopyLocal" because at least one source item had "Private" set to "false" and no source items had "Private" set to "true".
         Primary reference "System.Dynamic.Runtime, Version=8.0.0.0, Culture=neutral, PublicKeyToken=b03f5f7f11d50a3a".
             Resolved file path is "C:\Program Files\dotnet\packs\Microsoft.NETCore.App.Ref\8.0.24\ref\net8.0\System.Dynamic.Runtime.dll".
             Reference found at search path location "{RawFileName}".
             This reference is not "CopyLocal" because at least one source item had "Private" set to "false" and no source items had "Private" set to "true".
         Primary reference "System.Formats.Asn1, Version=8.0.0.0, Culture=neutral, PublicKeyToken=cc7b13ffcd2ddd51".
             Resolved file path is "C:\Program Files\dotnet\packs\Microsoft.NETCore.App.Ref\8.0.24\ref\net8.0\System.Formats.Asn1.dll".
             Reference found at search path location "{RawFileName}".
             This reference is not "CopyLocal" because at least one source item had "Private" set to "false" and no source items had "Private" set to "true".
         Primary reference "System.Formats.Tar, Version=8.0.0.0, Culture=neutral, PublicKeyToken=cc7b13ffcd2ddd51".
             Resolved file path is "C:\Program Files\dotnet\packs\Microsoft.NETCore.App.Ref\8.0.24\ref\net8.0\System.Formats.Tar.dll".
             Reference found at search path location "{RawFileName}".
             This reference is not "CopyLocal" because at least one source item had "Private" set to "false" and no source items had "Private" set to "true".
         Primary reference "System.Globalization.Calendars, Version=8.0.0.0, Culture=neutral, PublicKeyToken=b03f5f7f11d50a3a".
             Resolved file path is "C:\Program Files\dotnet\packs\Microsoft.NETCore.App.Ref\8.0.24\ref\net8.0\System.Globalization.Calendars.dll".
             Reference found at search path location "{RawFileName}".
             This reference is not "CopyLocal" because at least one source item had "Private" set to "false" and no source items had "Private" set to "true".
         Primary reference "System.Globalization.Extensions, Version=8.0.0.0, Culture=neutral, PublicKeyToken=b03f5f7f11d50a3a".
             Resolved file path is "C:\Program Files\dotnet\packs\Microsoft.NETCore.App.Ref\8.0.24\ref\net8.0\System.Globalization.Extensions.dll".
             Reference found at search path location "{RawFileName}".
             This reference is not "CopyLocal" because at least one source item had "Private" set to "false" and no source items had "Private" set to "true".
         Primary reference "System.Globalization, Version=8.0.0.0, Culture=neutral, PublicKeyToken=b03f5f7f11d50a3a".
             Resolved file path is "C:\Program Files\dotnet\packs\Microsoft.NETCore.App.Ref\8.0.24\ref\net8.0\System.Globalization.dll".
             Reference found at search path location "{RawFileName}".
             This reference is not "CopyLocal" because at least one source item had "Private" set to "false" and no source items had "Private" set to "true".
         Primary reference "System.IO.Compression.Brotli, Version=8.0.0.0, Culture=neutral, PublicKeyToken=b77a5c561934e089".
             Resolved file path is "C:\Program Files\dotnet\packs\Microsoft.NETCore.App.Ref\8.0.24\ref\net8.0\System.IO.Compression.Brotli.dll".
             Reference found at search path location "{RawFileName}".
             This reference is not "CopyLocal" because at least one source item had "Private" set to "false" and no source items had "Private" set to "true".
         Primary reference "System.IO.Compression.FileSystem, Version=4.0.0.0, Culture=neutral, PublicKeyToken=b77a5c561934e089".
             Resolved file path is "C:\Program Files\dotnet\packs\Microsoft.NETCore.App.Ref\8.0.24\ref\net8.0\System.IO.Compression.FileSystem.dll".
             Reference found at search path location "{RawFileName}".
             This reference is not "CopyLocal" because at least one source item had "Private" set to "false" and no source items had "Private" set to "true".
         Primary reference "System.IO.Compression.ZipFile, Version=8.0.0.0, Culture=neutral, PublicKeyToken=b77a5c561934e089".
             Resolved file path is "C:\Program Files\dotnet\packs\Microsoft.NETCore.App.Ref\8.0.24\ref\net8.0\System.IO.Compression.ZipFile.dll".
             Reference found at search path location "{RawFileName}".
             This reference is not "CopyLocal" because at least one source item had "Private" set to "false" and no source items had "Private" set to "true".
         Unified primary reference "System.IO.Compression, Version=8.0.0.0, Culture=neutral, PublicKeyToken=b77a5c561934e089".
             Using this version instead of original version "6.0.0.0" in "C:\NuGetPackages\bouncycastle.cryptography\2.6.2\lib\net6.0\BouncyCastle.Cryptography.dll" because AutoUnify is 'true'.
             Resolved file path is "C:\Program Files\dotnet\packs\Microsoft.NETCore.App.Ref\8.0.24\ref\net8.0\System.IO.Compression.dll".
             Reference found at search path location "{RawFileName}".
             This reference is not "CopyLocal" because at least one source item had "Private" set to "false" and no source items had "Private" set to "true".
         Primary reference "System.IO.FileSystem.AccessControl, Version=8.0.0.0, Culture=neutral, PublicKeyToken=b03f5f7f11d50a3a".
             Resolved file path is "C:\Program Files\dotnet\packs\Microsoft.NETCore.App.Ref\8.0.24\ref\net8.0\System.IO.FileSystem.AccessControl.dll".
             Reference found at search path location "{RawFileName}".
             This reference is not "CopyLocal" because at least one source item had "Private" set to "false" and no source items had "Private" set to "true".
         Primary reference "System.IO.FileSystem.DriveInfo, Version=8.0.0.0, Culture=neutral, PublicKeyToken=b03f5f7f11d50a3a".
             Resolved file path is "C:\Program Files\dotnet\packs\Microsoft.NETCore.App.Ref\8.0.24\ref\net8.0\System.IO.FileSystem.DriveInfo.dll".
             Reference found at search path location "{RawFileName}".
             This reference is not "CopyLocal" because at least one source item had "Private" set to "false" and no source items had "Private" set to "true".
         Primary reference "System.IO.FileSystem.Primitives, Version=8.0.0.0, Culture=neutral, PublicKeyToken=b03f5f7f11d50a3a".
             Resolved file path is "C:\Program Files\dotnet\packs\Microsoft.NETCore.App.Ref\8.0.24\ref\net8.0\System.IO.FileSystem.Primitives.dll".
             Reference found at search path location "{RawFileName}".
             This reference is not "CopyLocal" because at least one source item had "Private" set to "false" and no source items had "Private" set to "true".
         Primary reference "System.IO.FileSystem.Watcher, Version=8.0.0.0, Culture=neutral, PublicKeyToken=b03f5f7f11d50a3a".
             Resolved file path is "C:\Program Files\dotnet\packs\Microsoft.NETCore.App.Ref\8.0.24\ref\net8.0\System.IO.FileSystem.Watcher.dll".
             Reference found at search path location "{RawFileName}".
             This reference is not "CopyLocal" because at least one source item had "Private" set to "false" and no source items had "Private" set to "true".
         Primary reference "System.IO.FileSystem, Version=8.0.0.0, Culture=neutral, PublicKeyToken=b03f5f7f11d50a3a".
             Resolved file path is "C:\Program Files\dotnet\packs\Microsoft.NETCore.App.Ref\8.0.24\ref\net8.0\System.IO.FileSystem.dll".
             Reference found at search path location "{RawFileName}".
             This reference is not "CopyLocal" because at least one source item had "Private" set to "false" and no source items had "Private" set to "true".
         Primary reference "System.IO.IsolatedStorage, Version=8.0.0.0, Culture=neutral, PublicKeyToken=b03f5f7f11d50a3a".
             Resolved file path is "C:\Program Files\dotnet\packs\Microsoft.NETCore.App.Ref\8.0.24\ref\net8.0\System.IO.IsolatedStorage.dll".
             Reference found at search path location "{RawFileName}".
             This reference is not "CopyLocal" because at least one source item had "Private" set to "false" and no source items had "Private" set to "true".
         Primary reference "System.IO.MemoryMappedFiles, Version=8.0.0.0, Culture=neutral, PublicKeyToken=b03f5f7f11d50a3a".
             Resolved file path is "C:\Program Files\dotnet\packs\Microsoft.NETCore.App.Ref\8.0.24\ref\net8.0\System.IO.MemoryMappedFiles.dll".
             Reference found at search path location "{RawFileName}".
             This reference is not "CopyLocal" because at least one source item had "Private" set to "false" and no source items had "Private" set to "true".
         Primary reference "System.IO.Pipes.AccessControl, Version=8.0.0.0, Culture=neutral, PublicKeyToken=b03f5f7f11d50a3a".
             Resolved file path is "C:\Program Files\dotnet\packs\Microsoft.NETCore.App.Ref\8.0.24\ref\net8.0\System.IO.Pipes.AccessControl.dll".
             Reference found at search path location "{RawFileName}".
             This reference is not "CopyLocal" because at least one source item had "Private" set to "false" and no source items had "Private" set to "true".
         Primary reference "System.IO.Pipes, Version=8.0.0.0, Culture=neutral, PublicKeyToken=b03f5f7f11d50a3a".
             Resolved file path is "C:\Program Files\dotnet\packs\Microsoft.NETCore.App.Ref\8.0.24\ref\net8.0\System.IO.Pipes.dll".
             Reference found at search path location "{RawFileName}".
             This reference is not "CopyLocal" because at least one source item had "Private" set to "false" and no source items had "Private" set to "true".
         Primary reference "System.IO.UnmanagedMemoryStream, Version=8.0.0.0, Culture=neutral, PublicKeyToken=b03f5f7f11d50a3a".
             Resolved file path is "C:\Program Files\dotnet\packs\Microsoft.NETCore.App.Ref\8.0.24\ref\net8.0\System.IO.UnmanagedMemoryStream.dll".
             Reference found at search path location "{RawFileName}".
             This reference is not "CopyLocal" because at least one source item had "Private" set to "false" and no source items had "Private" set to "true".
         Primary reference "System.IO, Version=8.0.0.0, Culture=neutral, PublicKeyToken=b03f5f7f11d50a3a".
             Resolved file path is "C:\Program Files\dotnet\packs\Microsoft.NETCore.App.Ref\8.0.24\ref\net8.0\System.IO.dll".
             Reference found at search path location "{RawFileName}".
             This reference is not "CopyLocal" because at least one source item had "Private" set to "false" and no source items had "Private" set to "true".
         Primary reference "System.Linq.Expressions, Version=8.0.0.0, Culture=neutral, PublicKeyToken=b03f5f7f11d50a3a".
             Resolved file path is "C:\Program Files\dotnet\packs\Microsoft.NETCore.App.Ref\8.0.24\ref\net8.0\System.Linq.Expressions.dll".
             Reference found at search path location "{RawFileName}".
             This reference is not "CopyLocal" because at least one source item had "Private" set to "false" and no source items had "Private" set to "true".
         Primary reference "System.Linq.Parallel, Version=8.0.0.0, Culture=neutral, PublicKeyToken=b03f5f7f11d50a3a".
             Resolved file path is "C:\Program Files\dotnet\packs\Microsoft.NETCore.App.Ref\8.0.24\ref\net8.0\System.Linq.Parallel.dll".
             Reference found at search path location "{RawFileName}".
             This reference is not "CopyLocal" because at least one source item had "Private" set to "false" and no source items had "Private" set to "true".
         Primary reference "System.Linq.Queryable, Version=8.0.0.0, Culture=neutral, PublicKeyToken=b03f5f7f11d50a3a".
             Resolved file path is "C:\Program Files\dotnet\packs\Microsoft.NETCore.App.Ref\8.0.24\ref\net8.0\System.Linq.Queryable.dll".
             Reference found at search path location "{RawFileName}".
             This reference is not "CopyLocal" because at least one source item had "Private" set to "false" and no source items had "Private" set to "true".
         Primary reference "System.Linq, Version=8.0.0.0, Culture=neutral, PublicKeyToken=b03f5f7f11d50a3a".
             Resolved file path is "C:\Program Files\dotnet\packs\Microsoft.NETCore.App.Ref\8.0.24\ref\net8.0\System.Linq.dll".
             Reference found at search path location "{RawFileName}".
             This reference is not "CopyLocal" because at least one source item had "Private" set to "false" and no source items had "Private" set to "true".
         Unified primary reference "System.Memory, Version=8.0.0.0, Culture=neutral, PublicKeyToken=cc7b13ffcd2ddd51".
             Using this version instead of original version "6.0.0.0" in "C:\NuGetPackages\bouncycastle.cryptography\2.6.2\lib\net6.0\BouncyCastle.Cryptography.dll" because AutoUnify is 'true'.
             Using this version instead of original version "6.0.0.0" in "C:\NuGetPackages\microsoft.windowsappsdk.ai\1.8.47\lib\net6.0-windows10.0.17763.0\Microsoft.Graphics.Imaging.Projection.dll" because AutoUnify is 'true'.
             Using this version instead of original version "6.0.0.0" in "C:\NuGetPackages\microsoft.windowsappsdk.ai\1.8.47\lib\net6.0-windows10.0.17763.0\Microsoft.Windows.AI.ContentSafety.Projection.dll" because AutoUnify is 'true'.
             Using this version instead of original version "6.0.0.0" in "C:\NuGetPackages\microsoft.windowsappsdk.ai\1.8.47\lib\net6.0-windows10.0.17763.0\Microsoft.Windows.AI.Foundation.Projection.dll" because AutoUnify is 'true'.
             Using this version instead of original version "6.0.0.0" in "C:\NuGetPackages\microsoft.windowsappsdk.ai\1.8.47\lib\net6.0-windows10.0.17763.0\Microsoft.Windows.AI.Imaging.Projection.dll" because AutoUnify is 'true'.
             Using this version instead of original version "6.0.0.0" in "C:\NuGetPackages\microsoft.windowsappsdk.ai\1.8.47\lib\net6.0-windows10.0.17763.0\Microsoft.Windows.AI.Projection.dll" because AutoUnify is 'true'.
             Using this version instead of original version "6.0.0.0" in "C:\NuGetPackages\microsoft.windowsappsdk.ai\1.8.47\lib\net6.0-windows10.0.17763.0\Microsoft.Windows.AI.Text.Projection.dll" because AutoUnify is 'true'.
             Using this version instead of original version "6.0.0.0" in "C:\NuGetPackages\microsoft.windowsappsdk.foundation\1.8.260203002\lib\net6.0-windows10.0.17763.0\Microsoft.Security.Authentication.OAuth.Projection.dll" because AutoUnify is 'true'.
             Using this version instead of original version "6.0.0.0" in "C:\NuGetPackages\microsoft.windowsappsdk.foundation\1.8.260203002\lib\net6.0-windows10.0.17763.0\Microsoft.Windows.AppLifecycle.Projection.dll" because AutoUnify is 'true'.
             Using this version instead of original version "6.0.0.0" in "C:\NuGetPackages\microsoft.windowsappsdk.foundation\1.8.260203002\lib\net6.0-windows10.0.17763.0\Microsoft.Windows.AppNotifications.Builder.Projection.dll" because AutoUnify is 'true'.
             Using this version instead of original version "6.0.0.0" in "C:\NuGetPackages\microsoft.windowsappsdk.foundation\1.8.260203002\lib\net6.0-windows10.0.17763.0\Microsoft.Windows.AppNotifications.Projection.dll" because AutoUnify is 'true'.
             Using this version instead of original version "6.0.0.0" in "C:\NuGetPackages\microsoft.windowsappsdk.foundation\1.8.260203002\lib\net6.0-windows10.0.17763.0\Microsoft.Windows.ApplicationModel.Background.Projection.dll" because AutoUnify is 'true'.
             Using this version instead of original version "6.0.0.0" in "C:\NuGetPackages\microsoft.windowsappsdk.foundation\1.8.260203002\lib\net6.0-windows10.0.17763.0\Microsoft.Windows.ApplicationModel.DynamicDependency.Projection.dll" because AutoUnify is 'true'.
             Using this version instead of original version "6.0.0.0" in "C:\NuGetPackages\microsoft.windowsappsdk.foundation\1.8.260203002\lib\net6.0-windows10.0.17763.0\Microsoft.Windows.ApplicationModel.Resources.Projection.dll" because AutoUnify is 'true'.
             Using this version instead of original version "6.0.0.0" in "C:\NuGetPackages\microsoft.windowsappsdk.foundation\1.8.260203002\lib\net6.0-windows10.0.17763.0\Microsoft.Windows.ApplicationModel.WindowsAppRuntime.Projection.dll" because AutoUnify is 'true'.
             Using this version instead of original version "6.0.0.0" in "C:\NuGetPackages\microsoft.windowsappsdk.foundation\1.8.260203002\lib\net6.0-windows10.0.17763.0\Microsoft.Windows.BadgeNotifications.Projection.dll" because AutoUnify is 'true'.
             Using this version instead of original version "6.0.0.0" in "C:\NuGetPackages\microsoft.windowsappsdk.foundation\1.8.260203002\lib\net6.0-windows10.0.17763.0\Microsoft.Windows.Foundation.Projection.dll" because AutoUnify is 'true'.
             Using this version instead of original version "6.0.0.0" in "C:\NuGetPackages\microsoft.windowsappsdk.foundation\1.8.260203002\lib\net6.0-windows10.0.17763.0\Microsoft.Windows.Management.Deployment.Projection.dll" because AutoUnify is 'true'.
             Using this version instead of original version "6.0.0.0" in "C:\NuGetPackages\microsoft.windowsappsdk.foundation\1.8.260203002\lib\net6.0-windows10.0.17763.0\Microsoft.Windows.Media.Capture.Projection.dll" because AutoUnify is 'true'.
             Using this version instead of original version "6.0.0.0" in "C:\NuGetPackages\microsoft.windowsappsdk.foundation\1.8.260203002\lib\net6.0-windows10.0.17763.0\Microsoft.Windows.PushNotifications.Projection.dll" because AutoUnify is 'true'.
             Using this version instead of original version "6.0.0.0" in "C:\NuGetPackages\microsoft.windowsappsdk.foundation\1.8.260203002\lib\net6.0-windows10.0.17763.0\Microsoft.Windows.Security.AccessControl.Projection.dll" because AutoUnify is 'true'.
             Using this version instead of original version "6.0.0.0" in "C:\NuGetPackages\microsoft.windowsappsdk.foundation\1.8.260203002\lib\net6.0-windows10.0.17763.0\Microsoft.Windows.Storage.Pickers.Projection.dll" because AutoUnify is 'true'.
             Using this version instead of original version "6.0.0.0" in "C:\NuGetPackages\microsoft.windowsappsdk.foundation\1.8.260203002\lib\net6.0-windows10.0.17763.0\Microsoft.Windows.Storage.Projection.dll" because AutoUnify is 'true'.
             Using this version instead of original version "6.0.0.0" in "C:\NuGetPackages\microsoft.windowsappsdk.foundation\1.8.260203002\lib\net6.0-windows10.0.17763.0\Microsoft.Windows.System.Power.Projection.dll" because AutoUnify is 'true'.
             Using this version instead of original version "6.0.0.0" in "C:\NuGetPackages\microsoft.windowsappsdk.foundation\1.8.260203002\lib\net6.0-windows10.0.17763.0\Microsoft.Windows.System.Projection.dll" because AutoUnify is 'true'.
             Using this version instead of original version "6.0.0.0" in "C:\NuGetPackages\microsoft.windowsappsdk.interactiveexperiences\1.8.260125001\lib\net6.0-windows10.0.18362.0\Microsoft.InteractiveExperiences.Projection.dll" because AutoUnify is 'true'.
             Using this version instead of original version "6.0.0.0" in "C:\NuGetPackages\microsoft.windowsappsdk.ml\1.8.2124\lib\net8.0-windows10.0.17763.0\Microsoft.Windows.AI.MachineLearning.Projection.dll" because AutoUnify is 'true'.
             Using this version instead of original version "6.0.0.0" in "C:\NuGetPackages\microsoft.windowsappsdk.widgets\1.8.251231004\lib\net6.0-windows10.0.17763.0\Microsoft.Windows.Widgets.Projection.dll" because AutoUnify is 'true'.
             Using this version instead of original version "6.0.0.0" in "C:\NuGetPackages\microsoft.windowsappsdk.winui\1.8.260204000\lib\net6.0-windows10.0.17763.0\Microsoft.WinUI.dll" because AutoUnify is 'true'.
             Resolved file path is "C:\Program Files\dotnet\packs\Microsoft.NETCore.App.Ref\8.0.24\ref\net8.0\System.Memory.dll".
             Reference found at search path location "{RawFileName}".
             This reference is not "CopyLocal" because at least one source item had "Private" set to "false" and no source items had "Private" set to "true".
         Primary reference "System.Net.Http.Json, Version=8.0.0.0, Culture=neutral, PublicKeyToken=cc7b13ffcd2ddd51".
             Resolved file path is "C:\Program Files\dotnet\packs\Microsoft.NETCore.App.Ref\8.0.24\ref\net8.0\System.Net.Http.Json.dll".
             Reference found at search path location "{RawFileName}".
             This reference is not "CopyLocal" because at least one source item had "Private" set to "false" and no source items had "Private" set to "true".
         Primary reference "System.Net.Http, Version=8.0.0.0, Culture=neutral, PublicKeyToken=b03f5f7f11d50a3a".
             Resolved file path is "C:\Program Files\dotnet\packs\Microsoft.NETCore.App.Ref\8.0.24\ref\net8.0\System.Net.Http.dll".
             Reference found at search path location "{RawFileName}".
             This reference is not "CopyLocal" because at least one source item had "Private" set to "false" and no source items had "Private" set to "true".
         Primary reference "System.Net.HttpListener, Version=8.0.0.0, Culture=neutral, PublicKeyToken=cc7b13ffcd2ddd51".
             Resolved file path is "C:\Program Files\dotnet\packs\Microsoft.NETCore.App.Ref\8.0.24\ref\net8.0\System.Net.HttpListener.dll".
             Reference found at search path location "{RawFileName}".
             This reference is not "CopyLocal" because at least one source item had "Private" set to "false" and no source items had "Private" set to "true".
         Primary reference "System.Net.Mail, Version=8.0.0.0, Culture=neutral, PublicKeyToken=cc7b13ffcd2ddd51".
             Resolved file path is "C:\Program Files\dotnet\packs\Microsoft.NETCore.App.Ref\8.0.24\ref\net8.0\System.Net.Mail.dll".
             Reference found at search path location "{RawFileName}".
             This reference is not "CopyLocal" because at least one source item had "Private" set to "false" and no source items had "Private" set to "true".
         Primary reference "System.Net.NameResolution, Version=8.0.0.0, Culture=neutral, PublicKeyToken=b03f5f7f11d50a3a".
             Resolved file path is "C:\Program Files\dotnet\packs\Microsoft.NETCore.App.Ref\8.0.24\ref\net8.0\System.Net.NameResolution.dll".
             Reference found at search path location "{RawFileName}".
             This reference is not "CopyLocal" because at least one source item had "Private" set to "false" and no source items had "Private" set to "true".
         Primary reference "System.Net.NetworkInformation, Version=8.0.0.0, Culture=neutral, PublicKeyToken=b03f5f7f11d50a3a".
             Resolved file path is "C:\Program Files\dotnet\packs\Microsoft.NETCore.App.Ref\8.0.24\ref\net8.0\System.Net.NetworkInformation.dll".
             Reference found at search path location "{RawFileName}".
             This reference is not "CopyLocal" because at least one source item had "Private" set to "false" and no source items had "Private" set to "true".
         Primary reference "System.Net.Ping, Version=8.0.0.0, Culture=neutral, PublicKeyToken=b03f5f7f11d50a3a".
             Resolved file path is "C:\Program Files\dotnet\packs\Microsoft.NETCore.App.Ref\8.0.24\ref\net8.0\System.Net.Ping.dll".
             Reference found at search path location "{RawFileName}".
             This reference is not "CopyLocal" because at least one source item had "Private" set to "false" and no source items had "Private" set to "true".
         Unified primary reference "System.Net.Primitives, Version=8.0.0.0, Culture=neutral, PublicKeyToken=b03f5f7f11d50a3a".
             Using this version instead of original version "6.0.0.0" in "C:\NuGetPackages\bouncycastle.cryptography\2.6.2\lib\net6.0\BouncyCastle.Cryptography.dll" because AutoUnify is 'true'.
             Resolved file path is "C:\Program Files\dotnet\packs\Microsoft.NETCore.App.Ref\8.0.24\ref\net8.0\System.Net.Primitives.dll".
             Reference found at search path location "{RawFileName}".
             This reference is not "CopyLocal" because at least one source item had "Private" set to "false" and no source items had "Private" set to "true".
         Primary reference "System.Net.Quic, Version=8.0.0.0, Culture=neutral, PublicKeyToken=b03f5f7f11d50a3a".
             Resolved file path is "C:\Program Files\dotnet\packs\Microsoft.NETCore.App.Ref\8.0.24\ref\net8.0\System.Net.Quic.dll".
             Reference found at search path location "{RawFileName}".
             This reference is not "CopyLocal" because at least one source item had "Private" set to "false" and no source items had "Private" set to "true".
         Primary reference "System.Net.Requests, Version=8.0.0.0, Culture=neutral, PublicKeyToken=b03f5f7f11d50a3a".
             Resolved file path is "C:\Program Files\dotnet\packs\Microsoft.NETCore.App.Ref\8.0.24\ref\net8.0\System.Net.Requests.dll".
             Reference found at search path location "{RawFileName}".
             This reference is not "CopyLocal" because at least one source item had "Private" set to "false" and no source items had "Private" set to "true".
         Primary reference "System.Net.Security, Version=8.0.0.0, Culture=neutral, PublicKeyToken=b03f5f7f11d50a3a".
             Resolved file path is "C:\Program Files\dotnet\packs\Microsoft.NETCore.App.Ref\8.0.24\ref\net8.0\System.Net.Security.dll".
             Reference found at search path location "{RawFileName}".
             This reference is not "CopyLocal" because at least one source item had "Private" set to "false" and no source items had "Private" set to "true".
         Primary reference "System.Net.ServicePoint, Version=8.0.0.0, Culture=neutral, PublicKeyToken=cc7b13ffcd2ddd51".
             Resolved file path is "C:\Program Files\dotnet\packs\Microsoft.NETCore.App.Ref\8.0.24\ref\net8.0\System.Net.ServicePoint.dll".
             Reference found at search path location "{RawFileName}".
             This reference is not "CopyLocal" because at least one source item had "Private" set to "false" and no source items had "Private" set to "true".
         Primary reference "System.Net.Sockets, Version=8.0.0.0, Culture=neutral, PublicKeyToken=b03f5f7f11d50a3a".
             Resolved file path is "C:\Program Files\dotnet\packs\Microsoft.NETCore.App.Ref\8.0.24\ref\net8.0\System.Net.Sockets.dll".
             Reference found at search path location "{RawFileName}".
             This reference is not "CopyLocal" because at least one source item had "Private" set to "false" and no source items had "Private" set to "true".
         Primary reference "System.Net.WebClient, Version=8.0.0.0, Culture=neutral, PublicKeyToken=cc7b13ffcd2ddd51".
             Resolved file path is "C:\Program Files\dotnet\packs\Microsoft.NETCore.App.Ref\8.0.24\ref\net8.0\System.Net.WebClient.dll".
             Reference found at search path location "{RawFileName}".
             This reference is not "CopyLocal" because at least one source item had "Private" set to "false" and no source items had "Private" set to "true".
         Primary reference "System.Net.WebHeaderCollection, Version=8.0.0.0, Culture=neutral, PublicKeyToken=b03f5f7f11d50a3a".
             Resolved file path is "C:\Program Files\dotnet\packs\Microsoft.NETCore.App.Ref\8.0.24\ref\net8.0\System.Net.WebHeaderCollection.dll".
             Reference found at search path location "{RawFileName}".
             This reference is not "CopyLocal" because at least one source item had "Private" set to "false" and no source items had "Private" set to "true".
         Primary reference "System.Net.WebProxy, Version=8.0.0.0, Culture=neutral, PublicKeyToken=cc7b13ffcd2ddd51".
             Resolved file path is "C:\Program Files\dotnet\packs\Microsoft.NETCore.App.Ref\8.0.24\ref\net8.0\System.Net.WebProxy.dll".
             Reference found at search path location "{RawFileName}".
             This reference is not "CopyLocal" because at least one source item had "Private" set to "false" and no source items had "Private" set to "true".
         Primary reference "System.Net.WebSockets.Client, Version=8.0.0.0, Culture=neutral, PublicKeyToken=b03f5f7f11d50a3a".
             Resolved file path is "C:\Program Files\dotnet\packs\Microsoft.NETCore.App.Ref\8.0.24\ref\net8.0\System.Net.WebSockets.Client.dll".
             Reference found at search path location "{RawFileName}".
             This reference is not "CopyLocal" because at least one source item had "Private" set to "false" and no source items had "Private" set to "true".
         Primary reference "System.Net.WebSockets, Version=8.0.0.0, Culture=neutral, PublicKeyToken=b03f5f7f11d50a3a".
             Resolved file path is "C:\Program Files\dotnet\packs\Microsoft.NETCore.App.Ref\8.0.24\ref\net8.0\System.Net.WebSockets.dll".
             Reference found at search path location "{RawFileName}".
             This reference is not "CopyLocal" because at least one source item had "Private" set to "false" and no source items had "Private" set to "true".
         Primary reference "System.Net, Version=4.0.0.0, Culture=neutral, PublicKeyToken=b03f5f7f11d50a3a".
             Resolved file path is "C:\Program Files\dotnet\packs\Microsoft.NETCore.App.Ref\8.0.24\ref\net8.0\System.Net.dll".
             Reference found at search path location "{RawFileName}".
             This reference is not "CopyLocal" because at least one source item had "Private" set to "false" and no source items had "Private" set to "true".
         Unified primary reference "System.Numerics.Vectors, Version=8.0.0.0, Culture=neutral, PublicKeyToken=b03f5f7f11d50a3a".
             Using this version instead of original version "6.0.0.0" in "C:\NuGetPackages\bouncycastle.cryptography\2.6.2\lib\net6.0\BouncyCastle.Cryptography.dll" because AutoUnify is 'true'.
             Using this version instead of original version "6.0.0.0" in "C:\NuGetPackages\microsoft.windowsappsdk.interactiveexperiences\1.8.260125001\lib\net6.0-windows10.0.18362.0\Microsoft.InteractiveExperiences.Projection.dll" because AutoUnify is 'true'.
             Using this version instead of original version "6.0.0.0" in "C:\NuGetPackages\microsoft.windowsappsdk.winui\1.8.260204000\lib\net6.0-windows10.0.17763.0\Microsoft.WinUI.dll" because AutoUnify is 'true'.
             Resolved file path is "C:\Program Files\dotnet\packs\Microsoft.NETCore.App.Ref\8.0.24\ref\net8.0\System.Numerics.Vectors.dll".
             Reference found at search path location "{RawFileName}".
             This reference is not "CopyLocal" because at least one source item had "Private" set to "false" and no source items had "Private" set to "true".
         Primary reference "System.Numerics, Version=4.0.0.0, Culture=neutral, PublicKeyToken=b77a5c561934e089".
             Resolved file path is "C:\Program Files\dotnet\packs\Microsoft.NETCore.App.Ref\8.0.24\ref\net8.0\System.Numerics.dll".
             Reference found at search path location "{RawFileName}".
             This reference is not "CopyLocal" because at least one source item had "Private" set to "false" and no source items had "Private" set to "true".
         Unified primary reference "System.ObjectModel, Version=8.0.0.0, Culture=neutral, PublicKeyToken=b03f5f7f11d50a3a".
             Using this version instead of original version "6.0.0.0" in "C:\NuGetPackages\microsoft.windowsappsdk.winui\1.8.260204000\lib\net6.0-windows10.0.17763.0\Microsoft.WinUI.dll" because AutoUnify is 'true'.
             Resolved file path is "C:\Program Files\dotnet\packs\Microsoft.NETCore.App.Ref\8.0.24\ref\net8.0\System.ObjectModel.dll".
             Reference found at search path location "{RawFileName}".
             This reference is not "CopyLocal" because at least one source item had "Private" set to "false" and no source items had "Private" set to "true".
         Primary reference "System.Reflection.DispatchProxy, Version=8.0.0.0, Culture=neutral, PublicKeyToken=b03f5f7f11d50a3a".
             Resolved file path is "C:\Program Files\dotnet\packs\Microsoft.NETCore.App.Ref\8.0.24\ref\net8.0\System.Reflection.DispatchProxy.dll".
             Reference found at search path location "{RawFileName}".
             This reference is not "CopyLocal" because at least one source item had "Private" set to "false" and no source items had "Private" set to "true".
         Primary reference "System.Reflection.Emit.ILGeneration, Version=8.0.0.0, Culture=neutral, PublicKeyToken=b03f5f7f11d50a3a".
             Resolved file path is "C:\Program Files\dotnet\packs\Microsoft.NETCore.App.Ref\8.0.24\ref\net8.0\System.Reflection.Emit.ILGeneration.dll".
             Reference found at search path location "{RawFileName}".
             This reference is not "CopyLocal" because at least one source item had "Private" set to "false" and no source items had "Private" set to "true".
         Primary reference "System.Reflection.Emit.Lightweight, Version=8.0.0.0, Culture=neutral, PublicKeyToken=b03f5f7f11d50a3a".
             Resolved file path is "C:\Program Files\dotnet\packs\Microsoft.NETCore.App.Ref\8.0.24\ref\net8.0\System.Reflection.Emit.Lightweight.dll".
             Reference found at search path location "{RawFileName}".
             This reference is not "CopyLocal" because at least one source item had "Private" set to "false" and no source items had "Private" set to "true".
         Primary reference "System.Reflection.Emit, Version=8.0.0.0, Culture=neutral, PublicKeyToken=b03f5f7f11d50a3a".
             Resolved file path is "C:\Program Files\dotnet\packs\Microsoft.NETCore.App.Ref\8.0.24\ref\net8.0\System.Reflection.Emit.dll".
             Reference found at search path location "{RawFileName}".
             This reference is not "CopyLocal" because at least one source item had "Private" set to "false" and no source items had "Private" set to "true".
         Primary reference "System.Reflection.Extensions, Version=8.0.0.0, Culture=neutral, PublicKeyToken=b03f5f7f11d50a3a".
             Resolved file path is "C:\Program Files\dotnet\packs\Microsoft.NETCore.App.Ref\8.0.24\ref\net8.0\System.Reflection.Extensions.dll".
             Reference found at search path location "{RawFileName}".
             This reference is not "CopyLocal" because at least one source item had "Private" set to "false" and no source items had "Private" set to "true".
         Primary reference "System.Reflection.Metadata, Version=8.0.0.0, Culture=neutral, PublicKeyToken=b03f5f7f11d50a3a".
             Resolved file path is "C:\Program Files\dotnet\packs\Microsoft.NETCore.App.Ref\8.0.24\ref\net8.0\System.Reflection.Metadata.dll".
             Reference found at search path location "{RawFileName}".
             This reference is not "CopyLocal" because at least one source item had "Private" set to "false" and no source items had "Private" set to "true".
         Primary reference "System.Reflection.Primitives, Version=8.0.0.0, Culture=neutral, PublicKeyToken=b03f5f7f11d50a3a".
             Resolved file path is "C:\Program Files\dotnet\packs\Microsoft.NETCore.App.Ref\8.0.24\ref\net8.0\System.Reflection.Primitives.dll".
             Reference found at search path location "{RawFileName}".
             This reference is not "CopyLocal" because at least one source item had "Private" set to "false" and no source items had "Private" set to "true".
         Primary reference "System.Reflection.TypeExtensions, Version=8.0.0.0, Culture=neutral, PublicKeyToken=b03f5f7f11d50a3a".
             Resolved file path is "C:\Program Files\dotnet\packs\Microsoft.NETCore.App.Ref\8.0.24\ref\net8.0\System.Reflection.TypeExtensions.dll".
             Reference found at search path location "{RawFileName}".
             This reference is not "CopyLocal" because at least one source item had "Private" set to "false" and no source items had "Private" set to "true".
         Primary reference "System.Reflection, Version=8.0.0.0, Culture=neutral, PublicKeyToken=b03f5f7f11d50a3a".
             Resolved file path is "C:\Program Files\dotnet\packs\Microsoft.NETCore.App.Ref\8.0.24\ref\net8.0\System.Reflection.dll".
             Reference found at search path location "{RawFileName}".
             This reference is not "CopyLocal" because at least one source item had "Private" set to "false" and no source items had "Private" set to "true".
         Primary reference "System.Resources.Reader, Version=8.0.0.0, Culture=neutral, PublicKeyToken=b03f5f7f11d50a3a".
             Resolved file path is "C:\Program Files\dotnet\packs\Microsoft.NETCore.App.Ref\8.0.24\ref\net8.0\System.Resources.Reader.dll".
             Reference found at search path location "{RawFileName}".
             This reference is not "CopyLocal" because at least one source item had "Private" set to "false" and no source items had "Private" set to "true".
         Primary reference "System.Resources.ResourceManager, Version=8.0.0.0, Culture=neutral, PublicKeyToken=b03f5f7f11d50a3a".
             Resolved file path is "C:\Program Files\dotnet\packs\Microsoft.NETCore.App.Ref\8.0.24\ref\net8.0\System.Resources.ResourceManager.dll".
             Reference found at search path location "{RawFileName}".
             This reference is not "CopyLocal" because at least one source item had "Private" set to "false" and no source items had "Private" set to "true".
         Primary reference "System.Resources.Writer, Version=8.0.0.0, Culture=neutral, PublicKeyToken=b03f5f7f11d50a3a".
             Resolved file path is "C:\Program Files\dotnet\packs\Microsoft.NETCore.App.Ref\8.0.24\ref\net8.0\System.Resources.Writer.dll".
             Reference found at search path location "{RawFileName}".
             This reference is not "CopyLocal" because at least one source item had "Private" set to "false" and no source items had "Private" set to "true".
         Unified primary reference "System.Runtime.CompilerServices.Unsafe, Version=8.0.0.0, Culture=neutral, PublicKeyToken=b03f5f7f11d50a3a".
             Using this version instead of original version "6.0.0.0" in "C:\NuGetPackages\bouncycastle.cryptography\2.6.2\lib\net6.0\BouncyCastle.Cryptography.dll" because AutoUnify is 'true'.
             Using this version instead of original version "6.0.0.0" in "C:\NuGetPackages\microsoft.windowsappsdk.ai\1.8.47\lib\net6.0-windows10.0.17763.0\Microsoft.Graphics.Imaging.Projection.dll" because AutoUnify is 'true'.
             Using this version instead of original version "6.0.0.0" in "C:\NuGetPackages\microsoft.windowsappsdk.ai\1.8.47\lib\net6.0-windows10.0.17763.0\Microsoft.Windows.AI.ContentSafety.Projection.dll" because AutoUnify is 'true'.
             Using this version instead of original version "6.0.0.0" in "C:\NuGetPackages\microsoft.windowsappsdk.ai\1.8.47\lib\net6.0-windows10.0.17763.0\Microsoft.Windows.AI.Foundation.Projection.dll" because AutoUnify is 'true'.
             Using this version instead of original version "6.0.0.0" in "C:\NuGetPackages\microsoft.windowsappsdk.ai\1.8.47\lib\net6.0-windows10.0.17763.0\Microsoft.Windows.AI.Imaging.Projection.dll" because AutoUnify is 'true'.
             Using this version instead of original version "6.0.0.0" in "C:\NuGetPackages\microsoft.windowsappsdk.ai\1.8.47\lib\net6.0-windows10.0.17763.0\Microsoft.Windows.AI.Projection.dll" because AutoUnify is 'true'.
             Using this version instead of original version "6.0.0.0" in "C:\NuGetPackages\microsoft.windowsappsdk.ai\1.8.47\lib\net6.0-windows10.0.17763.0\Microsoft.Windows.AI.Text.Projection.dll" because AutoUnify is 'true'.
             Using this version instead of original version "6.0.0.0" in "C:\NuGetPackages\microsoft.windowsappsdk.foundation\1.8.260203002\lib\net6.0-windows10.0.17763.0\Microsoft.Security.Authentication.OAuth.Projection.dll" because AutoUnify is 'true'.
             Using this version instead of original version "6.0.0.0" in "C:\NuGetPackages\microsoft.windowsappsdk.foundation\1.8.260203002\lib\net6.0-windows10.0.17763.0\Microsoft.Windows.AppLifecycle.Projection.dll" because AutoUnify is 'true'.
             Using this version instead of original version "6.0.0.0" in "C:\NuGetPackages\microsoft.windowsappsdk.foundation\1.8.260203002\lib\net6.0-windows10.0.17763.0\Microsoft.Windows.AppNotifications.Builder.Projection.dll" because AutoUnify is 'true'.
             Using this version instead of original version "6.0.0.0" in "C:\NuGetPackages\microsoft.windowsappsdk.foundation\1.8.260203002\lib\net6.0-windows10.0.17763.0\Microsoft.Windows.AppNotifications.Projection.dll" because AutoUnify is 'true'.
             Using this version instead of original version "6.0.0.0" in "C:\NuGetPackages\microsoft.windowsappsdk.foundation\1.8.260203002\lib\net6.0-windows10.0.17763.0\Microsoft.Windows.ApplicationModel.Background.Projection.dll" because AutoUnify is 'true'.
             Using this version instead of original version "6.0.0.0" in "C:\NuGetPackages\microsoft.windowsappsdk.foundation\1.8.260203002\lib\net6.0-windows10.0.17763.0\Microsoft.Windows.ApplicationModel.DynamicDependency.Projection.dll" because AutoUnify is 'true'.
             Using this version instead of original version "6.0.0.0" in "C:\NuGetPackages\microsoft.windowsappsdk.foundation\1.8.260203002\lib\net6.0-windows10.0.17763.0\Microsoft.Windows.ApplicationModel.Resources.Projection.dll" because AutoUnify is 'true'.
             Using this version instead of original version "6.0.0.0" in "C:\NuGetPackages\microsoft.windowsappsdk.foundation\1.8.260203002\lib\net6.0-windows10.0.17763.0\Microsoft.Windows.ApplicationModel.WindowsAppRuntime.Projection.dll" because AutoUnify is 'true'.
             Using this version instead of original version "6.0.0.0" in "C:\NuGetPackages\microsoft.windowsappsdk.foundation\1.8.260203002\lib\net6.0-windows10.0.17763.0\Microsoft.Windows.BadgeNotifications.Projection.dll" because AutoUnify is 'true'.
             Using this version instead of original version "6.0.0.0" in "C:\NuGetPackages\microsoft.windowsappsdk.foundation\1.8.260203002\lib\net6.0-windows10.0.17763.0\Microsoft.Windows.Foundation.Projection.dll" because AutoUnify is 'true'.
             Using this version instead of original version "6.0.0.0" in "C:\NuGetPackages\microsoft.windowsappsdk.foundation\1.8.260203002\lib\net6.0-windows10.0.17763.0\Microsoft.Windows.Management.Deployment.Projection.dll" because AutoUnify is 'true'.
             Using this version instead of original version "6.0.0.0" in "C:\NuGetPackages\microsoft.windowsappsdk.foundation\1.8.260203002\lib\net6.0-windows10.0.17763.0\Microsoft.Windows.Media.Capture.Projection.dll" because AutoUnify is 'true'.
             Using this version instead of original version "6.0.0.0" in "C:\NuGetPackages\microsoft.windowsappsdk.foundation\1.8.260203002\lib\net6.0-windows10.0.17763.0\Microsoft.Windows.PushNotifications.Projection.dll" because AutoUnify is 'true'.
             Using this version instead of original version "6.0.0.0" in "C:\NuGetPackages\microsoft.windowsappsdk.foundation\1.8.260203002\lib\net6.0-windows10.0.17763.0\Microsoft.Windows.Security.AccessControl.Projection.dll" because AutoUnify is 'true'.
             Using this version instead of original version "6.0.0.0" in "C:\NuGetPackages\microsoft.windowsappsdk.foundation\1.8.260203002\lib\net6.0-windows10.0.17763.0\Microsoft.Windows.Storage.Pickers.Projection.dll" because AutoUnify is 'true'.
             Using this version instead of original version "6.0.0.0" in "C:\NuGetPackages\microsoft.windowsappsdk.foundation\1.8.260203002\lib\net6.0-windows10.0.17763.0\Microsoft.Windows.Storage.Projection.dll" because AutoUnify is 'true'.
             Using this version instead of original version "6.0.0.0" in "C:\NuGetPackages\microsoft.windowsappsdk.foundation\1.8.260203002\lib\net6.0-windows10.0.17763.0\Microsoft.Windows.System.Power.Projection.dll" because AutoUnify is 'true'.
             Using this version instead of original version "6.0.0.0" in "C:\NuGetPackages\microsoft.windowsappsdk.foundation\1.8.260203002\lib\net6.0-windows10.0.17763.0\Microsoft.Windows.System.Projection.dll" because AutoUnify is 'true'.
             Using this version instead of original version "6.0.0.0" in "C:\NuGetPackages\microsoft.windowsappsdk.interactiveexperiences\1.8.260125001\lib\net6.0-windows10.0.18362.0\Microsoft.InteractiveExperiences.Projection.dll" because AutoUnify is 'true'.
             Using this version instead of original version "6.0.0.0" in "C:\NuGetPackages\microsoft.windowsappsdk.ml\1.8.2124\lib\net8.0-windows10.0.17763.0\Microsoft.Windows.AI.MachineLearning.Projection.dll" because AutoUnify is 'true'.
             Using this version instead of original version "6.0.0.0" in "C:\NuGetPackages\microsoft.windowsappsdk.widgets\1.8.251231004\lib\net6.0-windows10.0.17763.0\Microsoft.Windows.Widgets.Projection.dll" because AutoUnify is 'true'.
             Using this version instead of original version "6.0.0.0" in "C:\NuGetPackages\microsoft.windowsappsdk.winui\1.8.260204000\lib\net6.0-windows10.0.17763.0\Microsoft.WinUI.dll" because AutoUnify is 'true'.
             Resolved file path is "C:\Program Files\dotnet\packs\Microsoft.NETCore.App.Ref\8.0.24\ref\net8.0\System.Runtime.CompilerServices.Unsafe.dll".
             Reference found at search path location "{RawFileName}".
             This reference is not "CopyLocal" because at least one source item had "Private" set to "false" and no source items had "Private" set to "true".
         Primary reference "System.Runtime.CompilerServices.VisualC, Version=8.0.0.0, Culture=neutral, PublicKeyToken=b03f5f7f11d50a3a".
             Resolved file path is "C:\Program Files\dotnet\packs\Microsoft.NETCore.App.Ref\8.0.24\ref\net8.0\System.Runtime.CompilerServices.VisualC.dll".
             Reference found at search path location "{RawFileName}".
             This reference is not "CopyLocal" because at least one source item had "Private" set to "false" and no source items had "Private" set to "true".
         Primary reference "System.Runtime.Extensions, Version=8.0.0.0, Culture=neutral, PublicKeyToken=b03f5f7f11d50a3a".
             Resolved file path is "C:\Program Files\dotnet\packs\Microsoft.NETCore.App.Ref\8.0.24\ref\net8.0\System.Runtime.Extensions.dll".
             Reference found at search path location "{RawFileName}".
             This reference is not "CopyLocal" because at least one source item had "Private" set to "false" and no source items had "Private" set to "true".
         Primary reference "System.Runtime.Handles, Version=8.0.0.0, Culture=neutral, PublicKeyToken=b03f5f7f11d50a3a".
             Resolved file path is "C:\Program Files\dotnet\packs\Microsoft.NETCore.App.Ref\8.0.24\ref\net8.0\System.Runtime.Handles.dll".
             Reference found at search path location "{RawFileName}".
             This reference is not "CopyLocal" because at least one source item had "Private" set to "false" and no source items had "Private" set to "true".
         Primary reference "System.Runtime.InteropServices.JavaScript, Version=8.0.0.0, Culture=neutral, PublicKeyToken=b03f5f7f11d50a3a".
             Resolved file path is "C:\Program Files\dotnet\packs\Microsoft.NETCore.App.Ref\8.0.24\ref\net8.0\System.Runtime.InteropServices.JavaScript.dll".
             Reference found at search path location "{RawFileName}".
             This reference is not "CopyLocal" because at least one source item had "Private" set to "false" and no source items had "Private" set to "true".
         Primary reference "System.Runtime.InteropServices.RuntimeInformation, Version=8.0.0.0, Culture=neutral, PublicKeyToken=b03f5f7f11d50a3a".
             Resolved file path is "C:\Program Files\dotnet\packs\Microsoft.NETCore.App.Ref\8.0.24\ref\net8.0\System.Runtime.InteropServices.RuntimeInformation.dll".
             Reference found at search path location "{RawFileName}".
             This reference is not "CopyLocal" because at least one source item had "Private" set to "false" and no source items had "Private" set to "true".
         Unified primary reference "System.Runtime.InteropServices, Version=8.0.0.0, Culture=neutral, PublicKeyToken=b03f5f7f11d50a3a".
             Using this version instead of original version "6.0.0.0" in "C:\NuGetPackages\microsoft.windowsappsdk.ai\1.8.47\lib\net6.0-windows10.0.17763.0\Microsoft.Graphics.Imaging.Projection.dll" because AutoUnify is 'true'.
             Using this version instead of original version "6.0.0.0" in "C:\NuGetPackages\microsoft.windowsappsdk.ai\1.8.47\lib\net6.0-windows10.0.17763.0\Microsoft.Windows.AI.ContentSafety.Projection.dll" because AutoUnify is 'true'.
             Using this version instead of original version "6.0.0.0" in "C:\NuGetPackages\microsoft.windowsappsdk.ai\1.8.47\lib\net6.0-windows10.0.17763.0\Microsoft.Windows.AI.Foundation.Projection.dll" because AutoUnify is 'true'.
             Using this version instead of original version "6.0.0.0" in "C:\NuGetPackages\microsoft.windowsappsdk.ai\1.8.47\lib\net6.0-windows10.0.17763.0\Microsoft.Windows.AI.Imaging.Projection.dll" because AutoUnify is 'true'.
             Using this version instead of original version "6.0.0.0" in "C:\NuGetPackages\microsoft.windowsappsdk.ai\1.8.47\lib\net6.0-windows10.0.17763.0\Microsoft.Windows.AI.Projection.dll" because AutoUnify is 'true'.
             Using this version instead of original version "6.0.0.0" in "C:\NuGetPackages\microsoft.windowsappsdk.ai\1.8.47\lib\net6.0-windows10.0.17763.0\Microsoft.Windows.AI.Text.Projection.dll" because AutoUnify is 'true'.
             Using this version instead of original version "6.0.0.0" in "C:\NuGetPackages\microsoft.windowsappsdk.foundation\1.8.260203002\lib\net6.0-windows10.0.17763.0\Microsoft.Security.Authentication.OAuth.Projection.dll" because AutoUnify is 'true'.
             Using this version instead of original version "6.0.0.0" in "C:\NuGetPackages\microsoft.windowsappsdk.foundation\1.8.260203002\lib\net6.0-windows10.0.17763.0\Microsoft.Windows.AppLifecycle.Projection.dll" because AutoUnify is 'true'.
             Using this version instead of original version "6.0.0.0" in "C:\NuGetPackages\microsoft.windowsappsdk.foundation\1.8.260203002\lib\net6.0-windows10.0.17763.0\Microsoft.Windows.AppNotifications.Builder.Projection.dll" because AutoUnify is 'true'.
             Using this version instead of original version "6.0.0.0" in "C:\NuGetPackages\microsoft.windowsappsdk.foundation\1.8.260203002\lib\net6.0-windows10.0.17763.0\Microsoft.Windows.AppNotifications.Projection.dll" because AutoUnify is 'true'.
             Using this version instead of original version "6.0.0.0" in "C:\NuGetPackages\microsoft.windowsappsdk.foundation\1.8.260203002\lib\net6.0-windows10.0.17763.0\Microsoft.Windows.ApplicationModel.Background.Projection.dll" because AutoUnify is 'true'.
             Using this version instead of original version "6.0.0.0" in "C:\NuGetPackages\microsoft.windowsappsdk.foundation\1.8.260203002\lib\net6.0-windows10.0.17763.0\Microsoft.Windows.ApplicationModel.DynamicDependency.Projection.dll" because AutoUnify is 'true'.
             Using this version instead of original version "6.0.0.0" in "C:\NuGetPackages\microsoft.windowsappsdk.foundation\1.8.260203002\lib\net6.0-windows10.0.17763.0\Microsoft.Windows.ApplicationModel.Resources.Projection.dll" because AutoUnify is 'true'.
             Using this version instead of original version "6.0.0.0" in "C:\NuGetPackages\microsoft.windowsappsdk.foundation\1.8.260203002\lib\net6.0-windows10.0.17763.0\Microsoft.Windows.ApplicationModel.WindowsAppRuntime.Projection.dll" because AutoUnify is 'true'.
             Using this version instead of original version "6.0.0.0" in "C:\NuGetPackages\microsoft.windowsappsdk.foundation\1.8.260203002\lib\net6.0-windows10.0.17763.0\Microsoft.Windows.BadgeNotifications.Projection.dll" because AutoUnify is 'true'.
             Using this version instead of original version "6.0.0.0" in "C:\NuGetPackages\microsoft.windowsappsdk.foundation\1.8.260203002\lib\net6.0-windows10.0.17763.0\Microsoft.Windows.Foundation.Projection.dll" because AutoUnify is 'true'.
             Using this version instead of original version "6.0.0.0" in "C:\NuGetPackages\microsoft.windowsappsdk.foundation\1.8.260203002\lib\net6.0-windows10.0.17763.0\Microsoft.Windows.Management.Deployment.Projection.dll" because AutoUnify is 'true'.
             Using this version instead of original version "6.0.0.0" in "C:\NuGetPackages\microsoft.windowsappsdk.foundation\1.8.260203002\lib\net6.0-windows10.0.17763.0\Microsoft.Windows.Media.Capture.Projection.dll" because AutoUnify is 'true'.
             Using this version instead of original version "6.0.0.0" in "C:\NuGetPackages\microsoft.windowsappsdk.foundation\1.8.260203002\lib\net6.0-windows10.0.17763.0\Microsoft.Windows.PushNotifications.Projection.dll" because AutoUnify is 'true'.
             Using this version instead of original version "6.0.0.0" in "C:\NuGetPackages\microsoft.windowsappsdk.foundation\1.8.260203002\lib\net6.0-windows10.0.17763.0\Microsoft.Windows.Security.AccessControl.Projection.dll" because AutoUnify is 'true'.
             Using this version instead of original version "6.0.0.0" in "C:\NuGetPackages\microsoft.windowsappsdk.foundation\1.8.260203002\lib\net6.0-windows10.0.17763.0\Microsoft.Windows.Storage.Pickers.Projection.dll" because AutoUnify is 'true'.
             Using this version instead of original version "6.0.0.0" in "C:\NuGetPackages\microsoft.windowsappsdk.foundation\1.8.260203002\lib\net6.0-windows10.0.17763.0\Microsoft.Windows.Storage.Projection.dll" because AutoUnify is 'true'.
             Using this version instead of original version "6.0.0.0" in "C:\NuGetPackages\microsoft.windowsappsdk.foundation\1.8.260203002\lib\net6.0-windows10.0.17763.0\Microsoft.Windows.System.Power.Projection.dll" because AutoUnify is 'true'.
             Using this version instead of original version "6.0.0.0" in "C:\NuGetPackages\microsoft.windowsappsdk.foundation\1.8.260203002\lib\net6.0-windows10.0.17763.0\Microsoft.Windows.System.Projection.dll" because AutoUnify is 'true'.
             Using this version instead of original version "6.0.0.0" in "C:\NuGetPackages\microsoft.windowsappsdk.interactiveexperiences\1.8.260125001\lib\net6.0-windows10.0.18362.0\Microsoft.InteractiveExperiences.Projection.dll" because AutoUnify is 'true'.
             Using this version instead of original version "6.0.0.0" in "C:\NuGetPackages\microsoft.windowsappsdk.ml\1.8.2124\lib\net8.0-windows10.0.17763.0\Microsoft.Windows.AI.MachineLearning.Projection.dll" because AutoUnify is 'true'.
             Using this version instead of original version "6.0.0.0" in "C:\NuGetPackages\microsoft.windowsappsdk.widgets\1.8.251231004\lib\net6.0-windows10.0.17763.0\Microsoft.Windows.Widgets.Projection.dll" because AutoUnify is 'true'.
             Using this version instead of original version "6.0.0.0" in "C:\NuGetPackages\microsoft.windowsappsdk.winui\1.8.260204000\lib\net6.0-windows10.0.17763.0\Microsoft.WinUI.dll" because AutoUnify is 'true'.
             Resolved file path is "C:\Program Files\dotnet\packs\Microsoft.NETCore.App.Ref\8.0.24\ref\net8.0\System.Runtime.InteropServices.dll".
             Reference found at search path location "{RawFileName}".
             This reference is not "CopyLocal" because at least one source item had "Private" set to "false" and no source items had "Private" set to "true".
         Unified primary reference "System.Runtime.Intrinsics, Version=8.0.0.0, Culture=neutral, PublicKeyToken=cc7b13ffcd2ddd51".
             Using this version instead of original version "6.0.0.0" in "C:\NuGetPackages\bouncycastle.cryptography\2.6.2\lib\net6.0\BouncyCastle.Cryptography.dll" because AutoUnify is 'true'.
             Resolved file path is "C:\Program Files\dotnet\packs\Microsoft.NETCore.App.Ref\8.0.24\ref\net8.0\System.Runtime.Intrinsics.dll".
             Reference found at search path location "{RawFileName}".
             This reference is not "CopyLocal" because at least one source item had "Private" set to "false" and no source items had "Private" set to "true".
         Primary reference "System.Runtime.Loader, Version=8.0.0.0, Culture=neutral, PublicKeyToken=b03f5f7f11d50a3a".
             Resolved file path is "C:\Program Files\dotnet\packs\Microsoft.NETCore.App.Ref\8.0.24\ref\net8.0\System.Runtime.Loader.dll".
             Reference found at search path location "{RawFileName}".
             This reference is not "CopyLocal" because at least one source item had "Private" set to "false" and no source items had "Private" set to "true".
         Primary reference "System.Runtime.Numerics, Version=8.0.0.0, Culture=neutral, PublicKeyToken=b03f5f7f11d50a3a".
             Resolved file path is "C:\Program Files\dotnet\packs\Microsoft.NETCore.App.Ref\8.0.24\ref\net8.0\System.Runtime.Numerics.dll".
             Reference found at search path location "{RawFileName}".
             This reference is not "CopyLocal" because at least one source item had "Private" set to "false" and no source items had "Private" set to "true".
         Primary reference "System.Runtime.Serialization.Formatters, Version=8.0.0.0, Culture=neutral, PublicKeyToken=b03f5f7f11d50a3a".
             Resolved file path is "C:\Program Files\dotnet\packs\Microsoft.NETCore.App.Ref\8.0.24\ref\net8.0\System.Runtime.Serialization.Formatters.dll".
             Reference found at search path location "{RawFileName}".
             This reference is not "CopyLocal" because at least one source item had "Private" set to "false" and no source items had "Private" set to "true".
         Primary reference "System.Runtime.Serialization.Json, Version=8.0.0.0, Culture=neutral, PublicKeyToken=b03f5f7f11d50a3a".
             Resolved file path is "C:\Program Files\dotnet\packs\Microsoft.NETCore.App.Ref\8.0.24\ref\net8.0\System.Runtime.Serialization.Json.dll".
             Reference found at search path location "{RawFileName}".
             This reference is not "CopyLocal" because at least one source item had "Private" set to "false" and no source items had "Private" set to "true".
         Primary reference "System.Runtime.Serialization.Primitives, Version=8.0.0.0, Culture=neutral, PublicKeyToken=b03f5f7f11d50a3a".
             Resolved file path is "C:\Program Files\dotnet\packs\Microsoft.NETCore.App.Ref\8.0.24\ref\net8.0\System.Runtime.Serialization.Primitives.dll".
             Reference found at search path location "{RawFileName}".
             This reference is not "CopyLocal" because at least one source item had "Private" set to "false" and no source items had "Private" set to "true".
         Primary reference "System.Runtime.Serialization.Xml, Version=8.0.0.0, Culture=neutral, PublicKeyToken=b03f5f7f11d50a3a".
             Resolved file path is "C:\Program Files\dotnet\packs\Microsoft.NETCore.App.Ref\8.0.24\ref\net8.0\System.Runtime.Serialization.Xml.dll".
             Reference found at search path location "{RawFileName}".
             This reference is not "CopyLocal" because at least one source item had "Private" set to "false" and no source items had "Private" set to "true".
         Primary reference "System.Runtime.Serialization, Version=4.0.0.0, Culture=neutral, PublicKeyToken=b77a5c561934e089".
             Resolved file path is "C:\Program Files\dotnet\packs\Microsoft.NETCore.App.Ref\8.0.24\ref\net8.0\System.Runtime.Serialization.dll".
             Reference found at search path location "{RawFileName}".
             This reference is not "CopyLocal" because at least one source item had "Private" set to "false" and no source items had "Private" set to "true".
         Unified primary reference "System.Runtime, Version=8.0.0.0, Culture=neutral, PublicKeyToken=b03f5f7f11d50a3a".
             Using this version instead of original version "6.0.0.0" in "C:\NuGetPackages\bouncycastle.cryptography\2.6.2\lib\net6.0\BouncyCastle.Cryptography.dll" because AutoUnify is 'true'.
             Using this version instead of original version "6.0.0.0" in "C:\NuGetPackages\microsoft.windowsappsdk.ai\1.8.47\lib\net6.0-windows10.0.17763.0\Microsoft.Graphics.Imaging.Projection.dll" because AutoUnify is 'true'.
             Using this version instead of original version "6.0.0.0" in "C:\NuGetPackages\microsoft.windowsappsdk.ai\1.8.47\lib\net6.0-windows10.0.17763.0\Microsoft.Windows.AI.ContentSafety.Projection.dll" because AutoUnify is 'true'.
             Using this version instead of original version "6.0.0.0" in "C:\NuGetPackages\microsoft.windowsappsdk.ai\1.8.47\lib\net6.0-windows10.0.17763.0\Microsoft.Windows.AI.Foundation.Projection.dll" because AutoUnify is 'true'.
             Using this version instead of original version "6.0.0.0" in "C:\NuGetPackages\microsoft.windowsappsdk.ai\1.8.47\lib\net6.0-windows10.0.17763.0\Microsoft.Windows.AI.Imaging.Projection.dll" because AutoUnify is 'true'.
             Using this version instead of original version "6.0.0.0" in "C:\NuGetPackages\microsoft.windowsappsdk.ai\1.8.47\lib\net6.0-windows10.0.17763.0\Microsoft.Windows.AI.Projection.dll" because AutoUnify is 'true'.
             Using this version instead of original version "6.0.0.0" in "C:\NuGetPackages\microsoft.windowsappsdk.ai\1.8.47\lib\net6.0-windows10.0.17763.0\Microsoft.Windows.AI.Text.Projection.dll" because AutoUnify is 'true'.
             Using this version instead of original version "6.0.0.0" in "C:\NuGetPackages\microsoft.windowsappsdk.foundation\1.8.260203002\lib\net6.0-windows10.0.17763.0\Microsoft.Security.Authentication.OAuth.Projection.dll" because AutoUnify is 'true'.
             Using this version instead of original version "6.0.0.0" in "C:\NuGetPackages\microsoft.windowsappsdk.foundation\1.8.260203002\lib\net6.0-windows10.0.17763.0\Microsoft.Windows.AppLifecycle.Projection.dll" because AutoUnify is 'true'.
             Using this version instead of original version "6.0.0.0" in "C:\NuGetPackages\microsoft.windowsappsdk.foundation\1.8.260203002\lib\net6.0-windows10.0.17763.0\Microsoft.Windows.AppNotifications.Builder.Projection.dll" because AutoUnify is 'true'.
             Using this version instead of original version "6.0.0.0" in "C:\NuGetPackages\microsoft.windowsappsdk.foundation\1.8.260203002\lib\net6.0-windows10.0.17763.0\Microsoft.Windows.AppNotifications.Projection.dll" because AutoUnify is 'true'.
             Using this version instead of original version "6.0.0.0" in "C:\NuGetPackages\microsoft.windowsappsdk.foundation\1.8.260203002\lib\net6.0-windows10.0.17763.0\Microsoft.Windows.ApplicationModel.Background.Projection.dll" because AutoUnify is 'true'.
             Using this version instead of original version "6.0.0.0" in "C:\NuGetPackages\microsoft.windowsappsdk.foundation\1.8.260203002\lib\net6.0-windows10.0.17763.0\Microsoft.Windows.ApplicationModel.DynamicDependency.Projection.dll" because AutoUnify is 'true'.
             Using this version instead of original version "6.0.0.0" in "C:\NuGetPackages\microsoft.windowsappsdk.foundation\1.8.260203002\lib\net6.0-windows10.0.17763.0\Microsoft.Windows.ApplicationModel.Resources.Projection.dll" because AutoUnify is 'true'.
             Using this version instead of original version "6.0.0.0" in "C:\NuGetPackages\microsoft.windowsappsdk.foundation\1.8.260203002\lib\net6.0-windows10.0.17763.0\Microsoft.Windows.ApplicationModel.WindowsAppRuntime.Projection.dll" because AutoUnify is 'true'.
             Using this version instead of original version "6.0.0.0" in "C:\NuGetPackages\microsoft.windowsappsdk.foundation\1.8.260203002\lib\net6.0-windows10.0.17763.0\Microsoft.Windows.BadgeNotifications.Projection.dll" because AutoUnify is 'true'.
             Using this version instead of original version "6.0.0.0" in "C:\NuGetPackages\microsoft.windowsappsdk.foundation\1.8.260203002\lib\net6.0-windows10.0.17763.0\Microsoft.Windows.Foundation.Projection.dll" because AutoUnify is 'true'.
             Using this version instead of original version "6.0.0.0" in "C:\NuGetPackages\microsoft.windowsappsdk.foundation\1.8.260203002\lib\net6.0-windows10.0.17763.0\Microsoft.Windows.Management.Deployment.Projection.dll" because AutoUnify is 'true'.
             Using this version instead of original version "6.0.0.0" in "C:\NuGetPackages\microsoft.windowsappsdk.foundation\1.8.260203002\lib\net6.0-windows10.0.17763.0\Microsoft.Windows.Media.Capture.Projection.dll" because AutoUnify is 'true'.
             Using this version instead of original version "6.0.0.0" in "C:\NuGetPackages\microsoft.windowsappsdk.foundation\1.8.260203002\lib\net6.0-windows10.0.17763.0\Microsoft.Windows.PushNotifications.Projection.dll" because AutoUnify is 'true'.
             Using this version instead of original version "6.0.0.0" in "C:\NuGetPackages\microsoft.windowsappsdk.foundation\1.8.260203002\lib\net6.0-windows10.0.17763.0\Microsoft.Windows.Security.AccessControl.Projection.dll" because AutoUnify is 'true'.
             Using this version instead of original version "6.0.0.0" in "C:\NuGetPackages\microsoft.windowsappsdk.foundation\1.8.260203002\lib\net6.0-windows10.0.17763.0\Microsoft.Windows.Storage.Pickers.Projection.dll" because AutoUnify is 'true'.
             Using this version instead of original version "6.0.0.0" in "C:\NuGetPackages\microsoft.windowsappsdk.foundation\1.8.260203002\lib\net6.0-windows10.0.17763.0\Microsoft.Windows.Storage.Projection.dll" because AutoUnify is 'true'.
             Using this version instead of original version "6.0.0.0" in "C:\NuGetPackages\microsoft.windowsappsdk.foundation\1.8.260203002\lib\net6.0-windows10.0.17763.0\Microsoft.Windows.System.Power.Projection.dll" because AutoUnify is 'true'.
             Using this version instead of original version "6.0.0.0" in "C:\NuGetPackages\microsoft.windowsappsdk.foundation\1.8.260203002\lib\net6.0-windows10.0.17763.0\Microsoft.Windows.System.Projection.dll" because AutoUnify is 'true'.
             Using this version instead of original version "6.0.0.0" in "C:\NuGetPackages\microsoft.windowsappsdk.foundation\1.8.260203002\lib\net6.0-windows10.0.17763.0\Microsoft.WindowsAppRuntime.Bootstrap.Net.dll" because AutoUnify is 'true'.
             Using this version instead of original version "6.0.0.0" in "C:\NuGetPackages\microsoft.windowsappsdk.interactiveexperiences\1.8.260125001\lib\net6.0-windows10.0.18362.0\Microsoft.InteractiveExperiences.Projection.dll" because AutoUnify is 'true'.
             Using this version instead of original version "6.0.0.0" in "C:\NuGetPackages\microsoft.windowsappsdk.ml\1.8.2124\lib\net8.0-windows10.0.17763.0\Microsoft.Windows.AI.MachineLearning.Projection.dll" because AutoUnify is 'true'.
             Using this version instead of original version "6.0.0.0" in "C:\NuGetPackages\microsoft.windowsappsdk.widgets\1.8.251231004\lib\net6.0-windows10.0.17763.0\Microsoft.Windows.Widgets.Projection.dll" because AutoUnify is 'true'.
             Using this version instead of original version "6.0.0.0" in "C:\NuGetPackages\microsoft.windowsappsdk.winui\1.8.260204000\lib\net6.0-windows10.0.17763.0\Microsoft.WinUI.dll" because AutoUnify is 'true'.
             Resolved file path is "C:\Program Files\dotnet\packs\Microsoft.NETCore.App.Ref\8.0.24\ref\net8.0\System.Runtime.dll".
             Reference found at search path location "{RawFileName}".
             This reference is not "CopyLocal" because at least one source item had "Private" set to "false" and no source items had "Private" set to "true".
         Primary reference "System.Security.AccessControl, Version=8.0.0.0, Culture=neutral, PublicKeyToken=b03f5f7f11d50a3a".
             Resolved file path is "C:\Program Files\dotnet\packs\Microsoft.NETCore.App.Ref\8.0.24\ref\net8.0\System.Security.AccessControl.dll".
             Reference found at search path location "{RawFileName}".
             This reference is not "CopyLocal" because at least one source item had "Private" set to "false" and no source items had "Private" set to "true".
         Primary reference "System.Security.Claims, Version=8.0.0.0, Culture=neutral, PublicKeyToken=b03f5f7f11d50a3a".
             Resolved file path is "C:\Program Files\dotnet\packs\Microsoft.NETCore.App.Ref\8.0.24\ref\net8.0\System.Security.Claims.dll".
             Reference found at search path location "{RawFileName}".
             This reference is not "CopyLocal" because at least one source item had "Private" set to "false" and no source items had "Private" set to "true".
         Unified primary reference "System.Security.Cryptography.Algorithms, Version=8.0.0.0, Culture=neutral, PublicKeyToken=b03f5f7f11d50a3a".
             Using this version instead of original version "6.0.0.0" in "C:\NuGetPackages\bouncycastle.cryptography\2.6.2\lib\net6.0\BouncyCastle.Cryptography.dll" because AutoUnify is 'true'.
             Resolved file path is "C:\Program Files\dotnet\packs\Microsoft.NETCore.App.Ref\8.0.24\ref\net8.0\System.Security.Cryptography.Algorithms.dll".
             Reference found at search path location "{RawFileName}".
             This reference is not "CopyLocal" because at least one source item had "Private" set to "false" and no source items had "Private" set to "true".
         Primary reference "System.Security.Cryptography.Cng, Version=8.0.0.0, Culture=neutral, PublicKeyToken=b03f5f7f11d50a3a".
             Resolved file path is "C:\Program Files\dotnet\packs\Microsoft.NETCore.App.Ref\8.0.24\ref\net8.0\System.Security.Cryptography.Cng.dll".
             Reference found at search path location "{RawFileName}".
             This reference is not "CopyLocal" because at least one source item had "Private" set to "false" and no source items had "Private" set to "true".
         Unified primary reference "System.Security.Cryptography.Csp, Version=8.0.0.0, Culture=neutral, PublicKeyToken=b03f5f7f11d50a3a".
             Using this version instead of original version "6.0.0.0" in "C:\NuGetPackages\bouncycastle.cryptography\2.6.2\lib\net6.0\BouncyCastle.Cryptography.dll" because AutoUnify is 'true'.
             Resolved file path is "C:\Program Files\dotnet\packs\Microsoft.NETCore.App.Ref\8.0.24\ref\net8.0\System.Security.Cryptography.Csp.dll".
             Reference found at search path location "{RawFileName}".
             This reference is not "CopyLocal" because at least one source item had "Private" set to "false" and no source items had "Private" set to "true".
         Unified primary reference "System.Security.Cryptography.Encoding, Version=8.0.0.0, Culture=neutral, PublicKeyToken=b03f5f7f11d50a3a".
             Using this version instead of original version "6.0.0.0" in "C:\NuGetPackages\bouncycastle.cryptography\2.6.2\lib\net6.0\BouncyCastle.Cryptography.dll" because AutoUnify is 'true'.
             Resolved file path is "C:\Program Files\dotnet\packs\Microsoft.NETCore.App.Ref\8.0.24\ref\net8.0\System.Security.Cryptography.Encoding.dll".
             Reference found at search path location "{RawFileName}".
             This reference is not "CopyLocal" because at least one source item had "Private" set to "false" and no source items had "Private" set to "true".
         Primary reference "System.Security.Cryptography.OpenSsl, Version=8.0.0.0, Culture=neutral, PublicKeyToken=b03f5f7f11d50a3a".
             Resolved file path is "C:\Program Files\dotnet\packs\Microsoft.NETCore.App.Ref\8.0.24\ref\net8.0\System.Security.Cryptography.OpenSsl.dll".
             Reference found at search path location "{RawFileName}".
             This reference is not "CopyLocal" because at least one source item had "Private" set to "false" and no source items had "Private" set to "true".
         Unified primary reference "System.Security.Cryptography.Primitives, Version=8.0.0.0, Culture=neutral, PublicKeyToken=b03f5f7f11d50a3a".
             Using this version instead of original version "6.0.0.0" in "C:\NuGetPackages\bouncycastle.cryptography\2.6.2\lib\net6.0\BouncyCastle.Cryptography.dll" because AutoUnify is 'true'.
             Resolved file path is "C:\Program Files\dotnet\packs\Microsoft.NETCore.App.Ref\8.0.24\ref\net8.0\System.Security.Cryptography.Primitives.dll".
             Reference found at search path location "{RawFileName}".
             This reference is not "CopyLocal" because at least one source item had "Private" set to "false" and no source items had "Private" set to "true".
         Unified primary reference "System.Security.Cryptography.X509Certificates, Version=8.0.0.0, Culture=neutral, PublicKeyToken=b03f5f7f11d50a3a".
             Using this version instead of original version "6.0.0.0" in "C:\NuGetPackages\bouncycastle.cryptography\2.6.2\lib\net6.0\BouncyCastle.Cryptography.dll" because AutoUnify is 'true'.
             Resolved file path is "C:\Program Files\dotnet\packs\Microsoft.NETCore.App.Ref\8.0.24\ref\net8.0\System.Security.Cryptography.X509Certificates.dll".
             Reference found at search path location "{RawFileName}".
             This reference is not "CopyLocal" because at least one source item had "Private" set to "false" and no source items had "Private" set to "true".
         Primary reference "System.Security.Cryptography, Version=8.0.0.0, Culture=neutral, PublicKeyToken=b03f5f7f11d50a3a".
             Resolved file path is "C:\Program Files\dotnet\packs\Microsoft.NETCore.App.Ref\8.0.24\ref\net8.0\System.Security.Cryptography.dll".
             Reference found at search path location "{RawFileName}".
             This reference is not "CopyLocal" because at least one source item had "Private" set to "false" and no source items had "Private" set to "true".
         Primary reference "System.Security.Principal.Windows, Version=8.0.0.0, Culture=neutral, PublicKeyToken=b03f5f7f11d50a3a".
             Resolved file path is "C:\Program Files\dotnet\packs\Microsoft.NETCore.App.Ref\8.0.24\ref\net8.0\System.Security.Principal.Windows.dll".
             Reference found at search path location "{RawFileName}".
             This reference is not "CopyLocal" because at least one source item had "Private" set to "false" and no source items had "Private" set to "true".
         Primary reference "System.Security.Principal, Version=8.0.0.0, Culture=neutral, PublicKeyToken=b03f5f7f11d50a3a".
             Resolved file path is "C:\Program Files\dotnet\packs\Microsoft.NETCore.App.Ref\8.0.24\ref\net8.0\System.Security.Principal.dll".
             Reference found at search path location "{RawFileName}".
             This reference is not "CopyLocal" because at least one source item had "Private" set to "false" and no source items had "Private" set to "true".
         Primary reference "System.Security.SecureString, Version=8.0.0.0, Culture=neutral, PublicKeyToken=b03f5f7f11d50a3a".
             Resolved file path is "C:\Program Files\dotnet\packs\Microsoft.NETCore.App.Ref\8.0.24\ref\net8.0\System.Security.SecureString.dll".
             Reference found at search path location "{RawFileName}".
             This reference is not "CopyLocal" because at least one source item had "Private" set to "false" and no source items had "Private" set to "true".
         Primary reference "System.Security, Version=4.0.0.0, Culture=neutral, PublicKeyToken=b03f5f7f11d50a3a".
             Resolved file path is "C:\Program Files\dotnet\packs\Microsoft.NETCore.App.Ref\8.0.24\ref\net8.0\System.Security.dll".
             Reference found at search path location "{RawFileName}".
             This reference is not "CopyLocal" because at least one source item had "Private" set to "false" and no source items had "Private" set to "true".
         Primary reference "System.ServiceModel.Web, Version=4.0.0.0, Culture=neutral, PublicKeyToken=31bf3856ad364e35".
             Resolved file path is "C:\Program Files\dotnet\packs\Microsoft.NETCore.App.Ref\8.0.24\ref\net8.0\System.ServiceModel.Web.dll".
             Reference found at search path location "{RawFileName}".
             This reference is not "CopyLocal" because at least one source item had "Private" set to "false" and no source items had "Private" set to "true".
         Primary reference "System.ServiceProcess, Version=4.0.0.0, Culture=neutral, PublicKeyToken=b03f5f7f11d50a3a".
             Resolved file path is "C:\Program Files\dotnet\packs\Microsoft.NETCore.App.Ref\8.0.24\ref\net8.0\System.ServiceProcess.dll".
             Reference found at search path location "{RawFileName}".
             This reference is not "CopyLocal" because at least one source item had "Private" set to "false" and no source items had "Private" set to "true".
         Primary reference "System.Text.Encoding.CodePages, Version=8.0.0.0, Culture=neutral, PublicKeyToken=b03f5f7f11d50a3a".
             Resolved file path is "C:\Program Files\dotnet\packs\Microsoft.NETCore.App.Ref\8.0.24\ref\net8.0\System.Text.Encoding.CodePages.dll".
             Reference found at search path location "{RawFileName}".
             This reference is not "CopyLocal" because at least one source item had "Private" set to "false" and no source items had "Private" set to "true".
         Primary reference "System.Text.Encoding.Extensions, Version=8.0.0.0, Culture=neutral, PublicKeyToken=b03f5f7f11d50a3a".
             Resolved file path is "C:\Program Files\dotnet\packs\Microsoft.NETCore.App.Ref\8.0.24\ref\net8.0\System.Text.Encoding.Extensions.dll".
             Reference found at search path location "{RawFileName}".
             This reference is not "CopyLocal" because at least one source item had "Private" set to "false" and no source items had "Private" set to "true".
         Primary reference "System.Text.Encoding, Version=8.0.0.0, Culture=neutral, PublicKeyToken=b03f5f7f11d50a3a".
             Resolved file path is "C:\Program Files\dotnet\packs\Microsoft.NETCore.App.Ref\8.0.24\ref\net8.0\System.Text.Encoding.dll".
             Reference found at search path location "{RawFileName}".
             This reference is not "CopyLocal" because at least one source item had "Private" set to "false" and no source items had "Private" set to "true".
         Primary reference "System.Text.Encodings.Web, Version=8.0.0.0, Culture=neutral, PublicKeyToken=cc7b13ffcd2ddd51".
             Resolved file path is "C:\Program Files\dotnet\packs\Microsoft.NETCore.App.Ref\8.0.24\ref\net8.0\System.Text.Encodings.Web.dll".
             Reference found at search path location "{RawFileName}".
             This reference is not "CopyLocal" because at least one source item had "Private" set to "false" and no source items had "Private" set to "true".
         Primary reference "System.Text.Json, Version=8.0.0.0, Culture=neutral, PublicKeyToken=cc7b13ffcd2ddd51".
             Resolved file path is "C:\Program Files\dotnet\packs\Microsoft.NETCore.App.Ref\8.0.24\ref\net8.0\System.Text.Json.dll".
             Reference found at search path location "{RawFileName}".
             This reference is not "CopyLocal" because at least one source item had "Private" set to "false" and no source items had "Private" set to "true".
         Primary reference "System.Text.RegularExpressions, Version=8.0.0.0, Culture=neutral, PublicKeyToken=b03f5f7f11d50a3a".
             Resolved file path is "C:\Program Files\dotnet\packs\Microsoft.NETCore.App.Ref\8.0.24\ref\net8.0\System.Text.RegularExpressions.dll".
             Reference found at search path location "{RawFileName}".
             This reference is not "CopyLocal" because at least one source item had "Private" set to "false" and no source items had "Private" set to "true".
         Primary reference "System.Threading.Channels, Version=8.0.0.0, Culture=neutral, PublicKeyToken=cc7b13ffcd2ddd51".
             Resolved file path is "C:\Program Files\dotnet\packs\Microsoft.NETCore.App.Ref\8.0.24\ref\net8.0\System.Threading.Channels.dll".
             Reference found at search path location "{RawFileName}".
             This reference is not "CopyLocal" because at least one source item had "Private" set to "false" and no source items had "Private" set to "true".
         Primary reference "System.Threading.Overlapped, Version=8.0.0.0, Culture=neutral, PublicKeyToken=b03f5f7f11d50a3a".
             Resolved file path is "C:\Program Files\dotnet\packs\Microsoft.NETCore.App.Ref\8.0.24\ref\net8.0\System.Threading.Overlapped.dll".
             Reference found at search path location "{RawFileName}".
             This reference is not "CopyLocal" because at least one source item had "Private" set to "false" and no source items had "Private" set to "true".
         Primary reference "System.Threading.Tasks.Dataflow, Version=8.0.0.0, Culture=neutral, PublicKeyToken=b03f5f7f11d50a3a".
             Resolved file path is "C:\Program Files\dotnet\packs\Microsoft.NETCore.App.Ref\8.0.24\ref\net8.0\System.Threading.Tasks.Dataflow.dll".
             Reference found at search path location "{RawFileName}".
             This reference is not "CopyLocal" because at least one source item had "Private" set to "false" and no source items had "Private" set to "true".
         Primary reference "System.Threading.Tasks.Extensions, Version=8.0.0.0, Culture=neutral, PublicKeyToken=cc7b13ffcd2ddd51".
             Resolved file path is "C:\Program Files\dotnet\packs\Microsoft.NETCore.App.Ref\8.0.24\ref\net8.0\System.Threading.Tasks.Extensions.dll".
             Reference found at search path location "{RawFileName}".
             This reference is not "CopyLocal" because at least one source item had "Private" set to "false" and no source items had "Private" set to "true".
         Primary reference "System.Threading.Tasks.Parallel, Version=8.0.0.0, Culture=neutral, PublicKeyToken=b03f5f7f11d50a3a".
             Resolved file path is "C:\Program Files\dotnet\packs\Microsoft.NETCore.App.Ref\8.0.24\ref\net8.0\System.Threading.Tasks.Parallel.dll".
             Reference found at search path location "{RawFileName}".
             This reference is not "CopyLocal" because at least one source item had "Private" set to "false" and no source items had "Private" set to "true".
         Primary reference "System.Threading.Tasks, Version=8.0.0.0, Culture=neutral, PublicKeyToken=b03f5f7f11d50a3a".
             Resolved file path is "C:\Program Files\dotnet\packs\Microsoft.NETCore.App.Ref\8.0.24\ref\net8.0\System.Threading.Tasks.dll".
             Reference found at search path location "{RawFileName}".
             This reference is not "CopyLocal" because at least one source item had "Private" set to "false" and no source items had "Private" set to "true".
         Primary reference "System.Threading.Thread, Version=8.0.0.0, Culture=neutral, PublicKeyToken=b03f5f7f11d50a3a".
             Resolved file path is "C:\Program Files\dotnet\packs\Microsoft.NETCore.App.Ref\8.0.24\ref\net8.0\System.Threading.Thread.dll".
             Reference found at search path location "{RawFileName}".
             This reference is not "CopyLocal" because at least one source item had "Private" set to "false" and no source items had "Private" set to "true".
         Primary reference "System.Threading.ThreadPool, Version=8.0.0.0, Culture=neutral, PublicKeyToken=b03f5f7f11d50a3a".
             Resolved file path is "C:\Program Files\dotnet\packs\Microsoft.NETCore.App.Ref\8.0.24\ref\net8.0\System.Threading.ThreadPool.dll".
             Reference found at search path location "{RawFileName}".
             This reference is not "CopyLocal" because at least one source item had "Private" set to "false" and no source items had "Private" set to "true".
         Primary reference "System.Threading.Timer, Version=8.0.0.0, Culture=neutral, PublicKeyToken=b03f5f7f11d50a3a".
             Resolved file path is "C:\Program Files\dotnet\packs\Microsoft.NETCore.App.Ref\8.0.24\ref\net8.0\System.Threading.Timer.dll".
             Reference found at search path location "{RawFileName}".
             This reference is not "CopyLocal" because at least one source item had "Private" set to "false" and no source items had "Private" set to "true".
         Unified primary reference "System.Threading, Version=8.0.0.0, Culture=neutral, PublicKeyToken=b03f5f7f11d50a3a".
             Using this version instead of original version "6.0.0.0" in "C:\NuGetPackages\bouncycastle.cryptography\2.6.2\lib\net6.0\BouncyCastle.Cryptography.dll" because AutoUnify is 'true'.
             Using this version instead of original version "6.0.0.0" in "C:\NuGetPackages\microsoft.windowsappsdk.ai\1.8.47\lib\net6.0-windows10.0.17763.0\Microsoft.Graphics.Imaging.Projection.dll" because AutoUnify is 'true'.
             Using this version instead of original version "6.0.0.0" in "C:\NuGetPackages\microsoft.windowsappsdk.ai\1.8.47\lib\net6.0-windows10.0.17763.0\Microsoft.Windows.AI.ContentSafety.Projection.dll" because AutoUnify is 'true'.
             Using this version instead of original version "6.0.0.0" in "C:\NuGetPackages\microsoft.windowsappsdk.ai\1.8.47\lib\net6.0-windows10.0.17763.0\Microsoft.Windows.AI.Foundation.Projection.dll" because AutoUnify is 'true'.
             Using this version instead of original version "6.0.0.0" in "C:\NuGetPackages\microsoft.windowsappsdk.ai\1.8.47\lib\net6.0-windows10.0.17763.0\Microsoft.Windows.AI.Imaging.Projection.dll" because AutoUnify is 'true'.
             Using this version instead of original version "6.0.0.0" in "C:\NuGetPackages\microsoft.windowsappsdk.ai\1.8.47\lib\net6.0-windows10.0.17763.0\Microsoft.Windows.AI.Projection.dll" because AutoUnify is 'true'.
             Using this version instead of original version "6.0.0.0" in "C:\NuGetPackages\microsoft.windowsappsdk.ai\1.8.47\lib\net6.0-windows10.0.17763.0\Microsoft.Windows.AI.Text.Projection.dll" because AutoUnify is 'true'.
             Using this version instead of original version "6.0.0.0" in "C:\NuGetPackages\microsoft.windowsappsdk.foundation\1.8.260203002\lib\net6.0-windows10.0.17763.0\Microsoft.Security.Authentication.OAuth.Projection.dll" because AutoUnify is 'true'.
             Using this version instead of original version "6.0.0.0" in "C:\NuGetPackages\microsoft.windowsappsdk.foundation\1.8.260203002\lib\net6.0-windows10.0.17763.0\Microsoft.Windows.AppLifecycle.Projection.dll" because AutoUnify is 'true'.
             Using this version instead of original version "6.0.0.0" in "C:\NuGetPackages\microsoft.windowsappsdk.foundation\1.8.260203002\lib\net6.0-windows10.0.17763.0\Microsoft.Windows.AppNotifications.Builder.Projection.dll" because AutoUnify is 'true'.
             Using this version instead of original version "6.0.0.0" in "C:\NuGetPackages\microsoft.windowsappsdk.foundation\1.8.260203002\lib\net6.0-windows10.0.17763.0\Microsoft.Windows.AppNotifications.Projection.dll" because AutoUnify is 'true'.
             Using this version instead of original version "6.0.0.0" in "C:\NuGetPackages\microsoft.windowsappsdk.foundation\1.8.260203002\lib\net6.0-windows10.0.17763.0\Microsoft.Windows.ApplicationModel.Background.Projection.dll" because AutoUnify is 'true'.
             Using this version instead of original version "6.0.0.0" in "C:\NuGetPackages\microsoft.windowsappsdk.foundation\1.8.260203002\lib\net6.0-windows10.0.17763.0\Microsoft.Windows.ApplicationModel.DynamicDependency.Projection.dll" because AutoUnify is 'true'.
             Using this version instead of original version "6.0.0.0" in "C:\NuGetPackages\microsoft.windowsappsdk.foundation\1.8.260203002\lib\net6.0-windows10.0.17763.0\Microsoft.Windows.ApplicationModel.Resources.Projection.dll" because AutoUnify is 'true'.
             Using this version instead of original version "6.0.0.0" in "C:\NuGetPackages\microsoft.windowsappsdk.foundation\1.8.260203002\lib\net6.0-windows10.0.17763.0\Microsoft.Windows.ApplicationModel.WindowsAppRuntime.Projection.dll" because AutoUnify is 'true'.
             Using this version instead of original version "6.0.0.0" in "C:\NuGetPackages\microsoft.windowsappsdk.foundation\1.8.260203002\lib\net6.0-windows10.0.17763.0\Microsoft.Windows.BadgeNotifications.Projection.dll" because AutoUnify is 'true'.
             Using this version instead of original version "6.0.0.0" in "C:\NuGetPackages\microsoft.windowsappsdk.foundation\1.8.260203002\lib\net6.0-windows10.0.17763.0\Microsoft.Windows.Management.Deployment.Projection.dll" because AutoUnify is 'true'.
             Using this version instead of original version "6.0.0.0" in "C:\NuGetPackages\microsoft.windowsappsdk.foundation\1.8.260203002\lib\net6.0-windows10.0.17763.0\Microsoft.Windows.Media.Capture.Projection.dll" because AutoUnify is 'true'.
             Using this version instead of original version "6.0.0.0" in "C:\NuGetPackages\microsoft.windowsappsdk.foundation\1.8.260203002\lib\net6.0-windows10.0.17763.0\Microsoft.Windows.PushNotifications.Projection.dll" because AutoUnify is 'true'.
             Using this version instead of original version "6.0.0.0" in "C:\NuGetPackages\microsoft.windowsappsdk.foundation\1.8.260203002\lib\net6.0-windows10.0.17763.0\Microsoft.Windows.Storage.Pickers.Projection.dll" because AutoUnify is 'true'.
             Using this version instead of original version "6.0.0.0" in "C:\NuGetPackages\microsoft.windowsappsdk.foundation\1.8.260203002\lib\net6.0-windows10.0.17763.0\Microsoft.Windows.Storage.Projection.dll" because AutoUnify is 'true'.
             Using this version instead of original version "6.0.0.0" in "C:\NuGetPackages\microsoft.windowsappsdk.foundation\1.8.260203002\lib\net6.0-windows10.0.17763.0\Microsoft.Windows.System.Power.Projection.dll" because AutoUnify is 'true'.
             Using this version instead of original version "6.0.0.0" in "C:\NuGetPackages\microsoft.windowsappsdk.foundation\1.8.260203002\lib\net6.0-windows10.0.17763.0\Microsoft.Windows.System.Projection.dll" because AutoUnify is 'true'.
             Using this version instead of original version "6.0.0.0" in "C:\NuGetPackages\microsoft.windowsappsdk.interactiveexperiences\1.8.260125001\lib\net6.0-windows10.0.18362.0\Microsoft.InteractiveExperiences.Projection.dll" because AutoUnify is 'true'.
             Using this version instead of original version "6.0.0.0" in "C:\NuGetPackages\microsoft.windowsappsdk.ml\1.8.2124\lib\net8.0-windows10.0.17763.0\Microsoft.Windows.AI.MachineLearning.Projection.dll" because AutoUnify is 'true'.
             Using this version instead of original version "6.0.0.0" in "C:\NuGetPackages\microsoft.windowsappsdk.widgets\1.8.251231004\lib\net6.0-windows10.0.17763.0\Microsoft.Windows.Widgets.Projection.dll" because AutoUnify is 'true'.
             Using this version instead of original version "6.0.0.0" in "C:\NuGetPackages\microsoft.windowsappsdk.winui\1.8.260204000\lib\net6.0-windows10.0.17763.0\Microsoft.WinUI.dll" because AutoUnify is 'true'.
             Resolved file path is "C:\Program Files\dotnet\packs\Microsoft.NETCore.App.Ref\8.0.24\ref\net8.0\System.Threading.dll".
             Reference found at search path location "{RawFileName}".
             This reference is not "CopyLocal" because at least one source item had "Private" set to "false" and no source items had "Private" set to "true".
         Primary reference "System.Transactions.Local, Version=8.0.0.0, Culture=neutral, PublicKeyToken=cc7b13ffcd2ddd51".
             Resolved file path is "C:\Program Files\dotnet\packs\Microsoft.NETCore.App.Ref\8.0.24\ref\net8.0\System.Transactions.Local.dll".
             Reference found at search path location "{RawFileName}".
             This reference is not "CopyLocal" because at least one source item had "Private" set to "false" and no source items had "Private" set to "true".
         Primary reference "System.Transactions, Version=4.0.0.0, Culture=neutral, PublicKeyToken=b77a5c561934e089".
             Resolved file path is "C:\Program Files\dotnet\packs\Microsoft.NETCore.App.Ref\8.0.24\ref\net8.0\System.Transactions.dll".
             Reference found at search path location "{RawFileName}".
             This reference is not "CopyLocal" because at least one source item had "Private" set to "false" and no source items had "Private" set to "true".
         Primary reference "System.ValueTuple, Version=8.0.0.0, Culture=neutral, PublicKeyToken=cc7b13ffcd2ddd51".
             Resolved file path is "C:\Program Files\dotnet\packs\Microsoft.NETCore.App.Ref\8.0.24\ref\net8.0\System.ValueTuple.dll".
             Reference found at search path location "{RawFileName}".
             This reference is not "CopyLocal" because at least one source item had "Private" set to "false" and no source items had "Private" set to "true".
         Primary reference "System.Web.HttpUtility, Version=8.0.0.0, Culture=neutral, PublicKeyToken=cc7b13ffcd2ddd51".
             Resolved file path is "C:\Program Files\dotnet\packs\Microsoft.NETCore.App.Ref\8.0.24\ref\net8.0\System.Web.HttpUtility.dll".
             Reference found at search path location "{RawFileName}".
             This reference is not "CopyLocal" because at least one source item had "Private" set to "false" and no source items had "Private" set to "true".
         Primary reference "System.Web, Version=4.0.0.0, Culture=neutral, PublicKeyToken=b03f5f7f11d50a3a".
             Resolved file path is "C:\Program Files\dotnet\packs\Microsoft.NETCore.App.Ref\8.0.24\ref\net8.0\System.Web.dll".
             Reference found at search path location "{RawFileName}".
             This reference is not "CopyLocal" because at least one source item had "Private" set to "false" and no source items had "Private" set to "true".
         Primary reference "System.Windows, Version=4.0.0.0, Culture=neutral, PublicKeyToken=b03f5f7f11d50a3a".
             Resolved file path is "C:\Program Files\dotnet\packs\Microsoft.NETCore.App.Ref\8.0.24\ref\net8.0\System.Windows.dll".
             Reference found at search path location "{RawFileName}".
             This reference is not "CopyLocal" because at least one source item had "Private" set to "false" and no source items had "Private" set to "true".
         Primary reference "System.Xml.Linq, Version=4.0.0.0, Culture=neutral, PublicKeyToken=b77a5c561934e089".
             Resolved file path is "C:\Program Files\dotnet\packs\Microsoft.NETCore.App.Ref\8.0.24\ref\net8.0\System.Xml.Linq.dll".
             Reference found at search path location "{RawFileName}".
             This reference is not "CopyLocal" because at least one source item had "Private" set to "false" and no source items had "Private" set to "true".
         Primary reference "System.Xml.ReaderWriter, Version=8.0.0.0, Culture=neutral, PublicKeyToken=b03f5f7f11d50a3a".
             Resolved file path is "C:\Program Files\dotnet\packs\Microsoft.NETCore.App.Ref\8.0.24\ref\net8.0\System.Xml.ReaderWriter.dll".
             Reference found at search path location "{RawFileName}".
             This reference is not "CopyLocal" because at least one source item had "Private" set to "false" and no source items had "Private" set to "true".
         Primary reference "System.Xml.Serialization, Version=4.0.0.0, Culture=neutral, PublicKeyToken=b77a5c561934e089".
             Resolved file path is "C:\Program Files\dotnet\packs\Microsoft.NETCore.App.Ref\8.0.24\ref\net8.0\System.Xml.Serialization.dll".
             Reference found at search path location "{RawFileName}".
             This reference is not "CopyLocal" because at least one source item had "Private" set to "false" and no source items had "Private" set to "true".
         Primary reference "System.Xml.XDocument, Version=8.0.0.0, Culture=neutral, PublicKeyToken=b03f5f7f11d50a3a".
             Resolved file path is "C:\Program Files\dotnet\packs\Microsoft.NETCore.App.Ref\8.0.24\ref\net8.0\System.Xml.XDocument.dll".
             Reference found at search path location "{RawFileName}".
             This reference is not "CopyLocal" because at least one source item had "Private" set to "false" and no source items had "Private" set to "true".
         Primary reference "System.Xml.XPath.XDocument, Version=8.0.0.0, Culture=neutral, PublicKeyToken=b03f5f7f11d50a3a".
             Resolved file path is "C:\Program Files\dotnet\packs\Microsoft.NETCore.App.Ref\8.0.24\ref\net8.0\System.Xml.XPath.XDocument.dll".
             Reference found at search path location "{RawFileName}".
             This reference is not "CopyLocal" because at least one source item had "Private" set to "false" and no source items had "Private" set to "true".
         Primary reference "System.Xml.XPath, Version=8.0.0.0, Culture=neutral, PublicKeyToken=b03f5f7f11d50a3a".
             Resolved file path is "C:\Program Files\dotnet\packs\Microsoft.NETCore.App.Ref\8.0.24\ref\net8.0\System.Xml.XPath.dll".
             Reference found at search path location "{RawFileName}".
             This reference is not "CopyLocal" because at least one source item had "Private" set to "false" and no source items had "Private" set to "true".
         Primary reference "System.Xml.XmlDocument, Version=8.0.0.0, Culture=neutral, PublicKeyToken=b03f5f7f11d50a3a".
             Resolved file path is "C:\Program Files\dotnet\packs\Microsoft.NETCore.App.Ref\8.0.24\ref\net8.0\System.Xml.XmlDocument.dll".
             Reference found at search path location "{RawFileName}".
             This reference is not "CopyLocal" because at least one source item had "Private" set to "false" and no source items had "Private" set to "true".
         Primary reference "System.Xml.XmlSerializer, Version=8.0.0.0, Culture=neutral, PublicKeyToken=b03f5f7f11d50a3a".
             Resolved file path is "C:\Program Files\dotnet\packs\Microsoft.NETCore.App.Ref\8.0.24\ref\net8.0\System.Xml.XmlSerializer.dll".
             Reference found at search path location "{RawFileName}".
             This reference is not "CopyLocal" because at least one source item had "Private" set to "false" and no source items had "Private" set to "true".
         Primary reference "System.Xml, Version=4.0.0.0, Culture=neutral, PublicKeyToken=b77a5c561934e089".
             Resolved file path is "C:\Program Files\dotnet\packs\Microsoft.NETCore.App.Ref\8.0.24\ref\net8.0\System.Xml.dll".
             Reference found at search path location "{RawFileName}".
             This reference is not "CopyLocal" because at least one source item had "Private" set to "false" and no source items had "Private" set to "true".
         Primary reference "System, Version=4.0.0.0, Culture=neutral, PublicKeyToken=b77a5c561934e089".
             Resolved file path is "C:\Program Files\dotnet\packs\Microsoft.NETCore.App.Ref\8.0.24\ref\net8.0\System.dll".
             Reference found at search path location "{RawFileName}".
             This reference is not "CopyLocal" because at least one source item had "Private" set to "false" and no source items had "Private" set to "true".
         Primary reference "WindowsBase, Version=4.0.0.0, Culture=neutral, PublicKeyToken=31bf3856ad364e35".
             Resolved file path is "C:\Program Files\dotnet\packs\Microsoft.NETCore.App.Ref\8.0.24\ref\net8.0\WindowsBase.dll".
             Reference found at search path location "{RawFileName}".
             This reference is not "CopyLocal" because at least one source item had "Private" set to "false" and no source items had "Private" set to "true".
         Primary reference "mscorlib, Version=4.0.0.0, Culture=neutral, PublicKeyToken=b77a5c561934e089".
             Resolved file path is "C:\Program Files\dotnet\packs\Microsoft.NETCore.App.Ref\8.0.24\ref\net8.0\mscorlib.dll".
             Reference found at search path location "{RawFileName}".
             This reference is not "CopyLocal" because at least one source item had "Private" set to "false" and no source items had "Private" set to "true".
         Unified primary reference "netstandard, Version=2.1.0.0, Culture=neutral, PublicKeyToken=cc7b13ffcd2ddd51".
             Using this version instead of original version "2.0.0.0" in "C:\NuGetPackages\sipsorcery.websocketsharp\0.0.1\lib\netstandard2.0\websocket-sharp.dll" because AutoUnify is 'true'.
             Resolved file path is "C:\Program Files\dotnet\packs\Microsoft.NETCore.App.Ref\8.0.24\ref\net8.0\netstandard.dll".
             Reference found at search path location "{RawFileName}".
             This reference is not "CopyLocal" because at least one source item had "Private" set to "false" and no source items had "Private" set to "true".
         Unified primary reference "Microsoft.Windows.SDK.NET, Version=10.0.19041.38, Culture=neutral, PublicKeyToken=31bf3856ad364e35".
             Using this version instead of original version "10.0.17763.38" in "C:\NuGetPackages\microsoft.web.webview2\1.0.3179.45\lib_manual\net8.0-windows10.0.17763.0\Microsoft.Web.WebView2.Core.Projection.dll" because AutoUnify is 'true'.
             Using this version instead of original version "10.0.17763.38" in "C:\NuGetPackages\microsoft.windowsappsdk.ai\1.8.47\lib\net6.0-windows10.0.17763.0\Microsoft.Graphics.Imaging.Projection.dll" because AutoUnify is 'true'.
             Using this version instead of original version "10.0.17763.38" in "C:\NuGetPackages\microsoft.windowsappsdk.ai\1.8.47\lib\net6.0-windows10.0.17763.0\Microsoft.Windows.AI.ContentSafety.Projection.dll" because AutoUnify is 'true'.
             Using this version instead of original version "10.0.17763.38" in "C:\NuGetPackages\microsoft.windowsappsdk.ai\1.8.47\lib\net6.0-windows10.0.17763.0\Microsoft.Windows.AI.Foundation.Projection.dll" because AutoUnify is 'true'.
             Using this version instead of original version "10.0.17763.38" in "C:\NuGetPackages\microsoft.windowsappsdk.ai\1.8.47\lib\net6.0-windows10.0.17763.0\Microsoft.Windows.AI.Imaging.Projection.dll" because AutoUnify is 'true'.
             Using this version instead of original version "10.0.17763.38" in "C:\NuGetPackages\microsoft.windowsappsdk.ai\1.8.47\lib\net6.0-windows10.0.17763.0\Microsoft.Windows.AI.Projection.dll" because AutoUnify is 'true'.
             Using this version instead of original version "10.0.17763.38" in "C:\NuGetPackages\microsoft.windowsappsdk.ai\1.8.47\lib\net6.0-windows10.0.17763.0\Microsoft.Windows.AI.Text.Projection.dll" because AutoUnify is 'true'.
             Using this version instead of original version "10.0.17763.38" in "C:\NuGetPackages\microsoft.windowsappsdk.foundation\1.8.260203002\lib\net6.0-windows10.0.17763.0\Microsoft.Security.Authentication.OAuth.Projection.dll" because AutoUnify is 'true'.
             Using this version instead of original version "10.0.17763.38" in "C:\NuGetPackages\microsoft.windowsappsdk.foundation\1.8.260203002\lib\net6.0-windows10.0.17763.0\Microsoft.Windows.AppLifecycle.Projection.dll" because AutoUnify is 'true'.
             Using this version instead of original version "10.0.17763.38" in "C:\NuGetPackages\microsoft.windowsappsdk.foundation\1.8.260203002\lib\net6.0-windows10.0.17763.0\Microsoft.Windows.AppNotifications.Builder.Projection.dll" because AutoUnify is 'true'.
             Using this version instead of original version "10.0.17763.38" in "C:\NuGetPackages\microsoft.windowsappsdk.foundation\1.8.260203002\lib\net6.0-windows10.0.17763.0\Microsoft.Windows.AppNotifications.Projection.dll" because AutoUnify is 'true'.
             Using this version instead of original version "10.0.17763.38" in "C:\NuGetPackages\microsoft.windowsappsdk.foundation\1.8.260203002\lib\net6.0-windows10.0.17763.0\Microsoft.Windows.ApplicationModel.Background.Projection.dll" because AutoUnify is 'true'.
             Using this version instead of original version "10.0.17763.38" in "C:\NuGetPackages\microsoft.windowsappsdk.foundation\1.8.260203002\lib\net6.0-windows10.0.17763.0\Microsoft.Windows.ApplicationModel.DynamicDependency.Projection.dll" because AutoUnify is 'true'.
             Using this version instead of original version "10.0.17763.38" in "C:\NuGetPackages\microsoft.windowsappsdk.foundation\1.8.260203002\lib\net6.0-windows10.0.17763.0\Microsoft.Windows.ApplicationModel.Resources.Projection.dll" because AutoUnify is 'true'.
             Using this version instead of original version "10.0.17763.38" in "C:\NuGetPackages\microsoft.windowsappsdk.foundation\1.8.260203002\lib\net6.0-windows10.0.17763.0\Microsoft.Windows.ApplicationModel.WindowsAppRuntime.Projection.dll" because AutoUnify is 'true'.
             Using this version instead of original version "10.0.17763.38" in "C:\NuGetPackages\microsoft.windowsappsdk.foundation\1.8.260203002\lib\net6.0-windows10.0.17763.0\Microsoft.Windows.BadgeNotifications.Projection.dll" because AutoUnify is 'true'.
             Using this version instead of original version "10.0.17763.38" in "C:\NuGetPackages\microsoft.windowsappsdk.foundation\1.8.260203002\lib\net6.0-windows10.0.17763.0\Microsoft.Windows.Foundation.Projection.dll" because AutoUnify is 'true'.
             Using this version instead of original version "10.0.17763.38" in "C:\NuGetPackages\microsoft.windowsappsdk.foundation\1.8.260203002\lib\net6.0-windows10.0.17763.0\Microsoft.Windows.Management.Deployment.Projection.dll" because AutoUnify is 'true'.
             Using this version instead of original version "10.0.17763.38" in "C:\NuGetPackages\microsoft.windowsappsdk.foundation\1.8.260203002\lib\net6.0-windows10.0.17763.0\Microsoft.Windows.Media.Capture.Projection.dll" because AutoUnify is 'true'.
             Using this version instead of original version "10.0.17763.38" in "C:\NuGetPackages\microsoft.windowsappsdk.foundation\1.8.260203002\lib\net6.0-windows10.0.17763.0\Microsoft.Windows.PushNotifications.Projection.dll" because AutoUnify is 'true'.
             Using this version instead of original version "10.0.17763.38" in "C:\NuGetPackages\microsoft.windowsappsdk.foundation\1.8.260203002\lib\net6.0-windows10.0.17763.0\Microsoft.Windows.Security.AccessControl.Projection.dll" because AutoUnify is 'true'.
             Using this version instead of original version "10.0.17763.38" in "C:\NuGetPackages\microsoft.windowsappsdk.foundation\1.8.260203002\lib\net6.0-windows10.0.17763.0\Microsoft.Windows.Storage.Pickers.Projection.dll" because AutoUnify is 'true'.
             Using this version instead of original version "10.0.17763.38" in "C:\NuGetPackages\microsoft.windowsappsdk.foundation\1.8.260203002\lib\net6.0-windows10.0.17763.0\Microsoft.Windows.Storage.Projection.dll" because AutoUnify is 'true'.
             Using this version instead of original version "10.0.17763.38" in "C:\NuGetPackages\microsoft.windowsappsdk.foundation\1.8.260203002\lib\net6.0-windows10.0.17763.0\Microsoft.Windows.System.Power.Projection.dll" because AutoUnify is 'true'.
             Using this version instead of original version "10.0.17763.38" in "C:\NuGetPackages\microsoft.windowsappsdk.foundation\1.8.260203002\lib\net6.0-windows10.0.17763.0\Microsoft.Windows.System.Projection.dll" because AutoUnify is 'true'.
             Using this version instead of original version "10.0.18362.38" in "C:\NuGetPackages\microsoft.windowsappsdk.interactiveexperiences\1.8.260125001\lib\net6.0-windows10.0.18362.0\Microsoft.InteractiveExperiences.Projection.dll" because AutoUnify is 'true'.
             Using this version instead of original version "10.0.17763.38" in "C:\NuGetPackages\microsoft.windowsappsdk.ml\1.8.2124\lib\net8.0-windows10.0.17763.0\Microsoft.Windows.AI.MachineLearning.Projection.dll" because AutoUnify is 'true'.
             Using this version instead of original version "10.0.17763.38" in "C:\NuGetPackages\microsoft.windowsappsdk.widgets\1.8.251231004\lib\net6.0-windows10.0.17763.0\Microsoft.Windows.Widgets.Projection.dll" because AutoUnify is 'true'.
             Using this version instead of original version "10.0.17763.38" in "C:\NuGetPackages\microsoft.windowsappsdk.winui\1.8.260204000\lib\net6.0-windows10.0.17763.0\Microsoft.WinUI.dll" because AutoUnify is 'true'.
             Resolved file path is "C:\NuGetPackages\microsoft.windows.sdk.net.ref\10.0.19041.57\lib\net8.0\Microsoft.Windows.SDK.NET.dll".
             Reference found at search path location "{RawFileName}".
             This reference is not "CopyLocal" because at least one source item had "Private" set to "false" and no source items had "Private" set to "true".
         Unified primary reference "WinRT.Runtime, Version=2.2.0.0, Culture=neutral, PublicKeyToken=99ea127f02d97709".
             Using this version instead of original version "2.1.0.0" in "C:\NuGetPackages\microsoft.web.webview2\1.0.3179.45\lib_manual\net8.0-windows10.0.17763.0\Microsoft.Web.WebView2.Core.Projection.dll" because AutoUnify is 'true'.
             Using this version instead of original version "2.1.0.0" in "C:\NuGetPackages\microsoft.windowsappsdk.ai\1.8.47\lib\net6.0-windows10.0.17763.0\Microsoft.Graphics.Imaging.Projection.dll" because AutoUnify is 'true'.
             Using this version instead of original version "2.1.0.0" in "C:\NuGetPackages\microsoft.windowsappsdk.ai\1.8.47\lib\net6.0-windows10.0.17763.0\Microsoft.Windows.AI.ContentSafety.Projection.dll" because AutoUnify is 'true'.
             Using this version instead of original version "2.1.0.0" in "C:\NuGetPackages\microsoft.windowsappsdk.ai\1.8.47\lib\net6.0-windows10.0.17763.0\Microsoft.Windows.AI.Foundation.Projection.dll" because AutoUnify is 'true'.
             Using this version instead of original version "2.1.0.0" in "C:\NuGetPackages\microsoft.windowsappsdk.ai\1.8.47\lib\net6.0-windows10.0.17763.0\Microsoft.Windows.AI.Imaging.Projection.dll" because AutoUnify is 'true'.
             Using this version instead of original version "2.1.0.0" in "C:\NuGetPackages\microsoft.windowsappsdk.ai\1.8.47\lib\net6.0-windows10.0.17763.0\Microsoft.Windows.AI.Projection.dll" because AutoUnify is 'true'.
             Using this version instead of original version "2.1.0.0" in "C:\NuGetPackages\microsoft.windowsappsdk.ai\1.8.47\lib\net6.0-windows10.0.17763.0\Microsoft.Windows.AI.Text.Projection.dll" because AutoUnify is 'true'.
             Using this version instead of original version "2.1.0.0" in "C:\NuGetPackages\microsoft.windowsappsdk.foundation\1.8.260203002\lib\net6.0-windows10.0.17763.0\Microsoft.Security.Authentication.OAuth.Projection.dll" because AutoUnify is 'true'.
             Using this version instead of original version "2.1.0.0" in "C:\NuGetPackages\microsoft.windowsappsdk.foundation\1.8.260203002\lib\net6.0-windows10.0.17763.0\Microsoft.Windows.AppLifecycle.Projection.dll" because AutoUnify is 'true'.
             Using this version instead of original version "2.1.0.0" in "C:\NuGetPackages\microsoft.windowsappsdk.foundation\1.8.260203002\lib\net6.0-windows10.0.17763.0\Microsoft.Windows.AppNotifications.Builder.Projection.dll" because AutoUnify is 'true'.
             Using this version instead of original version "2.1.0.0" in "C:\NuGetPackages\microsoft.windowsappsdk.foundation\1.8.260203002\lib\net6.0-windows10.0.17763.0\Microsoft.Windows.AppNotifications.Projection.dll" because AutoUnify is 'true'.
             Using this version instead of original version "2.1.0.0" in "C:\NuGetPackages\microsoft.windowsappsdk.foundation\1.8.260203002\lib\net6.0-windows10.0.17763.0\Microsoft.Windows.ApplicationModel.Background.Projection.dll" because AutoUnify is 'true'.
             Using this version instead of original version "2.1.0.0" in "C:\NuGetPackages\microsoft.windowsappsdk.foundation\1.8.260203002\lib\net6.0-windows10.0.17763.0\Microsoft.Windows.ApplicationModel.DynamicDependency.Projection.dll" because AutoUnify is 'true'.
             Using this version instead of original version "2.1.0.0" in "C:\NuGetPackages\microsoft.windowsappsdk.foundation\1.8.260203002\lib\net6.0-windows10.0.17763.0\Microsoft.Windows.ApplicationModel.Resources.Projection.dll" because AutoUnify is 'true'.
             Using this version instead of original version "2.1.0.0" in "C:\NuGetPackages\microsoft.windowsappsdk.foundation\1.8.260203002\lib\net6.0-windows10.0.17763.0\Microsoft.Windows.ApplicationModel.WindowsAppRuntime.Projection.dll" because AutoUnify is 'true'.
             Using this version instead of original version "2.1.0.0" in "C:\NuGetPackages\microsoft.windowsappsdk.foundation\1.8.260203002\lib\net6.0-windows10.0.17763.0\Microsoft.Windows.BadgeNotifications.Projection.dll" because AutoUnify is 'true'.
             Using this version instead of original version "2.1.0.0" in "C:\NuGetPackages\microsoft.windowsappsdk.foundation\1.8.260203002\lib\net6.0-windows10.0.17763.0\Microsoft.Windows.Foundation.Projection.dll" because AutoUnify is 'true'.
             Using this version instead of original version "2.1.0.0" in "C:\NuGetPackages\microsoft.windowsappsdk.foundation\1.8.260203002\lib\net6.0-windows10.0.17763.0\Microsoft.Windows.Management.Deployment.Projection.dll" because AutoUnify is 'true'.
             Using this version instead of original version "2.1.0.0" in "C:\NuGetPackages\microsoft.windowsappsdk.foundation\1.8.260203002\lib\net6.0-windows10.0.17763.0\Microsoft.Windows.Media.Capture.Projection.dll" because AutoUnify is 'true'.
             Using this version instead of original version "2.1.0.0" in "C:\NuGetPackages\microsoft.windowsappsdk.foundation\1.8.260203002\lib\net6.0-windows10.0.17763.0\Microsoft.Windows.PushNotifications.Projection.dll" because AutoUnify is 'true'.
             Using this version instead of original version "2.1.0.0" in "C:\NuGetPackages\microsoft.windowsappsdk.foundation\1.8.260203002\lib\net6.0-windows10.0.17763.0\Microsoft.Windows.Security.AccessControl.Projection.dll" because AutoUnify is 'true'.
             Using this version instead of original version "2.1.0.0" in "C:\NuGetPackages\microsoft.windowsappsdk.foundation\1.8.260203002\lib\net6.0-windows10.0.17763.0\Microsoft.Windows.Storage.Pickers.Projection.dll" because AutoUnify is 'true'.
             Using this version instead of original version "2.1.0.0" in "C:\NuGetPackages\microsoft.windowsappsdk.foundation\1.8.260203002\lib\net6.0-windows10.0.17763.0\Microsoft.Windows.Storage.Projection.dll" because AutoUnify is 'true'.
             Using this version instead of original version "2.1.0.0" in "C:\NuGetPackages\microsoft.windowsappsdk.foundation\1.8.260203002\lib\net6.0-windows10.0.17763.0\Microsoft.Windows.System.Power.Projection.dll" because AutoUnify is 'true'.
             Using this version instead of original version "2.1.0.0" in "C:\NuGetPackages\microsoft.windowsappsdk.foundation\1.8.260203002\lib\net6.0-windows10.0.17763.0\Microsoft.Windows.System.Projection.dll" because AutoUnify is 'true'.
             Using this version instead of original version "2.1.0.0" in "C:\NuGetPackages\microsoft.windowsappsdk.interactiveexperiences\1.8.260125001\lib\net6.0-windows10.0.18362.0\Microsoft.InteractiveExperiences.Projection.dll" because AutoUnify is 'true'.
             Using this version instead of original version "2.1.0.0" in "C:\NuGetPackages\microsoft.windowsappsdk.ml\1.8.2124\lib\net8.0-windows10.0.17763.0\Microsoft.Windows.AI.MachineLearning.Projection.dll" because AutoUnify is 'true'.
             Using this version instead of original version "2.1.0.0" in "C:\NuGetPackages\microsoft.windowsappsdk.widgets\1.8.251231004\lib\net6.0-windows10.0.17763.0\Microsoft.Windows.Widgets.Projection.dll" because AutoUnify is 'true'.
             Using this version instead of original version "2.1.0.0" in "C:\NuGetPackages\microsoft.windowsappsdk.winui\1.8.260204000\lib\net6.0-windows10.0.17763.0\Microsoft.WinUI.dll" because AutoUnify is 'true'.
             Resolved file path is "C:\NuGetPackages\microsoft.windows.sdk.net.ref\10.0.19041.57\lib\net8.0\WinRT.Runtime.dll".
             Reference found at search path location "{RawFileName}".
             This reference is not "CopyLocal" because at least one source item had "Private" set to "false" and no source items had "Private" set to "true".
         Primary reference "Microsoft.AspNetCore.Antiforgery, Version=8.0.0.0, Culture=neutral, PublicKeyToken=adb9793829ddae60".
             Resolved file path is "C:\Program Files\dotnet\packs\Microsoft.AspNetCore.App.Ref\8.0.24\ref\net8.0\Microsoft.AspNetCore.Antiforgery.dll".
             Reference found at search path location "{RawFileName}".
             This reference is not "CopyLocal" because at least one source item had "Private" set to "false" and no source items had "Private" set to "true".
         Primary reference "Microsoft.AspNetCore.Authentication.Abstractions, Version=8.0.0.0, Culture=neutral, PublicKeyToken=adb9793829ddae60".
             Resolved file path is "C:\Program Files\dotnet\packs\Microsoft.AspNetCore.App.Ref\8.0.24\ref\net8.0\Microsoft.AspNetCore.Authentication.Abstractions.dll".
             Reference found at search path location "{RawFileName}".
             This reference is not "CopyLocal" because at least one source item had "Private" set to "false" and no source items had "Private" set to "true".
         Primary reference "Microsoft.AspNetCore.Authentication.BearerToken, Version=8.0.0.0, Culture=neutral, PublicKeyToken=adb9793829ddae60".
             Resolved file path is "C:\Program Files\dotnet\packs\Microsoft.AspNetCore.App.Ref\8.0.24\ref\net8.0\Microsoft.AspNetCore.Authentication.BearerToken.dll".
             Reference found at search path location "{RawFileName}".
             This reference is not "CopyLocal" because at least one source item had "Private" set to "false" and no source items had "Private" set to "true".
         Primary reference "Microsoft.AspNetCore.Authentication.Cookies, Version=8.0.0.0, Culture=neutral, PublicKeyToken=adb9793829ddae60".
             Resolved file path is "C:\Program Files\dotnet\packs\Microsoft.AspNetCore.App.Ref\8.0.24\ref\net8.0\Microsoft.AspNetCore.Authentication.Cookies.dll".
             Reference found at search path location "{RawFileName}".
             This reference is not "CopyLocal" because at least one source item had "Private" set to "false" and no source items had "Private" set to "true".
         Primary reference "Microsoft.AspNetCore.Authentication.Core, Version=8.0.0.0, Culture=neutral, PublicKeyToken=adb9793829ddae60".
             Resolved file path is "C:\Program Files\dotnet\packs\Microsoft.AspNetCore.App.Ref\8.0.24\ref\net8.0\Microsoft.AspNetCore.Authentication.Core.dll".
             Reference found at search path location "{RawFileName}".
             This reference is not "CopyLocal" because at least one source item had "Private" set to "false" and no source items had "Private" set to "true".
         Primary reference "Microsoft.AspNetCore.Authentication.OAuth, Version=8.0.0.0, Culture=neutral, PublicKeyToken=adb9793829ddae60".
             Resolved file path is "C:\Program Files\dotnet\packs\Microsoft.AspNetCore.App.Ref\8.0.24\ref\net8.0\Microsoft.AspNetCore.Authentication.OAuth.dll".
             Reference found at search path location "{RawFileName}".
             This reference is not "CopyLocal" because at least one source item had "Private" set to "false" and no source items had "Private" set to "true".
         Primary reference "Microsoft.AspNetCore.Authentication, Version=8.0.0.0, Culture=neutral, PublicKeyToken=adb9793829ddae60".
             Resolved file path is "C:\Program Files\dotnet\packs\Microsoft.AspNetCore.App.Ref\8.0.24\ref\net8.0\Microsoft.AspNetCore.Authentication.dll".
             Reference found at search path location "{RawFileName}".
             This reference is not "CopyLocal" because at least one source item had "Private" set to "false" and no source items had "Private" set to "true".
         Primary reference "Microsoft.AspNetCore.Authorization.Policy, Version=8.0.0.0, Culture=neutral, PublicKeyToken=adb9793829ddae60".
             Resolved file path is "C:\Program Files\dotnet\packs\Microsoft.AspNetCore.App.Ref\8.0.24\ref\net8.0\Microsoft.AspNetCore.Authorization.Policy.dll".
             Reference found at search path location "{RawFileName}".
             This reference is not "CopyLocal" because at least one source item had "Private" set to "false" and no source items had "Private" set to "true".
         Primary reference "Microsoft.AspNetCore.Authorization, Version=8.0.0.0, Culture=neutral, PublicKeyToken=adb9793829ddae60".
             Resolved file path is "C:\Program Files\dotnet\packs\Microsoft.AspNetCore.App.Ref\8.0.24\ref\net8.0\Microsoft.AspNetCore.Authorization.dll".
             Reference found at search path location "{RawFileName}".
             This reference is not "CopyLocal" because at least one source item had "Private" set to "false" and no source items had "Private" set to "true".
         Primary reference "Microsoft.AspNetCore.Components.Authorization, Version=8.0.0.0, Culture=neutral, PublicKeyToken=adb9793829ddae60".
             Resolved file path is "C:\Program Files\dotnet\packs\Microsoft.AspNetCore.App.Ref\8.0.24\ref\net8.0\Microsoft.AspNetCore.Components.Authorization.dll".
             Reference found at search path location "{RawFileName}".
             This reference is not "CopyLocal" because at least one source item had "Private" set to "false" and no source items had "Private" set to "true".
         Primary reference "Microsoft.AspNetCore.Components.Endpoints, Version=8.0.0.0, Culture=neutral, PublicKeyToken=adb9793829ddae60".
             Resolved file path is "C:\Program Files\dotnet\packs\Microsoft.AspNetCore.App.Ref\8.0.24\ref\net8.0\Microsoft.AspNetCore.Components.Endpoints.dll".
             Reference found at search path location "{RawFileName}".
             This reference is not "CopyLocal" because at least one source item had "Private" set to "false" and no source items had "Private" set to "true".
         Primary reference "Microsoft.AspNetCore.Components.Forms, Version=8.0.0.0, Culture=neutral, PublicKeyToken=adb9793829ddae60".
             Resolved file path is "C:\Program Files\dotnet\packs\Microsoft.AspNetCore.App.Ref\8.0.24\ref\net8.0\Microsoft.AspNetCore.Components.Forms.dll".
             Reference found at search path location "{RawFileName}".
             This reference is not "CopyLocal" because at least one source item had "Private" set to "false" and no source items had "Private" set to "true".
         Primary reference "Microsoft.AspNetCore.Components.Server, Version=8.0.0.0, Culture=neutral, PublicKeyToken=adb9793829ddae60".
             Resolved file path is "C:\Program Files\dotnet\packs\Microsoft.AspNetCore.App.Ref\8.0.24\ref\net8.0\Microsoft.AspNetCore.Components.Server.dll".
             Reference found at search path location "{RawFileName}".
             This reference is not "CopyLocal" because at least one source item had "Private" set to "false" and no source items had "Private" set to "true".
         Primary reference "Microsoft.AspNetCore.Components.Web, Version=8.0.0.0, Culture=neutral, PublicKeyToken=adb9793829ddae60".
             Resolved file path is "C:\Program Files\dotnet\packs\Microsoft.AspNetCore.App.Ref\8.0.24\ref\net8.0\Microsoft.AspNetCore.Components.Web.dll".
             Reference found at search path location "{RawFileName}".
             This reference is not "CopyLocal" because at least one source item had "Private" set to "false" and no source items had "Private" set to "true".
         Primary reference "Microsoft.AspNetCore.Components, Version=8.0.0.0, Culture=neutral, PublicKeyToken=adb9793829ddae60".
             Resolved file path is "C:\Program Files\dotnet\packs\Microsoft.AspNetCore.App.Ref\8.0.24\ref\net8.0\Microsoft.AspNetCore.Components.dll".
             Reference found at search path location "{RawFileName}".
             This reference is not "CopyLocal" because at least one source item had "Private" set to "false" and no source items had "Private" set to "true".
         Primary reference "Microsoft.AspNetCore.Connections.Abstractions, Version=8.0.0.0, Culture=neutral, PublicKeyToken=adb9793829ddae60".
             Resolved file path is "C:\Program Files\dotnet\packs\Microsoft.AspNetCore.App.Ref\8.0.24\ref\net8.0\Microsoft.AspNetCore.Connections.Abstractions.dll".
             Reference found at search path location "{RawFileName}".
             This reference is not "CopyLocal" because at least one source item had "Private" set to "false" and no source items had "Private" set to "true".
         Primary reference "Microsoft.AspNetCore.CookiePolicy, Version=8.0.0.0, Culture=neutral, PublicKeyToken=adb9793829ddae60".
             Resolved file path is "C:\Program Files\dotnet\packs\Microsoft.AspNetCore.App.Ref\8.0.24\ref\net8.0\Microsoft.AspNetCore.CookiePolicy.dll".
             Reference found at search path location "{RawFileName}".
             This reference is not "CopyLocal" because at least one source item had "Private" set to "false" and no source items had "Private" set to "true".
         Primary reference "Microsoft.AspNetCore.Cors, Version=8.0.0.0, Culture=neutral, PublicKeyToken=adb9793829ddae60".
             Resolved file path is "C:\Program Files\dotnet\packs\Microsoft.AspNetCore.App.Ref\8.0.24\ref\net8.0\Microsoft.AspNetCore.Cors.dll".
             Reference found at search path location "{RawFileName}".
             This reference is not "CopyLocal" because at least one source item had "Private" set to "false" and no source items had "Private" set to "true".
         Primary reference "Microsoft.AspNetCore.Cryptography.Internal, Version=8.0.0.0, Culture=neutral, PublicKeyToken=adb9793829ddae60".
             Resolved file path is "C:\Program Files\dotnet\packs\Microsoft.AspNetCore.App.Ref\8.0.24\ref\net8.0\Microsoft.AspNetCore.Cryptography.Internal.dll".
             Reference found at search path location "{RawFileName}".
             This reference is not "CopyLocal" because at least one source item had "Private" set to "false" and no source items had "Private" set to "true".
         Primary reference "Microsoft.AspNetCore.Cryptography.KeyDerivation, Version=8.0.0.0, Culture=neutral, PublicKeyToken=adb9793829ddae60".
             Resolved file path is "C:\Program Files\dotnet\packs\Microsoft.AspNetCore.App.Ref\8.0.24\ref\net8.0\Microsoft.AspNetCore.Cryptography.KeyDerivation.dll".
             Reference found at search path location "{RawFileName}".
             This reference is not "CopyLocal" because at least one source item had "Private" set to "false" and no source items had "Private" set to "true".
         Primary reference "Microsoft.AspNetCore.DataProtection.Abstractions, Version=8.0.0.0, Culture=neutral, PublicKeyToken=adb9793829ddae60".
             Resolved file path is "C:\Program Files\dotnet\packs\Microsoft.AspNetCore.App.Ref\8.0.24\ref\net8.0\Microsoft.AspNetCore.DataProtection.Abstractions.dll".
             Reference found at search path location "{RawFileName}".
             This reference is not "CopyLocal" because at least one source item had "Private" set to "false" and no source items had "Private" set to "true".
         Primary reference "Microsoft.AspNetCore.DataProtection.Extensions, Version=8.0.0.0, Culture=neutral, PublicKeyToken=adb9793829ddae60".
             Resolved file path is "C:\Program Files\dotnet\packs\Microsoft.AspNetCore.App.Ref\8.0.24\ref\net8.0\Microsoft.AspNetCore.DataProtection.Extensions.dll".
             Reference found at search path location "{RawFileName}".
             This reference is not "CopyLocal" because at least one source item had "Private" set to "false" and no source items had "Private" set to "true".
         Primary reference "Microsoft.AspNetCore.DataProtection, Version=8.0.0.0, Culture=neutral, PublicKeyToken=adb9793829ddae60".
             Resolved file path is "C:\Program Files\dotnet\packs\Microsoft.AspNetCore.App.Ref\8.0.24\ref\net8.0\Microsoft.AspNetCore.DataProtection.dll".
             Reference found at search path location "{RawFileName}".
             This reference is not "CopyLocal" because at least one source item had "Private" set to "false" and no source items had "Private" set to "true".
         Primary reference "Microsoft.AspNetCore.Diagnostics.Abstractions, Version=8.0.0.0, Culture=neutral, PublicKeyToken=adb9793829ddae60".
             Resolved file path is "C:\Program Files\dotnet\packs\Microsoft.AspNetCore.App.Ref\8.0.24\ref\net8.0\Microsoft.AspNetCore.Diagnostics.Abstractions.dll".
             Reference found at search path location "{RawFileName}".
             This reference is not "CopyLocal" because at least one source item had "Private" set to "false" and no source items had "Private" set to "true".
         Primary reference "Microsoft.AspNetCore.Diagnostics.HealthChecks, Version=8.0.0.0, Culture=neutral, PublicKeyToken=adb9793829ddae60".
             Resolved file path is "C:\Program Files\dotnet\packs\Microsoft.AspNetCore.App.Ref\8.0.24\ref\net8.0\Microsoft.AspNetCore.Diagnostics.HealthChecks.dll".
             Reference found at search path location "{RawFileName}".
             This reference is not "CopyLocal" because at least one source item had "Private" set to "false" and no source items had "Private" set to "true".
         Primary reference "Microsoft.AspNetCore.Diagnostics, Version=8.0.0.0, Culture=neutral, PublicKeyToken=adb9793829ddae60".
             Resolved file path is "C:\Program Files\dotnet\packs\Microsoft.AspNetCore.App.Ref\8.0.24\ref\net8.0\Microsoft.AspNetCore.Diagnostics.dll".
             Reference found at search path location "{RawFileName}".
             This reference is not "CopyLocal" because at least one source item had "Private" set to "false" and no source items had "Private" set to "true".
         Primary reference "Microsoft.AspNetCore.HostFiltering, Version=8.0.0.0, Culture=neutral, PublicKeyToken=adb9793829ddae60".
             Resolved file path is "C:\Program Files\dotnet\packs\Microsoft.AspNetCore.App.Ref\8.0.24\ref\net8.0\Microsoft.AspNetCore.HostFiltering.dll".
             Reference found at search path location "{RawFileName}".
             This reference is not "CopyLocal" because at least one source item had "Private" set to "false" and no source items had "Private" set to "true".
         Primary reference "Microsoft.AspNetCore.Hosting.Abstractions, Version=8.0.0.0, Culture=neutral, PublicKeyToken=adb9793829ddae60".
             Resolved file path is "C:\Program Files\dotnet\packs\Microsoft.AspNetCore.App.Ref\8.0.24\ref\net8.0\Microsoft.AspNetCore.Hosting.Abstractions.dll".
             Reference found at search path location "{RawFileName}".
             This reference is not "CopyLocal" because at least one source item had "Private" set to "false" and no source items had "Private" set to "true".
         Primary reference "Microsoft.AspNetCore.Hosting.Server.Abstractions, Version=8.0.0.0, Culture=neutral, PublicKeyToken=adb9793829ddae60".
             Resolved file path is "C:\Program Files\dotnet\packs\Microsoft.AspNetCore.App.Ref\8.0.24\ref\net8.0\Microsoft.AspNetCore.Hosting.Server.Abstractions.dll".
             Reference found at search path location "{RawFileName}".
             This reference is not "CopyLocal" because at least one source item had "Private" set to "false" and no source items had "Private" set to "true".
         Primary reference "Microsoft.AspNetCore.Hosting, Version=8.0.0.0, Culture=neutral, PublicKeyToken=adb9793829ddae60".
             Resolved file path is "C:\Program Files\dotnet\packs\Microsoft.AspNetCore.App.Ref\8.0.24\ref\net8.0\Microsoft.AspNetCore.Hosting.dll".
             Reference found at search path location "{RawFileName}".
             This reference is not "CopyLocal" because at least one source item had "Private" set to "false" and no source items had "Private" set to "true".
         Primary reference "Microsoft.AspNetCore.Html.Abstractions, Version=8.0.0.0, Culture=neutral, PublicKeyToken=adb9793829ddae60".
             Resolved file path is "C:\Program Files\dotnet\packs\Microsoft.AspNetCore.App.Ref\8.0.24\ref\net8.0\Microsoft.AspNetCore.Html.Abstractions.dll".
             Reference found at search path location "{RawFileName}".
             This reference is not "CopyLocal" because at least one source item had "Private" set to "false" and no source items had "Private" set to "true".
         Primary reference "Microsoft.AspNetCore.Http.Abstractions, Version=8.0.0.0, Culture=neutral, PublicKeyToken=adb9793829ddae60".
             Resolved file path is "C:\Program Files\dotnet\packs\Microsoft.AspNetCore.App.Ref\8.0.24\ref\net8.0\Microsoft.AspNetCore.Http.Abstractions.dll".
             Reference found at search path location "{RawFileName}".
             This reference is not "CopyLocal" because at least one source item had "Private" set to "false" and no source items had "Private" set to "true".
         Primary reference "Microsoft.AspNetCore.Http.Connections.Common, Version=8.0.0.0, Culture=neutral, PublicKeyToken=adb9793829ddae60".
             Resolved file path is "C:\Program Files\dotnet\packs\Microsoft.AspNetCore.App.Ref\8.0.24\ref\net8.0\Microsoft.AspNetCore.Http.Connections.Common.dll".
             Reference found at search path location "{RawFileName}".
             This reference is not "CopyLocal" because at least one source item had "Private" set to "false" and no source items had "Private" set to "true".
         Primary reference "Microsoft.AspNetCore.Http.Connections, Version=8.0.0.0, Culture=neutral, PublicKeyToken=adb9793829ddae60".
             Resolved file path is "C:\Program Files\dotnet\packs\Microsoft.AspNetCore.App.Ref\8.0.24\ref\net8.0\Microsoft.AspNetCore.Http.Connections.dll".
             Reference found at search path location "{RawFileName}".
             This reference is not "CopyLocal" because at least one source item had "Private" set to "false" and no source items had "Private" set to "true".
         Primary reference "Microsoft.AspNetCore.Http.Extensions, Version=8.0.0.0, Culture=neutral, PublicKeyToken=adb9793829ddae60".
             Resolved file path is "C:\Program Files\dotnet\packs\Microsoft.AspNetCore.App.Ref\8.0.24\ref\net8.0\Microsoft.AspNetCore.Http.Extensions.dll".
             Reference found at search path location "{RawFileName}".
             This reference is not "CopyLocal" because at least one source item had "Private" set to "false" and no source items had "Private" set to "true".
         Primary reference "Microsoft.AspNetCore.Http.Features, Version=8.0.0.0, Culture=neutral, PublicKeyToken=adb9793829ddae60".
             Resolved file path is "C:\Program Files\dotnet\packs\Microsoft.AspNetCore.App.Ref\8.0.24\ref\net8.0\Microsoft.AspNetCore.Http.Features.dll".
             Reference found at search path location "{RawFileName}".
             This reference is not "CopyLocal" because at least one source item had "Private" set to "false" and no source items had "Private" set to "true".
         Primary reference "Microsoft.AspNetCore.Http.Results, Version=8.0.0.0, Culture=neutral, PublicKeyToken=adb9793829ddae60".
             Resolved file path is "C:\Program Files\dotnet\packs\Microsoft.AspNetCore.App.Ref\8.0.24\ref\net8.0\Microsoft.AspNetCore.Http.Results.dll".
             Reference found at search path location "{RawFileName}".
             This reference is not "CopyLocal" because at least one source item had "Private" set to "false" and no source items had "Private" set to "true".
         Primary reference "Microsoft.AspNetCore.Http, Version=8.0.0.0, Culture=neutral, PublicKeyToken=adb9793829ddae60".
             Resolved file path is "C:\Program Files\dotnet\packs\Microsoft.AspNetCore.App.Ref\8.0.24\ref\net8.0\Microsoft.AspNetCore.Http.dll".
             Reference found at search path location "{RawFileName}".
             This reference is not "CopyLocal" because at least one source item had "Private" set to "false" and no source items had "Private" set to "true".
         Primary reference "Microsoft.AspNetCore.HttpLogging, Version=8.0.0.0, Culture=neutral, PublicKeyToken=adb9793829ddae60".
             Resolved file path is "C:\Program Files\dotnet\packs\Microsoft.AspNetCore.App.Ref\8.0.24\ref\net8.0\Microsoft.AspNetCore.HttpLogging.dll".
             Reference found at search path location "{RawFileName}".
             This reference is not "CopyLocal" because at least one source item had "Private" set to "false" and no source items had "Private" set to "true".
         Primary reference "Microsoft.AspNetCore.HttpOverrides, Version=8.0.0.0, Culture=neutral, PublicKeyToken=adb9793829ddae60".
             Resolved file path is "C:\Program Files\dotnet\packs\Microsoft.AspNetCore.App.Ref\8.0.24\ref\net8.0\Microsoft.AspNetCore.HttpOverrides.dll".
             Reference found at search path location "{RawFileName}".
             This reference is not "CopyLocal" because at least one source item had "Private" set to "false" and no source items had "Private" set to "true".
         Primary reference "Microsoft.AspNetCore.HttpsPolicy, Version=8.0.0.0, Culture=neutral, PublicKeyToken=adb9793829ddae60".
             Resolved file path is "C:\Program Files\dotnet\packs\Microsoft.AspNetCore.App.Ref\8.0.24\ref\net8.0\Microsoft.AspNetCore.HttpsPolicy.dll".
             Reference found at search path location "{RawFileName}".
             This reference is not "CopyLocal" because at least one source item had "Private" set to "false" and no source items had "Private" set to "true".
         Primary reference "Microsoft.AspNetCore.Identity, Version=8.0.0.0, Culture=neutral, PublicKeyToken=adb9793829ddae60".
             Resolved file path is "C:\Program Files\dotnet\packs\Microsoft.AspNetCore.App.Ref\8.0.24\ref\net8.0\Microsoft.AspNetCore.Identity.dll".
             Reference found at search path location "{RawFileName}".
             This reference is not "CopyLocal" because at least one source item had "Private" set to "false" and no source items had "Private" set to "true".
         Primary reference "Microsoft.AspNetCore.Localization.Routing, Version=8.0.0.0, Culture=neutral, PublicKeyToken=adb9793829ddae60".
             Resolved file path is "C:\Program Files\dotnet\packs\Microsoft.AspNetCore.App.Ref\8.0.24\ref\net8.0\Microsoft.AspNetCore.Localization.Routing.dll".
             Reference found at search path location "{RawFileName}".
             This reference is not "CopyLocal" because at least one source item had "Private" set to "false" and no source items had "Private" set to "true".
         Primary reference "Microsoft.AspNetCore.Localization, Version=8.0.0.0, Culture=neutral, PublicKeyToken=adb9793829ddae60".
             Resolved file path is "C:\Program Files\dotnet\packs\Microsoft.AspNetCore.App.Ref\8.0.24\ref\net8.0\Microsoft.AspNetCore.Localization.dll".
             Reference found at search path location "{RawFileName}".
             This reference is not "CopyLocal" because at least one source item had "Private" set to "false" and no source items had "Private" set to "true".
         Primary reference "Microsoft.AspNetCore.Metadata, Version=8.0.0.0, Culture=neutral, PublicKeyToken=adb9793829ddae60".
             Resolved file path is "C:\Program Files\dotnet\packs\Microsoft.AspNetCore.App.Ref\8.0.24\ref\net8.0\Microsoft.AspNetCore.Metadata.dll".
             Reference found at search path location "{RawFileName}".
             This reference is not "CopyLocal" because at least one source item had "Private" set to "false" and no source items had "Private" set to "true".
         Primary reference "Microsoft.AspNetCore.Mvc.Abstractions, Version=8.0.0.0, Culture=neutral, PublicKeyToken=adb9793829ddae60".
             Resolved file path is "C:\Program Files\dotnet\packs\Microsoft.AspNetCore.App.Ref\8.0.24\ref\net8.0\Microsoft.AspNetCore.Mvc.Abstractions.dll".
             Reference found at search path location "{RawFileName}".
             This reference is not "CopyLocal" because at least one source item had "Private" set to "false" and no source items had "Private" set to "true".
         Primary reference "Microsoft.AspNetCore.Mvc.ApiExplorer, Version=8.0.0.0, Culture=neutral, PublicKeyToken=adb9793829ddae60".
             Resolved file path is "C:\Program Files\dotnet\packs\Microsoft.AspNetCore.App.Ref\8.0.24\ref\net8.0\Microsoft.AspNetCore.Mvc.ApiExplorer.dll".
             Reference found at search path location "{RawFileName}".
             This reference is not "CopyLocal" because at least one source item had "Private" set to "false" and no source items had "Private" set to "true".
         Primary reference "Microsoft.AspNetCore.Mvc.Core, Version=8.0.0.0, Culture=neutral, PublicKeyToken=adb9793829ddae60".
             Resolved file path is "C:\Program Files\dotnet\packs\Microsoft.AspNetCore.App.Ref\8.0.24\ref\net8.0\Microsoft.AspNetCore.Mvc.Core.dll".
             Reference found at search path location "{RawFileName}".
             This reference is not "CopyLocal" because at least one source item had "Private" set to "false" and no source items had "Private" set to "true".
         Primary reference "Microsoft.AspNetCore.Mvc.Cors, Version=8.0.0.0, Culture=neutral, PublicKeyToken=adb9793829ddae60".
             Resolved file path is "C:\Program Files\dotnet\packs\Microsoft.AspNetCore.App.Ref\8.0.24\ref\net8.0\Microsoft.AspNetCore.Mvc.Cors.dll".
             Reference found at search path location "{RawFileName}".
             This reference is not "CopyLocal" because at least one source item had "Private" set to "false" and no source items had "Private" set to "true".
         Primary reference "Microsoft.AspNetCore.Mvc.DataAnnotations, Version=8.0.0.0, Culture=neutral, PublicKeyToken=adb9793829ddae60".
             Resolved file path is "C:\Program Files\dotnet\packs\Microsoft.AspNetCore.App.Ref\8.0.24\ref\net8.0\Microsoft.AspNetCore.Mvc.DataAnnotations.dll".
             Reference found at search path location "{RawFileName}".
             This reference is not "CopyLocal" because at least one source item had "Private" set to "false" and no source items had "Private" set to "true".
         Primary reference "Microsoft.AspNetCore.Mvc.Formatters.Json, Version=8.0.0.0, Culture=neutral, PublicKeyToken=adb9793829ddae60".
             Resolved file path is "C:\Program Files\dotnet\packs\Microsoft.AspNetCore.App.Ref\8.0.24\ref\net8.0\Microsoft.AspNetCore.Mvc.Formatters.Json.dll".
             Reference found at search path location "{RawFileName}".
             This reference is not "CopyLocal" because at least one source item had "Private" set to "false" and no source items had "Private" set to "true".
         Primary reference "Microsoft.AspNetCore.Mvc.Formatters.Xml, Version=8.0.0.0, Culture=neutral, PublicKeyToken=adb9793829ddae60".
             Resolved file path is "C:\Program Files\dotnet\packs\Microsoft.AspNetCore.App.Ref\8.0.24\ref\net8.0\Microsoft.AspNetCore.Mvc.Formatters.Xml.dll".
             Reference found at search path location "{RawFileName}".
             This reference is not "CopyLocal" because at least one source item had "Private" set to "false" and no source items had "Private" set to "true".
         Primary reference "Microsoft.AspNetCore.Mvc.Localization, Version=8.0.0.0, Culture=neutral, PublicKeyToken=adb9793829ddae60".
             Resolved file path is "C:\Program Files\dotnet\packs\Microsoft.AspNetCore.App.Ref\8.0.24\ref\net8.0\Microsoft.AspNetCore.Mvc.Localization.dll".
             Reference found at search path location "{RawFileName}".
             This reference is not "CopyLocal" because at least one source item had "Private" set to "false" and no source items had "Private" set to "true".
         Primary reference "Microsoft.AspNetCore.Mvc.Razor, Version=8.0.0.0, Culture=neutral, PublicKeyToken=adb9793829ddae60".
             Resolved file path is "C:\Program Files\dotnet\packs\Microsoft.AspNetCore.App.Ref\8.0.24\ref\net8.0\Microsoft.AspNetCore.Mvc.Razor.dll".
             Reference found at search path location "{RawFileName}".
             This reference is not "CopyLocal" because at least one source item had "Private" set to "false" and no source items had "Private" set to "true".
         Primary reference "Microsoft.AspNetCore.Mvc.RazorPages, Version=8.0.0.0, Culture=neutral, PublicKeyToken=adb9793829ddae60".
             Resolved file path is "C:\Program Files\dotnet\packs\Microsoft.AspNetCore.App.Ref\8.0.24\ref\net8.0\Microsoft.AspNetCore.Mvc.RazorPages.dll".
             Reference found at search path location "{RawFileName}".
             This reference is not "CopyLocal" because at least one source item had "Private" set to "false" and no source items had "Private" set to "true".
         Primary reference "Microsoft.AspNetCore.Mvc.TagHelpers, Version=8.0.0.0, Culture=neutral, PublicKeyToken=adb9793829ddae60".
             Resolved file path is "C:\Program Files\dotnet\packs\Microsoft.AspNetCore.App.Ref\8.0.24\ref\net8.0\Microsoft.AspNetCore.Mvc.TagHelpers.dll".
             Reference found at search path location "{RawFileName}".
             This reference is not "CopyLocal" because at least one source item had "Private" set to "false" and no source items had "Private" set to "true".
         Primary reference "Microsoft.AspNetCore.Mvc.ViewFeatures, Version=8.0.0.0, Culture=neutral, PublicKeyToken=adb9793829ddae60".
             Resolved file path is "C:\Program Files\dotnet\packs\Microsoft.AspNetCore.App.Ref\8.0.24\ref\net8.0\Microsoft.AspNetCore.Mvc.ViewFeatures.dll".
             Reference found at search path location "{RawFileName}".
             This reference is not "CopyLocal" because at least one source item had "Private" set to "false" and no source items had "Private" set to "true".
         Primary reference "Microsoft.AspNetCore.Mvc, Version=8.0.0.0, Culture=neutral, PublicKeyToken=adb9793829ddae60".
             Resolved file path is "C:\Program Files\dotnet\packs\Microsoft.AspNetCore.App.Ref\8.0.24\ref\net8.0\Microsoft.AspNetCore.Mvc.dll".
             Reference found at search path location "{RawFileName}".
             This reference is not "CopyLocal" because at least one source item had "Private" set to "false" and no source items had "Private" set to "true".
         Primary reference "Microsoft.AspNetCore.OutputCaching, Version=8.0.0.0, Culture=neutral, PublicKeyToken=adb9793829ddae60".
             Resolved file path is "C:\Program Files\dotnet\packs\Microsoft.AspNetCore.App.Ref\8.0.24\ref\net8.0\Microsoft.AspNetCore.OutputCaching.dll".
             Reference found at search path location "{RawFileName}".
             This reference is not "CopyLocal" because at least one source item had "Private" set to "false" and no source items had "Private" set to "true".
         Primary reference "Microsoft.AspNetCore.RateLimiting, Version=8.0.0.0, Culture=neutral, PublicKeyToken=adb9793829ddae60".
             Resolved file path is "C:\Program Files\dotnet\packs\Microsoft.AspNetCore.App.Ref\8.0.24\ref\net8.0\Microsoft.AspNetCore.RateLimiting.dll".
             Reference found at search path location "{RawFileName}".
             This reference is not "CopyLocal" because at least one source item had "Private" set to "false" and no source items had "Private" set to "true".
         Primary reference "Microsoft.AspNetCore.Razor.Runtime, Version=8.0.0.0, Culture=neutral, PublicKeyToken=adb9793829ddae60".
             Resolved file path is "C:\Program Files\dotnet\packs\Microsoft.AspNetCore.App.Ref\8.0.24\ref\net8.0\Microsoft.AspNetCore.Razor.Runtime.dll".
             Reference found at search path location "{RawFileName}".
             This reference is not "CopyLocal" because at least one source item had "Private" set to "false" and no source items had "Private" set to "true".
         Primary reference "Microsoft.AspNetCore.Razor, Version=8.0.0.0, Culture=neutral, PublicKeyToken=adb9793829ddae60".
             Resolved file path is "C:\Program Files\dotnet\packs\Microsoft.AspNetCore.App.Ref\8.0.24\ref\net8.0\Microsoft.AspNetCore.Razor.dll".
             Reference found at search path location "{RawFileName}".
             This reference is not "CopyLocal" because at least one source item had "Private" set to "false" and no source items had "Private" set to "true".
         Primary reference "Microsoft.AspNetCore.RequestDecompression, Version=8.0.0.0, Culture=neutral, PublicKeyToken=adb9793829ddae60".
             Resolved file path is "C:\Program Files\dotnet\packs\Microsoft.AspNetCore.App.Ref\8.0.24\ref\net8.0\Microsoft.AspNetCore.RequestDecompression.dll".
             Reference found at search path location "{RawFileName}".
             This reference is not "CopyLocal" because at least one source item had "Private" set to "false" and no source items had "Private" set to "true".
         Primary reference "Microsoft.AspNetCore.ResponseCaching.Abstractions, Version=8.0.0.0, Culture=neutral, PublicKeyToken=adb9793829ddae60".
             Resolved file path is "C:\Program Files\dotnet\packs\Microsoft.AspNetCore.App.Ref\8.0.24\ref\net8.0\Microsoft.AspNetCore.ResponseCaching.Abstractions.dll".
             Reference found at search path location "{RawFileName}".
             This reference is not "CopyLocal" because at least one source item had "Private" set to "false" and no source items had "Private" set to "true".
         Primary reference "Microsoft.AspNetCore.ResponseCaching, Version=8.0.0.0, Culture=neutral, PublicKeyToken=adb9793829ddae60".
             Resolved file path is "C:\Program Files\dotnet\packs\Microsoft.AspNetCore.App.Ref\8.0.24\ref\net8.0\Microsoft.AspNetCore.ResponseCaching.dll".
             Reference found at search path location "{RawFileName}".
             This reference is not "CopyLocal" because at least one source item had "Private" set to "false" and no source items had "Private" set to "true".
         Primary reference "Microsoft.AspNetCore.ResponseCompression, Version=8.0.0.0, Culture=neutral, PublicKeyToken=adb9793829ddae60".
             Resolved file path is "C:\Program Files\dotnet\packs\Microsoft.AspNetCore.App.Ref\8.0.24\ref\net8.0\Microsoft.AspNetCore.ResponseCompression.dll".
             Reference found at search path location "{RawFileName}".
             This reference is not "CopyLocal" because at least one source item had "Private" set to "false" and no source items had "Private" set to "true".
         Primary reference "Microsoft.AspNetCore.Rewrite, Version=8.0.0.0, Culture=neutral, PublicKeyToken=adb9793829ddae60".
             Resolved file path is "C:\Program Files\dotnet\packs\Microsoft.AspNetCore.App.Ref\8.0.24\ref\net8.0\Microsoft.AspNetCore.Rewrite.dll".
             Reference found at search path location "{RawFileName}".
             This reference is not "CopyLocal" because at least one source item had "Private" set to "false" and no source items had "Private" set to "true".
         Primary reference "Microsoft.AspNetCore.Routing.Abstractions, Version=8.0.0.0, Culture=neutral, PublicKeyToken=adb9793829ddae60".
             Resolved file path is "C:\Program Files\dotnet\packs\Microsoft.AspNetCore.App.Ref\8.0.24\ref\net8.0\Microsoft.AspNetCore.Routing.Abstractions.dll".
             Reference found at search path location "{RawFileName}".
             This reference is not "CopyLocal" because at least one source item had "Private" set to "false" and no source items had "Private" set to "true".
         Primary reference "Microsoft.AspNetCore.Routing, Version=8.0.0.0, Culture=neutral, PublicKeyToken=adb9793829ddae60".
             Resolved file path is "C:\Program Files\dotnet\packs\Microsoft.AspNetCore.App.Ref\8.0.24\ref\net8.0\Microsoft.AspNetCore.Routing.dll".
             Reference found at search path location "{RawFileName}".
             This reference is not "CopyLocal" because at least one source item had "Private" set to "false" and no source items had "Private" set to "true".
         Primary reference "Microsoft.AspNetCore.Server.HttpSys, Version=8.0.0.0, Culture=neutral, PublicKeyToken=adb9793829ddae60".
             Resolved file path is "C:\Program Files\dotnet\packs\Microsoft.AspNetCore.App.Ref\8.0.24\ref\net8.0\Microsoft.AspNetCore.Server.HttpSys.dll".
             Reference found at search path location "{RawFileName}".
             This reference is not "CopyLocal" because at least one source item had "Private" set to "false" and no source items had "Private" set to "true".
         Primary reference "Microsoft.AspNetCore.Server.IIS, Version=8.0.0.0, Culture=neutral, PublicKeyToken=adb9793829ddae60".
             Resolved file path is "C:\Program Files\dotnet\packs\Microsoft.AspNetCore.App.Ref\8.0.24\ref\net8.0\Microsoft.AspNetCore.Server.IIS.dll".
             Reference found at search path location "{RawFileName}".
             This reference is not "CopyLocal" because at least one source item had "Private" set to "false" and no source items had "Private" set to "true".
         Primary reference "Microsoft.AspNetCore.Server.IISIntegration, Version=8.0.0.0, Culture=neutral, PublicKeyToken=adb9793829ddae60".
             Resolved file path is "C:\Program Files\dotnet\packs\Microsoft.AspNetCore.App.Ref\8.0.24\ref\net8.0\Microsoft.AspNetCore.Server.IISIntegration.dll".
             Reference found at search path location "{RawFileName}".
             This reference is not "CopyLocal" because at least one source item had "Private" set to "false" and no source items had "Private" set to "true".
         Primary reference "Microsoft.AspNetCore.Server.Kestrel.Core, Version=8.0.0.0, Culture=neutral, PublicKeyToken=adb9793829ddae60".
             Resolved file path is "C:\Program Files\dotnet\packs\Microsoft.AspNetCore.App.Ref\8.0.24\ref\net8.0\Microsoft.AspNetCore.Server.Kestrel.Core.dll".
             Reference found at search path location "{RawFileName}".
             This reference is not "CopyLocal" because at least one source item had "Private" set to "false" and no source items had "Private" set to "true".
         Primary reference "Microsoft.AspNetCore.Server.Kestrel.Transport.NamedPipes, Version=8.0.0.0, Culture=neutral, PublicKeyToken=adb9793829ddae60".
             Resolved file path is "C:\Program Files\dotnet\packs\Microsoft.AspNetCore.App.Ref\8.0.24\ref\net8.0\Microsoft.AspNetCore.Server.Kestrel.Transport.NamedPipes.dll".
             Reference found at search path location "{RawFileName}".
             This reference is not "CopyLocal" because at least one source item had "Private" set to "false" and no source items had "Private" set to "true".
         Primary reference "Microsoft.AspNetCore.Server.Kestrel.Transport.Quic, Version=8.0.0.0, Culture=neutral, PublicKeyToken=adb9793829ddae60".
             Resolved file path is "C:\Program Files\dotnet\packs\Microsoft.AspNetCore.App.Ref\8.0.24\ref\net8.0\Microsoft.AspNetCore.Server.Kestrel.Transport.Quic.dll".
             Reference found at search path location "{RawFileName}".
             This reference is not "CopyLocal" because at least one source item had "Private" set to "false" and no source items had "Private" set to "true".
         Primary reference "Microsoft.AspNetCore.Server.Kestrel.Transport.Sockets, Version=8.0.0.0, Culture=neutral, PublicKeyToken=adb9793829ddae60".
             Resolved file path is "C:\Program Files\dotnet\packs\Microsoft.AspNetCore.App.Ref\8.0.24\ref\net8.0\Microsoft.AspNetCore.Server.Kestrel.Transport.Sockets.dll".
             Reference found at search path location "{RawFileName}".
             This reference is not "CopyLocal" because at least one source item had "Private" set to "false" and no source items had "Private" set to "true".
         Primary reference "Microsoft.AspNetCore.Server.Kestrel, Version=8.0.0.0, Culture=neutral, PublicKeyToken=adb9793829ddae60".
             Resolved file path is "C:\Program Files\dotnet\packs\Microsoft.AspNetCore.App.Ref\8.0.24\ref\net8.0\Microsoft.AspNetCore.Server.Kestrel.dll".
             Reference found at search path location "{RawFileName}".
             This reference is not "CopyLocal" because at least one source item had "Private" set to "false" and no source items had "Private" set to "true".
         Primary reference "Microsoft.AspNetCore.Session, Version=8.0.0.0, Culture=neutral, PublicKeyToken=adb9793829ddae60".
             Resolved file path is "C:\Program Files\dotnet\packs\Microsoft.AspNetCore.App.Ref\8.0.24\ref\net8.0\Microsoft.AspNetCore.Session.dll".
             Reference found at search path location "{RawFileName}".
             This reference is not "CopyLocal" because at least one source item had "Private" set to "false" and no source items had "Private" set to "true".
         Primary reference "Microsoft.AspNetCore.SignalR.Common, Version=8.0.0.0, Culture=neutral, PublicKeyToken=adb9793829ddae60".
             Resolved file path is "C:\Program Files\dotnet\packs\Microsoft.AspNetCore.App.Ref\8.0.24\ref\net8.0\Microsoft.AspNetCore.SignalR.Common.dll".
             Reference found at search path location "{RawFileName}".
             This reference is not "CopyLocal" because at least one source item had "Private" set to "false" and no source items had "Private" set to "true".
         Primary reference "Microsoft.AspNetCore.SignalR.Core, Version=8.0.0.0, Culture=neutral, PublicKeyToken=adb9793829ddae60".
             Resolved file path is "C:\Program Files\dotnet\packs\Microsoft.AspNetCore.App.Ref\8.0.24\ref\net8.0\Microsoft.AspNetCore.SignalR.Core.dll".
             Reference found at search path location "{RawFileName}".
             This reference is not "CopyLocal" because at least one source item had "Private" set to "false" and no source items had "Private" set to "true".
         Primary reference "Microsoft.AspNetCore.SignalR.Protocols.Json, Version=8.0.0.0, Culture=neutral, PublicKeyToken=adb9793829ddae60".
             Resolved file path is "C:\Program Files\dotnet\packs\Microsoft.AspNetCore.App.Ref\8.0.24\ref\net8.0\Microsoft.AspNetCore.SignalR.Protocols.Json.dll".
             Reference found at search path location "{RawFileName}".
             This reference is not "CopyLocal" because at least one source item had "Private" set to "false" and no source items had "Private" set to "true".
         Primary reference "Microsoft.AspNetCore.SignalR, Version=8.0.0.0, Culture=neutral, PublicKeyToken=adb9793829ddae60".
             Resolved file path is "C:\Program Files\dotnet\packs\Microsoft.AspNetCore.App.Ref\8.0.24\ref\net8.0\Microsoft.AspNetCore.SignalR.dll".
             Reference found at search path location "{RawFileName}".
             This reference is not "CopyLocal" because at least one source item had "Private" set to "false" and no source items had "Private" set to "true".
         Primary reference "Microsoft.AspNetCore.StaticFiles, Version=8.0.0.0, Culture=neutral, PublicKeyToken=adb9793829ddae60".
             Resolved file path is "C:\Program Files\dotnet\packs\Microsoft.AspNetCore.App.Ref\8.0.24\ref\net8.0\Microsoft.AspNetCore.StaticFiles.dll".
             Reference found at search path location "{RawFileName}".
             This reference is not "CopyLocal" because at least one source item had "Private" set to "false" and no source items had "Private" set to "true".
         Primary reference "Microsoft.AspNetCore.WebSockets, Version=8.0.0.0, Culture=neutral, PublicKeyToken=adb9793829ddae60".
             Resolved file path is "C:\Program Files\dotnet\packs\Microsoft.AspNetCore.App.Ref\8.0.24\ref\net8.0\Microsoft.AspNetCore.WebSockets.dll".
             Reference found at search path location "{RawFileName}".
             This reference is not "CopyLocal" because at least one source item had "Private" set to "false" and no source items had "Private" set to "true".
         Primary reference "Microsoft.AspNetCore.WebUtilities, Version=8.0.0.0, Culture=neutral, PublicKeyToken=adb9793829ddae60".
             Resolved file path is "C:\Program Files\dotnet\packs\Microsoft.AspNetCore.App.Ref\8.0.24\ref\net8.0\Microsoft.AspNetCore.WebUtilities.dll".
             Reference found at search path location "{RawFileName}".
             This reference is not "CopyLocal" because at least one source item had "Private" set to "false" and no source items had "Private" set to "true".
         Primary reference "Microsoft.AspNetCore, Version=8.0.0.0, Culture=neutral, PublicKeyToken=adb9793829ddae60".
             Resolved file path is "C:\Program Files\dotnet\packs\Microsoft.AspNetCore.App.Ref\8.0.24\ref\net8.0\Microsoft.AspNetCore.dll".
             Reference found at search path location "{RawFileName}".
             This reference is not "CopyLocal" because at least one source item had "Private" set to "false" and no source items had "Private" set to "true".
         Primary reference "Microsoft.Extensions.Caching.Abstractions, Version=8.0.0.0, Culture=neutral, PublicKeyToken=adb9793829ddae60".
             Resolved file path is "C:\Program Files\dotnet\packs\Microsoft.AspNetCore.App.Ref\8.0.24\ref\net8.0\Microsoft.Extensions.Caching.Abstractions.dll".
             Reference found at search path location "{RawFileName}".
             This reference is not "CopyLocal" because at least one source item had "Private" set to "false" and no source items had "Private" set to "true".
         Primary reference "Microsoft.Extensions.Caching.Memory, Version=8.0.0.0, Culture=neutral, PublicKeyToken=adb9793829ddae60".
             Resolved file path is "C:\Program Files\dotnet\packs\Microsoft.AspNetCore.App.Ref\8.0.24\ref\net8.0\Microsoft.Extensions.Caching.Memory.dll".
             Reference found at search path location "{RawFileName}".
             This reference is not "CopyLocal" because at least one source item had "Private" set to "false" and no source items had "Private" set to "true".
         Primary reference "Microsoft.Extensions.Configuration.Abstractions, Version=8.0.0.0, Culture=neutral, PublicKeyToken=adb9793829ddae60".
             Resolved file path is "C:\Program Files\dotnet\packs\Microsoft.AspNetCore.App.Ref\8.0.24\ref\net8.0\Microsoft.Extensions.Configuration.Abstractions.dll".
             Reference found at search path location "{RawFileName}".
             This reference is not "CopyLocal" because at least one source item had "Private" set to "false" and no source items had "Private" set to "true".
         Primary reference "Microsoft.Extensions.Configuration.Binder, Version=8.0.0.0, Culture=neutral, PublicKeyToken=adb9793829ddae60".
             Resolved file path is "C:\Program Files\dotnet\packs\Microsoft.AspNetCore.App.Ref\8.0.24\ref\net8.0\Microsoft.Extensions.Configuration.Binder.dll".
             Reference found at search path location "{RawFileName}".
             This reference is not "CopyLocal" because at least one source item had "Private" set to "false" and no source items had "Private" set to "true".
         Primary reference "Microsoft.Extensions.Configuration.CommandLine, Version=8.0.0.0, Culture=neutral, PublicKeyToken=adb9793829ddae60".
             Resolved file path is "C:\Program Files\dotnet\packs\Microsoft.AspNetCore.App.Ref\8.0.24\ref\net8.0\Microsoft.Extensions.Configuration.CommandLine.dll".
             Reference found at search path location "{RawFileName}".
             This reference is not "CopyLocal" because at least one source item had "Private" set to "false" and no source items had "Private" set to "true".
         Primary reference "Microsoft.Extensions.Configuration.EnvironmentVariables, Version=8.0.0.0, Culture=neutral, PublicKeyToken=adb9793829ddae60".
             Resolved file path is "C:\Program Files\dotnet\packs\Microsoft.AspNetCore.App.Ref\8.0.24\ref\net8.0\Microsoft.Extensions.Configuration.EnvironmentVariables.dll".
             Reference found at search path location "{RawFileName}".
             This reference is not "CopyLocal" because at least one source item had "Private" set to "false" and no source items had "Private" set to "true".
         Primary reference "Microsoft.Extensions.Configuration.FileExtensions, Version=8.0.0.0, Culture=neutral, PublicKeyToken=adb9793829ddae60".
             Resolved file path is "C:\Program Files\dotnet\packs\Microsoft.AspNetCore.App.Ref\8.0.24\ref\net8.0\Microsoft.Extensions.Configuration.FileExtensions.dll".
             Reference found at search path location "{RawFileName}".
             This reference is not "CopyLocal" because at least one source item had "Private" set to "false" and no source items had "Private" set to "true".
         Primary reference "Microsoft.Extensions.Configuration.Ini, Version=8.0.0.0, Culture=neutral, PublicKeyToken=adb9793829ddae60".
             Resolved file path is "C:\Program Files\dotnet\packs\Microsoft.AspNetCore.App.Ref\8.0.24\ref\net8.0\Microsoft.Extensions.Configuration.Ini.dll".
             Reference found at search path location "{RawFileName}".
             This reference is not "CopyLocal" because at least one source item had "Private" set to "false" and no source items had "Private" set to "true".
         Primary reference "Microsoft.Extensions.Configuration.Json, Version=8.0.0.0, Culture=neutral, PublicKeyToken=adb9793829ddae60".
             Resolved file path is "C:\Program Files\dotnet\packs\Microsoft.AspNetCore.App.Ref\8.0.24\ref\net8.0\Microsoft.Extensions.Configuration.Json.dll".
             Reference found at search path location "{RawFileName}".
             This reference is not "CopyLocal" because at least one source item had "Private" set to "false" and no source items had "Private" set to "true".
         Primary reference "Microsoft.Extensions.Configuration.KeyPerFile, Version=8.0.0.0, Culture=neutral, PublicKeyToken=adb9793829ddae60".
             Resolved file path is "C:\Program Files\dotnet\packs\Microsoft.AspNetCore.App.Ref\8.0.24\ref\net8.0\Microsoft.Extensions.Configuration.KeyPerFile.dll".
             Reference found at search path location "{RawFileName}".
             This reference is not "CopyLocal" because at least one source item had "Private" set to "false" and no source items had "Private" set to "true".
         Primary reference "Microsoft.Extensions.Configuration.UserSecrets, Version=8.0.0.0, Culture=neutral, PublicKeyToken=adb9793829ddae60".
             Resolved file path is "C:\Program Files\dotnet\packs\Microsoft.AspNetCore.App.Ref\8.0.24\ref\net8.0\Microsoft.Extensions.Configuration.UserSecrets.dll".
             Reference found at search path location "{RawFileName}".
             This reference is not "CopyLocal" because at least one source item had "Private" set to "false" and no source items had "Private" set to "true".
         Primary reference "Microsoft.Extensions.Configuration.Xml, Version=8.0.0.0, Culture=neutral, PublicKeyToken=adb9793829ddae60".
             Resolved file path is "C:\Program Files\dotnet\packs\Microsoft.AspNetCore.App.Ref\8.0.24\ref\net8.0\Microsoft.Extensions.Configuration.Xml.dll".
             Reference found at search path location "{RawFileName}".
             This reference is not "CopyLocal" because at least one source item had "Private" set to "false" and no source items had "Private" set to "true".
         Primary reference "Microsoft.Extensions.Configuration, Version=8.0.0.0, Culture=neutral, PublicKeyToken=adb9793829ddae60".
             Resolved file path is "C:\Program Files\dotnet\packs\Microsoft.AspNetCore.App.Ref\8.0.24\ref\net8.0\Microsoft.Extensions.Configuration.dll".
             Reference found at search path location "{RawFileName}".
             This reference is not "CopyLocal" because at least one source item had "Private" set to "false" and no source items had "Private" set to "true".
         Primary reference "Microsoft.Extensions.DependencyInjection, Version=8.0.0.0, Culture=neutral, PublicKeyToken=adb9793829ddae60".
             Resolved file path is "C:\Program Files\dotnet\packs\Microsoft.AspNetCore.App.Ref\8.0.24\ref\net8.0\Microsoft.Extensions.DependencyInjection.dll".
             Reference found at search path location "{RawFileName}".
             This reference is not "CopyLocal" because at least one source item had "Private" set to "false" and no source items had "Private" set to "true".
         Primary reference "Microsoft.Extensions.Diagnostics.Abstractions, Version=8.0.0.0, Culture=neutral, PublicKeyToken=adb9793829ddae60".
             Resolved file path is "C:\Program Files\dotnet\packs\Microsoft.AspNetCore.App.Ref\8.0.24\ref\net8.0\Microsoft.Extensions.Diagnostics.Abstractions.dll".
             Reference found at search path location "{RawFileName}".
             This reference is not "CopyLocal" because at least one source item had "Private" set to "false" and no source items had "Private" set to "true".
         Primary reference "Microsoft.Extensions.Diagnostics.HealthChecks.Abstractions, Version=8.0.0.0, Culture=neutral, PublicKeyToken=adb9793829ddae60".
             Resolved file path is "C:\Program Files\dotnet\packs\Microsoft.AspNetCore.App.Ref\8.0.24\ref\net8.0\Microsoft.Extensions.Diagnostics.HealthChecks.Abstractions.dll".
             Reference found at search path location "{RawFileName}".
             This reference is not "CopyLocal" because at least one source item had "Private" set to "false" and no source items had "Private" set to "true".
         Primary reference "Microsoft.Extensions.Diagnostics.HealthChecks, Version=8.0.0.0, Culture=neutral, PublicKeyToken=adb9793829ddae60".
             Resolved file path is "C:\Program Files\dotnet\packs\Microsoft.AspNetCore.App.Ref\8.0.24\ref\net8.0\Microsoft.Extensions.Diagnostics.HealthChecks.dll".
             Reference found at search path location "{RawFileName}".
             This reference is not "CopyLocal" because at least one source item had "Private" set to "false" and no source items had "Private" set to "true".
         Primary reference "Microsoft.Extensions.Diagnostics, Version=8.0.0.0, Culture=neutral, PublicKeyToken=adb9793829ddae60".
             Resolved file path is "C:\Program Files\dotnet\packs\Microsoft.AspNetCore.App.Ref\8.0.24\ref\net8.0\Microsoft.Extensions.Diagnostics.dll".
             Reference found at search path location "{RawFileName}".
             This reference is not "CopyLocal" because at least one source item had "Private" set to "false" and no source items had "Private" set to "true".
         Primary reference "Microsoft.Extensions.Features, Version=8.0.0.0, Culture=neutral, PublicKeyToken=adb9793829ddae60".
             Resolved file path is "C:\Program Files\dotnet\packs\Microsoft.AspNetCore.App.Ref\8.0.24\ref\net8.0\Microsoft.Extensions.Features.dll".
             Reference found at search path location "{RawFileName}".
             This reference is not "CopyLocal" because at least one source item had "Private" set to "false" and no source items had "Private" set to "true".
         Primary reference "Microsoft.Extensions.FileProviders.Abstractions, Version=8.0.0.0, Culture=neutral, PublicKeyToken=adb9793829ddae60".
             Resolved file path is "C:\Program Files\dotnet\packs\Microsoft.AspNetCore.App.Ref\8.0.24\ref\net8.0\Microsoft.Extensions.FileProviders.Abstractions.dll".
             Reference found at search path location "{RawFileName}".
             This reference is not "CopyLocal" because at least one source item had "Private" set to "false" and no source items had "Private" set to "true".
         Primary reference "Microsoft.Extensions.FileProviders.Composite, Version=8.0.0.0, Culture=neutral, PublicKeyToken=adb9793829ddae60".
             Resolved file path is "C:\Program Files\dotnet\packs\Microsoft.AspNetCore.App.Ref\8.0.24\ref\net8.0\Microsoft.Extensions.FileProviders.Composite.dll".
             Reference found at search path location "{RawFileName}".
             This reference is not "CopyLocal" because at least one source item had "Private" set to "false" and no source items had "Private" set to "true".
         Primary reference "Microsoft.Extensions.FileProviders.Embedded, Version=8.0.0.0, Culture=neutral, PublicKeyToken=adb9793829ddae60".
             Resolved file path is "C:\Program Files\dotnet\packs\Microsoft.AspNetCore.App.Ref\8.0.24\ref\net8.0\Microsoft.Extensions.FileProviders.Embedded.dll".
             Reference found at search path location "{RawFileName}".
             This reference is not "CopyLocal" because at least one source item had "Private" set to "false" and no source items had "Private" set to "true".
         Primary reference "Microsoft.Extensions.FileProviders.Physical, Version=8.0.0.0, Culture=neutral, PublicKeyToken=adb9793829ddae60".
             Resolved file path is "C:\Program Files\dotnet\packs\Microsoft.AspNetCore.App.Ref\8.0.24\ref\net8.0\Microsoft.Extensions.FileProviders.Physical.dll".
             Reference found at search path location "{RawFileName}".
             This reference is not "CopyLocal" because at least one source item had "Private" set to "false" and no source items had "Private" set to "true".
         Primary reference "Microsoft.Extensions.FileSystemGlobbing, Version=8.0.0.0, Culture=neutral, PublicKeyToken=adb9793829ddae60".
             Resolved file path is "C:\Program Files\dotnet\packs\Microsoft.AspNetCore.App.Ref\8.0.24\ref\net8.0\Microsoft.Extensions.FileSystemGlobbing.dll".
             Reference found at search path location "{RawFileName}".
             This reference is not "CopyLocal" because at least one source item had "Private" set to "false" and no source items had "Private" set to "true".
         Primary reference "Microsoft.Extensions.Hosting.Abstractions, Version=8.0.0.0, Culture=neutral, PublicKeyToken=adb9793829ddae60".
             Resolved file path is "C:\Program Files\dotnet\packs\Microsoft.AspNetCore.App.Ref\8.0.24\ref\net8.0\Microsoft.Extensions.Hosting.Abstractions.dll".
             Reference found at search path location "{RawFileName}".
             This reference is not "CopyLocal" because at least one source item had "Private" set to "false" and no source items had "Private" set to "true".
         Primary reference "Microsoft.Extensions.Hosting, Version=8.0.0.0, Culture=neutral, PublicKeyToken=adb9793829ddae60".
             Resolved file path is "C:\Program Files\dotnet\packs\Microsoft.AspNetCore.App.Ref\8.0.24\ref\net8.0\Microsoft.Extensions.Hosting.dll".
             Reference found at search path location "{RawFileName}".
             This reference is not "CopyLocal" because at least one source item had "Private" set to "false" and no source items had "Private" set to "true".
         Primary reference "Microsoft.Extensions.Http, Version=8.0.0.0, Culture=neutral, PublicKeyToken=adb9793829ddae60".
             Resolved file path is "C:\Program Files\dotnet\packs\Microsoft.AspNetCore.App.Ref\8.0.24\ref\net8.0\Microsoft.Extensions.Http.dll".
             Reference found at search path location "{RawFileName}".
             This reference is not "CopyLocal" because at least one source item had "Private" set to "false" and no source items had "Private" set to "true".
         Primary reference "Microsoft.Extensions.Identity.Core, Version=8.0.0.0, Culture=neutral, PublicKeyToken=adb9793829ddae60".
             Resolved file path is "C:\Program Files\dotnet\packs\Microsoft.AspNetCore.App.Ref\8.0.24\ref\net8.0\Microsoft.Extensions.Identity.Core.dll".
             Reference found at search path location "{RawFileName}".
             This reference is not "CopyLocal" because at least one source item had "Private" set to "false" and no source items had "Private" set to "true".
         Primary reference "Microsoft.Extensions.Identity.Stores, Version=8.0.0.0, Culture=neutral, PublicKeyToken=adb9793829ddae60".
             Resolved file path is "C:\Program Files\dotnet\packs\Microsoft.AspNetCore.App.Ref\8.0.24\ref\net8.0\Microsoft.Extensions.Identity.Stores.dll".
             Reference found at search path location "{RawFileName}".
             This reference is not "CopyLocal" because at least one source item had "Private" set to "false" and no source items had "Private" set to "true".
         Primary reference "Microsoft.Extensions.Localization.Abstractions, Version=8.0.0.0, Culture=neutral, PublicKeyToken=adb9793829ddae60".
             Resolved file path is "C:\Program Files\dotnet\packs\Microsoft.AspNetCore.App.Ref\8.0.24\ref\net8.0\Microsoft.Extensions.Localization.Abstractions.dll".
             Reference found at search path location "{RawFileName}".
             This reference is not "CopyLocal" because at least one source item had "Private" set to "false" and no source items had "Private" set to "true".
         Primary reference "Microsoft.Extensions.Localization, Version=8.0.0.0, Culture=neutral, PublicKeyToken=adb9793829ddae60".
             Resolved file path is "C:\Program Files\dotnet\packs\Microsoft.AspNetCore.App.Ref\8.0.24\ref\net8.0\Microsoft.Extensions.Localization.dll".
             Reference found at search path location "{RawFileName}".
             This reference is not "CopyLocal" because at least one source item had "Private" set to "false" and no source items had "Private" set to "true".
         Primary reference "Microsoft.Extensions.Logging.Configuration, Version=8.0.0.0, Culture=neutral, PublicKeyToken=adb9793829ddae60".
             Resolved file path is "C:\Program Files\dotnet\packs\Microsoft.AspNetCore.App.Ref\8.0.24\ref\net8.0\Microsoft.Extensions.Logging.Configuration.dll".
             Reference found at search path location "{RawFileName}".
             This reference is not "CopyLocal" because at least one source item had "Private" set to "false" and no source items had "Private" set to "true".
         Primary reference "Microsoft.Extensions.Logging.Console, Version=8.0.0.0, Culture=neutral, PublicKeyToken=adb9793829ddae60".
             Resolved file path is "C:\Program Files\dotnet\packs\Microsoft.AspNetCore.App.Ref\8.0.24\ref\net8.0\Microsoft.Extensions.Logging.Console.dll".
             Reference found at search path location "{RawFileName}".
             This reference is not "CopyLocal" because at least one source item had "Private" set to "false" and no source items had "Private" set to "true".
         Primary reference "Microsoft.Extensions.Logging.Debug, Version=8.0.0.0, Culture=neutral, PublicKeyToken=adb9793829ddae60".
             Resolved file path is "C:\Program Files\dotnet\packs\Microsoft.AspNetCore.App.Ref\8.0.24\ref\net8.0\Microsoft.Extensions.Logging.Debug.dll".
             Reference found at search path location "{RawFileName}".
             This reference is not "CopyLocal" because at least one source item had "Private" set to "false" and no source items had "Private" set to "true".
         Primary reference "Microsoft.Extensions.Logging.EventLog, Version=8.0.0.0, Culture=neutral, PublicKeyToken=adb9793829ddae60".
             Resolved file path is "C:\Program Files\dotnet\packs\Microsoft.AspNetCore.App.Ref\8.0.24\ref\net8.0\Microsoft.Extensions.Logging.EventLog.dll".
             Reference found at search path location "{RawFileName}".
             This reference is not "CopyLocal" because at least one source item had "Private" set to "false" and no source items had "Private" set to "true".
         Primary reference "Microsoft.Extensions.Logging.EventSource, Version=8.0.0.0, Culture=neutral, PublicKeyToken=adb9793829ddae60".
             Resolved file path is "C:\Program Files\dotnet\packs\Microsoft.AspNetCore.App.Ref\8.0.24\ref\net8.0\Microsoft.Extensions.Logging.EventSource.dll".
             Reference found at search path location "{RawFileName}".
             This reference is not "CopyLocal" because at least one source item had "Private" set to "false" and no source items had "Private" set to "true".
         Primary reference "Microsoft.Extensions.Logging.TraceSource, Version=8.0.0.0, Culture=neutral, PublicKeyToken=adb9793829ddae60".
             Resolved file path is "C:\Program Files\dotnet\packs\Microsoft.AspNetCore.App.Ref\8.0.24\ref\net8.0\Microsoft.Extensions.Logging.TraceSource.dll".
             Reference found at search path location "{RawFileName}".
             This reference is not "CopyLocal" because at least one source item had "Private" set to "false" and no source items had "Private" set to "true".
         Primary reference "Microsoft.Extensions.Logging, Version=8.0.0.0, Culture=neutral, PublicKeyToken=adb9793829ddae60".
             Resolved file path is "C:\Program Files\dotnet\packs\Microsoft.AspNetCore.App.Ref\8.0.24\ref\net8.0\Microsoft.Extensions.Logging.dll".
             Reference found at search path location "{RawFileName}".
             This reference is not "CopyLocal" because at least one source item had "Private" set to "false" and no source items had "Private" set to "true".
         Primary reference "Microsoft.Extensions.ObjectPool, Version=8.0.0.0, Culture=neutral, PublicKeyToken=adb9793829ddae60".
             Resolved file path is "C:\Program Files\dotnet\packs\Microsoft.AspNetCore.App.Ref\8.0.24\ref\net8.0\Microsoft.Extensions.ObjectPool.dll".
             Reference found at search path location "{RawFileName}".
             This reference is not "CopyLocal" because at least one source item had "Private" set to "false" and no source items had "Private" set to "true".
         Primary reference "Microsoft.Extensions.Options.ConfigurationExtensions, Version=8.0.0.0, Culture=neutral, PublicKeyToken=adb9793829ddae60".
             Resolved file path is "C:\Program Files\dotnet\packs\Microsoft.AspNetCore.App.Ref\8.0.24\ref\net8.0\Microsoft.Extensions.Options.ConfigurationExtensions.dll".
             Reference found at search path location "{RawFileName}".
             This reference is not "CopyLocal" because at least one source item had "Private" set to "false" and no source items had "Private" set to "true".
         Primary reference "Microsoft.Extensions.Options.DataAnnotations, Version=8.0.0.0, Culture=neutral, PublicKeyToken=adb9793829ddae60".
             Resolved file path is "C:\Program Files\dotnet\packs\Microsoft.AspNetCore.App.Ref\8.0.24\ref\net8.0\Microsoft.Extensions.Options.DataAnnotations.dll".
             Reference found at search path location "{RawFileName}".
             This reference is not "CopyLocal" because at least one source item had "Private" set to "false" and no source items had "Private" set to "true".
         Primary reference "Microsoft.Extensions.Options, Version=8.0.0.0, Culture=neutral, PublicKeyToken=adb9793829ddae60".
             Resolved file path is "C:\Program Files\dotnet\packs\Microsoft.AspNetCore.App.Ref\8.0.24\ref\net8.0\Microsoft.Extensions.Options.dll".
             Reference found at search path location "{RawFileName}".
             This reference is not "CopyLocal" because at least one source item had "Private" set to "false" and no source items had "Private" set to "true".
         Primary reference "Microsoft.Extensions.Primitives, Version=8.0.0.0, Culture=neutral, PublicKeyToken=adb9793829ddae60".
             Resolved file path is "C:\Program Files\dotnet\packs\Microsoft.AspNetCore.App.Ref\8.0.24\ref\net8.0\Microsoft.Extensions.Primitives.dll".
             Reference found at search path location "{RawFileName}".
             This reference is not "CopyLocal" because at least one source item had "Private" set to "false" and no source items had "Private" set to "true".
         Primary reference "Microsoft.Extensions.WebEncoders, Version=8.0.0.0, Culture=neutral, PublicKeyToken=adb9793829ddae60".
             Resolved file path is "C:\Program Files\dotnet\packs\Microsoft.AspNetCore.App.Ref\8.0.24\ref\net8.0\Microsoft.Extensions.WebEncoders.dll".
             Reference found at search path location "{RawFileName}".
             This reference is not "CopyLocal" because at least one source item had "Private" set to "false" and no source items had "Private" set to "true".
         Primary reference "Microsoft.JSInterop, Version=8.0.0.0, Culture=neutral, PublicKeyToken=adb9793829ddae60".
             Resolved file path is "C:\Program Files\dotnet\packs\Microsoft.AspNetCore.App.Ref\8.0.24\ref\net8.0\Microsoft.JSInterop.dll".
             Reference found at search path location "{RawFileName}".
             This reference is not "CopyLocal" because at least one source item had "Private" set to "false" and no source items had "Private" set to "true".
         Primary reference "Microsoft.Net.Http.Headers, Version=8.0.0.0, Culture=neutral, PublicKeyToken=adb9793829ddae60".
             Resolved file path is "C:\Program Files\dotnet\packs\Microsoft.AspNetCore.App.Ref\8.0.24\ref\net8.0\Microsoft.Net.Http.Headers.dll".
             Reference found at search path location "{RawFileName}".
             This reference is not "CopyLocal" because at least one source item had "Private" set to "false" and no source items had "Private" set to "true".
         Primary reference "System.Diagnostics.EventLog, Version=8.0.0.0, Culture=neutral, PublicKeyToken=cc7b13ffcd2ddd51".
             Resolved file path is "C:\Program Files\dotnet\packs\Microsoft.AspNetCore.App.Ref\8.0.24\ref\net8.0\System.Diagnostics.EventLog.dll".
             Reference found at search path location "{RawFileName}".
             This reference is not "CopyLocal" because at least one source item had "Private" set to "false" and no source items had "Private" set to "true".
         Primary reference "System.IO.Pipelines, Version=8.0.0.0, Culture=neutral, PublicKeyToken=cc7b13ffcd2ddd51".
             Resolved file path is "C:\Program Files\dotnet\packs\Microsoft.AspNetCore.App.Ref\8.0.24\ref\net8.0\System.IO.Pipelines.dll".
             Reference found at search path location "{RawFileName}".
             This reference is not "CopyLocal" because at least one source item had "Private" set to "false" and no source items had "Private" set to "true".
         Primary reference "System.Security.Cryptography.Xml, Version=8.0.0.0, Culture=neutral, PublicKeyToken=cc7b13ffcd2ddd51".
             Resolved file path is "C:\Program Files\dotnet\packs\Microsoft.AspNetCore.App.Ref\8.0.24\ref\net8.0\System.Security.Cryptography.Xml.dll".
             Reference found at search path location "{RawFileName}".
             This reference is not "CopyLocal" because at least one source item had "Private" set to "false" and no source items had "Private" set to "true".
         Primary reference "System.Threading.RateLimiting, Version=8.0.0.0, Culture=neutral, PublicKeyToken=cc7b13ffcd2ddd51".
             Resolved file path is "C:\Program Files\dotnet\packs\Microsoft.AspNetCore.App.Ref\8.0.24\ref\net8.0\System.Threading.RateLimiting.dll".
             Reference found at search path location "{RawFileName}".
             This reference is not "CopyLocal" because at least one source item had "Private" set to "false" and no source items had "Private" set to "true".
       Done executing task "ResolveAssemblyReference".
   2:6>Done building target "ResolveAssemblyReferences" in project "RobotControllerApp.csproj".
   2:6>Target "AfterResolveReferences" in file "C:\Program Files\dotnet\sdk\10.0.103\Microsoft.Common.CurrentVersion.targets" from project "C:\Users\Damien Mazeas\Desktop\portfolio\Orange\RobotControllerApp\RobotControllerApp.csproj" (target "ResolveReferences" depends on it):
   2:6>Done building target "AfterResolveReferences" in project "RobotControllerApp.csproj".
       Target "ResolveAssemblyReferences" skipped. Previously built successfully.
   2:6>Target "WindowsAppSDKVerifyCsWinRtVersions" in file "C:\NuGetPackages\microsoft.windowsappsdk.base\1.8.251216001\buildTransitive\Microsoft.WindowsAppSDK.Base.targets" from project "C:\Users\Damien Mazeas\Desktop\portfolio\Orange\RobotControllerApp\RobotControllerApp.csproj" (target "ResolveReferences" depends on it):
   2:6>Done building target "WindowsAppSDKVerifyCsWinRtVersions" in project "RobotControllerApp.csproj".
   2:6>Target "ResolveReferences" in file "C:\Program Files\dotnet\sdk\10.0.103\Microsoft.Common.CurrentVersion.targets" from project "C:\Users\Damien Mazeas\Desktop\portfolio\Orange\RobotControllerApp\RobotControllerApp.csproj" (target "_BlockWinMDsOnUnsupportedTFMs" depends on it):
   2:6>Done building target "ResolveReferences" in project "RobotControllerApp.csproj".
   2:6>Target "_BlockWinMDsOnUnsupportedTFMs" in file "C:\Program Files\dotnet\sdk\10.0.103\Sdks\Microsoft.NET.Sdk\targets\Microsoft.NET.Sdk.targets" from project "C:\Users\Damien Mazeas\Desktop\portfolio\Orange\RobotControllerApp\RobotControllerApp.csproj" (target "CoreBuild" depends on it):
       Using "CheckForUnsupportedWinMDReferences" task from assembly "C:\Program Files\dotnet\sdk\10.0.103\Sdks\Microsoft.NET.Sdk\targets\..\tools\net10.0\Microsoft.NET.Build.Tasks.dll".
       Task "CheckForUnsupportedWinMDReferences"
       Done executing task "CheckForUnsupportedWinMDReferences".
   2:6>Done building target "_BlockWinMDsOnUnsupportedTFMs" in project "RobotControllerApp.csproj".
       Target "ResolveReferences" skipped. Previously built successfully.
       Target "ResolvePackageDependenciesForBuild" skipped. Previously built successfully.
       Target "_HandlePackageFileConflicts" skipped. Previously built successfully.
       Target "AddImplicitDefineConstants" skipped. Previously built successfully.
   2:6>Target "GetVCInstallPath" in file "C:\NuGetPackages\microsoft.windowsappsdk.winui\1.8.260204000\buildTransitive\Microsoft.UI.Xaml.Markup.Compiler.interop.targets" from project "C:\Users\Damien Mazeas\Desktop\portfolio\Orange\RobotControllerApp\RobotControllerApp.csproj" (target "MarkupCompilePass1" depends on it):
   2:6>Done building target "GetVCInstallPath" in project "RobotControllerApp.csproj".
   2:6>Target "GetPriIndexName" in file "C:\NuGetPackages\microsoft.windowsappsdk.winui\1.8.260204000\buildTransitive\Microsoft.UI.Xaml.Markup.Compiler.interop.targets" from project "C:\Users\Damien Mazeas\Desktop\portfolio\Orange\RobotControllerApp\RobotControllerApp.csproj" (target "MarkupCompilePass1" depends on it):
   2:6>Done building target "GetPriIndexName" in project "RobotControllerApp.csproj".
   2:6>Target "GetPrecompiledHeaderFile" in file "C:\NuGetPackages\microsoft.windowsappsdk.winui\1.8.260204000\buildTransitive\Microsoft.UI.Xaml.Markup.Compiler.interop.targets" from project "C:\Users\Damien Mazeas\Desktop\portfolio\Orange\RobotControllerApp\RobotControllerApp.csproj" (target "MarkupCompilePass1" depends on it):
   2:6>Done building target "GetPrecompiledHeaderFile" in project "RobotControllerApp.csproj".
   2:6>Target "_OverrideGetPriIndexName" in file "C:\NuGetPackages\microsoft.windowsappsdk.base\1.8.251216001\buildTransitive\Microsoft.WindowsAppSDK.SelfContained.targets" from project "C:\Users\Damien Mazeas\Desktop\portfolio\Orange\RobotControllerApp\RobotControllerApp.csproj" (target "MarkupCompilePass1" depends on it):
   2:6>Done building target "_OverrideGetPriIndexName" in project "RobotControllerApp.csproj".
   2:6>Target "MarkupCompilePass1" in file "C:\NuGetPackages\microsoft.windowsappsdk.winui\1.8.260204000\buildTransitive\Microsoft.UI.Xaml.Markup.Compiler.interop.targets" from project "C:\Users\Damien Mazeas\Desktop\portfolio\Orange\RobotControllerApp\RobotControllerApp.csproj" (target "PrepareResources" depends on it):
       Task "MakeDir"
       Done executing task "MakeDir".
       Assembly loaded during TaskRun: Microsoft.UI.Xaml.Markup.Compiler.IO, Version=3.0.0.2602, Culture=neutral, PublicKeyToken=de31ebe4ad15742b (location: C:\NuGetPackages\microsoft.windowsappsdk.winui\1.8.260204000\tools\net6.0\Microsoft.UI.Xaml.Markup.Compiler.IO.dll, MVID: fe57a96f-6581-4ae7-a551-fdfef15acb61, AssemblyLoadContext: MSBuild plugin C:\NuGetPackages\microsoft.windowsappsdk.winui\1.8.260204000\tools\net6.0\Microsoft.UI.Xaml.Markup.Compiler.IO.dll)
       Assembly loaded during TaskRun: Microsoft.UI.Xaml.Markup.Compiler.MSBuildInterop, Version=3.0.0.2602, Culture=neutral, PublicKeyToken=de31ebe4ad15742b (location: C:\NuGetPackages\microsoft.windowsappsdk.winui\1.8.260204000\tools\net6.0\Microsoft.UI.Xaml.Markup.Compiler.MSBuildInterop.dll, MVID: 7e5ecee1-b719-4813-8ec7-fe2119b9fadd, AssemblyLoadContext: MSBuild plugin C:\NuGetPackages\microsoft.windowsappsdk.winui\1.8.260204000\tools\net6.0\Microsoft.UI.Xaml.Markup.Compiler.IO.dll)
       Using "InputSerializer" task from assembly "C:\NuGetPackages\microsoft.windowsappsdk.winui\1.8.260204000\buildTransitive\..\tools\net6.0\Microsoft.UI.Xaml.Markup.Compiler.IO.dll".
       Task "InputSerializer"
         Assembly loaded during TaskRun (Microsoft.UI.Xaml.Markup.Compiler.IO.InputSerializer): System.Text.Json, Version=6.0.0.0, Culture=neutral, PublicKeyToken=cc7b13ffcd2ddd51 (location: C:\NuGetPackages\microsoft.windowsappsdk.winui\1.8.260204000\tools\net6.0\System.Text.Json.dll, MVID: 18286260-1922-4a47-ab1c-75627396fd30, AssemblyLoadContext: MSBuild plugin C:\NuGetPackages\microsoft.windowsappsdk.winui\1.8.260204000\tools\net6.0\Microsoft.UI.Xaml.Markup.Compiler.IO.dll)
         Assembly loaded during TaskRun (Microsoft.UI.Xaml.Markup.Compiler.IO.InputSerializer): Microsoft.Bcl.AsyncInterfaces, Version=6.0.0.0, Culture=neutral, PublicKeyToken=cc7b13ffcd2ddd51 (location: C:\NuGetPackages\microsoft.windowsappsdk.winui\1.8.260204000\tools\net6.0\Microsoft.Bcl.AsyncInterfaces.dll, MVID: b2422c07-7a9d-4584-af3f-f1d7011f6a5a, AssemblyLoadContext: MSBuild plugin C:\NuGetPackages\microsoft.windowsappsdk.winui\1.8.260204000\tools\net6.0\Microsoft.UI.Xaml.Markup.Compiler.IO.dll)
         Assembly loaded during TaskRun (Microsoft.UI.Xaml.Markup.Compiler.IO.InputSerializer): System.Text.Encodings.Web, Version=6.0.0.0, Culture=neutral, PublicKeyToken=cc7b13ffcd2ddd51 (location: C:\NuGetPackages\microsoft.windowsappsdk.winui\1.8.260204000\tools\net6.0\System.Text.Encodings.Web.dll, MVID: c7521d8a-f0e7-4fc7-b157-923bd9b7a91e, AssemblyLoadContext: MSBuild plugin C:\NuGetPackages\microsoft.windowsappsdk.winui\1.8.260204000\tools\net6.0\Microsoft.UI.Xaml.Markup.Compiler.IO.dll)
         Assembly loaded during TaskRun (Microsoft.UI.Xaml.Markup.Compiler.IO.InputSerializer): mscorlib, Version=4.0.0.0, Culture=neutral, PublicKeyToken=b77a5c561934e089 (location: C:\Program Files\dotnet\shared\Microsoft.NETCore.App\10.0.3\mscorlib.dll, MVID: 46f9dd06-e6cb-4ab9-b60e-da8c0dc3be7a, AssemblyLoadContext: Default)
         Assembly loaded during TaskRun (Microsoft.UI.Xaml.Markup.Compiler.IO.InputSerializer): System.Core, Version=4.0.0.0, Culture=neutral, PublicKeyToken=b77a5c561934e089 (location: C:\Program Files\dotnet\shared\Microsoft.NETCore.App\10.0.3\System.Core.dll, MVID: 62a4eec9-2537-4e27-a2ec-e1db511bb448, AssemblyLoadContext: Default)
         Assembly loaded during TaskRun (Microsoft.UI.Xaml.Markup.Compiler.IO.InputSerializer): System.Threading.Tasks.Extensions, Version=10.0.0.0, Culture=neutral, PublicKeyToken=cc7b13ffcd2ddd51 (location: C:\Program Files\dotnet\shared\Microsoft.NETCore.App\10.0.3\System.Threading.Tasks.Extensions.dll, MVID: 31ac7272-1513-4dc9-acb8-dfdb0261156a, AssemblyLoadContext: Default)
         Assembly loaded during TaskRun (Microsoft.UI.Xaml.Markup.Compiler.IO.InputSerializer): System.Buffers, Version=10.0.0.0, Culture=neutral, PublicKeyToken=cc7b13ffcd2ddd51 (location: C:\Program Files\dotnet\shared\Microsoft.NETCore.App\10.0.3\System.Buffers.dll, MVID: 500ffe6e-a05e-41d0-937d-c848b56320ed, AssemblyLoadContext: Default)
       Done executing task "InputSerializer".
       Using "Exec" task from assembly "Microsoft.Build.Tasks.Core, Version=15.1.0.0, Culture=neutral, PublicKeyToken=b03f5f7f11d50a3a".
       Task "Exec"
         "C:\NuGetPackages\microsoft.windowsappsdk.winui\1.8.260204000\buildTransitive\..\tools\net6.0\..\net472\XamlCompiler.exe" "obj\ARM64\Debug\net8.0-windows10.0.19041.0\win-arm64\\input.json" "obj\ARM64\Debug\net8.0-windows10.0.19041.0\win-arm64\\output.json"
   2:6>C:\NuGetPackages\microsoft.windowsappsdk.winui\1.8.260204000\buildTransitive\Microsoft.UI.Xaml.Markup.Compiler.interop.targets(594,9): error MSB3073: The command ""C:\NuGetPackages\microsoft.windowsappsdk.winui\1.8.260204000\buildTransitive\..\tools\net6.0\..\net472\XamlCompiler.exe" "obj\ARM64\Debug\net8.0-windows10.0.19041.0\win-arm64\\input.json" "obj\ARM64\Debug\net8.0-windows10.0.19041.0\win-arm64\\output.json"" exited with code 1. [C:\Users\Damien Mazeas\Desktop\portfolio\Orange\RobotControllerApp\RobotControllerApp.csproj]
       Done executing task "Exec" -- FAILED.
   2:6>Done building target "MarkupCompilePass1" in project "RobotControllerApp.csproj" -- FAILED.
   2:6>Target "_CheckForCompileOutputs" in file "C:\Program Files\dotnet\sdk\10.0.103\Microsoft.Common.CurrentVersion.targets" from project "C:\Users\Damien Mazeas\Desktop\portfolio\Orange\RobotControllerApp\RobotControllerApp.csproj" (target "_CleanGetCurrentAndPriorFileWrites" depends on it):
   2:6>Done building target "_CheckForCompileOutputs" in project "RobotControllerApp.csproj".
   2:6>Target "_CleanGetCurrentAndPriorFileWrites" in file "C:\Program Files\dotnet\sdk\10.0.103\Microsoft.Common.CurrentVersion.targets" from project "C:\Users\Damien Mazeas\Desktop\portfolio\Orange\RobotControllerApp\RobotControllerApp.csproj" (target "_CleanRecordFileWrites" depends on it):
       Using "ReadLinesFromFile" task from assembly "Microsoft.Build.Tasks.Core, Version=15.1.0.0, Culture=neutral, PublicKeyToken=b03f5f7f11d50a3a".
       Task "ReadLinesFromFile"
       Done executing task "ReadLinesFromFile".
       Task "ConvertToAbsolutePath"
       Done executing task "ConvertToAbsolutePath".
       Using "FindUnderPath" task from assembly "Microsoft.Build.Tasks.Core, Version=15.1.0.0, Culture=neutral, PublicKeyToken=b03f5f7f11d50a3a".
       Task "FindUnderPath"
         Comparison path is "C:\Users\Damien Mazeas\Desktop\portfolio\Orange\RobotControllerApp".
       Done executing task "FindUnderPath".
       Task "FindUnderPath"
         Comparison path is "bin\ARM64\Debug\net8.0-windows10.0.19041.0\win-arm64\".
       Done executing task "FindUnderPath".
       Task "FindUnderPath"
         Comparison path is "obj\ARM64\Debug\net8.0-windows10.0.19041.0\win-arm64\".
       Done executing task "FindUnderPath".
       Task "RemoveDuplicates"
       Done executing task "RemoveDuplicates".
   2:6>Done building target "_CleanGetCurrentAndPriorFileWrites" in project "RobotControllerApp.csproj".
   2:6>Target "_CleanRecordFileWrites" in file "C:\Program Files\dotnet\sdk\10.0.103\Microsoft.Common.CurrentVersion.targets" from project "C:\Users\Damien Mazeas\Desktop\portfolio\Orange\RobotControllerApp\RobotControllerApp.csproj" (target "CoreBuild" depends on it):
       Task "RemoveDuplicates"
       Done executing task "RemoveDuplicates".
       Task "MakeDir"
       Done executing task "MakeDir".
       Using "WriteLinesToFile" task from assembly "Microsoft.Build.Tasks.Core, Version=15.1.0.0, Culture=neutral, PublicKeyToken=b03f5f7f11d50a3a".
       Task "WriteLinesToFile"
         Skipping write to file "obj\ARM64\Debug\net8.0-windows10.0.19041.0\win-arm64\RobotControllerApp.csproj.FileListAbsolute.txt" because content would not change.
       Done executing task "WriteLinesToFile".
   2:6>Done building target "_CleanRecordFileWrites" in project "RobotControllerApp.csproj".
   2:6>Done Building Project "C:\Users\Damien Mazeas\Desktop\portfolio\Orange\RobotControllerApp\RobotControllerApp.csproj" (default targets) -- FAILED.
   1:2>Done executing task "MSBuild" -- FAILED.
   1:2>Done building target "Build" in project "RobotControllerApp.slnx" -- FAILED.
   1:2>Done Building Project "C:\Users\Damien Mazeas\Desktop\portfolio\Orange\RobotControllerApp\RobotControllerApp.slnx" (default targets) -- FAILED.

Build FAILED.

       "C:\Users\Damien Mazeas\Desktop\portfolio\Orange\RobotControllerApp\RobotControllerApp.slnx" (default target) (1:2) ->
       "C:\Users\Damien Mazeas\Desktop\portfolio\Orange\RobotControllerApp\RobotControllerApp.csproj" (default target) (2:6) ->
       (MarkupCompilePass1 target) -> 
         C:\NuGetPackages\microsoft.windowsappsdk.winui\1.8.260204000\buildTransitive\Microsoft.UI.Xaml.Markup.Compiler.interop.targets(594,9): error MSB3073: The command ""C:\NuGetPackages\microsoft.windowsappsdk.winui\1.8.260204000\buildTransitive\..\tools\net6.0\..\net472\XamlCompiler.exe" "obj\ARM64\Debug\net8.0-windows10.0.19041.0\win-arm64\\input.json" "obj\ARM64\Debug\net8.0-windows10.0.19041.0\win-arm64\\output.json"" exited with code 1. [C:\Users\Damien Mazeas\Desktop\portfolio\Orange\RobotControllerApp\RobotControllerApp.csproj]

    0 Warning(s)
    1 Error(s)

Time Elapsed 00:00:08.17
